;Tabela 3.1 - Inscritos em estabelecimentos de ensino superior residentes em Portugal por concelho do estabelecimento de ensino superior e concelho da residência permanente do aluno, em 2017/18 - Todos os cursos/ciclos de estudos;;;;;;;;;;;;;;;;;;;;;;;;;;;;;;;;;;;;;;;;;;;;;;;;;;;;;;;;;;;;;;;;
;Abrantes;Águeda;Almada;Amadora;Amares;Angra do Heroísmo;Aveiro;Barcelos;Barreiro;Beja;Braga;Bragança;Caldas da Rainha;Cascais;Castelo Branco;Chaves;Coimbra;Covilhã;Elvas;Évora;Fafe;Faro;Felgueiras;Funchal;Guarda;Guimarães;Idanha-a-Nova;Lamego;Leiria;Lisboa;Maia;Marinha Grande;Matosinhos;Melgaço;Mirandela;Odivelas;Oeiras;Oliveira de Azeméis;Oliveira do Hospital;Paredes;Penafiel;Peniche;Ponta Delgada;Ponte de Lima;Portalegre;Portimão;Porto;Rio Maior;Santa Maria da Feira;Santarém;Santiago do Cacém;Seia;Setúbal;Silves;Sintra;Tomar;Torres Vedras;Valença;Viana do Castelo;Vila do Conde;Vila Nova de Cerveira;Vila Nova de Famalicão;Vila Nova de Gaia;Vila Real;Viseu
Abrantes; 102; 1; 31; 0; 0; 1; 20; 0; 1; 4; 3; 1; 8; 8; 56; 1; 109; 60; 1; 29; 0; 7; 0; 2; 4; 0; 7; 0; 47; 362; 0; 0; 1; 0; 1; 0; 9; 1; 0; 0; 0; 7; 0; 0; 19; 1; 17; 2; 0; 27; 0; 3; 4; 0; 0; 85; 0; 0; 0; 0; 0; 0; 0; 2; 5
Águeda; 1; 117; 7; 0; 0; 0; 285; 4; 0; 0; 13; 3; 7; 0; 13; 0; 368; 45; 0; 11; 0; 11; 1; 0; 22; 0; 3; 7; 30; 154; 1; 0; 7; 0; 1; 0; 5; 10; 6; 0; 0; 4; 0; 1; 1; 0; 121; 0; 1; 0; 0; 2; 3; 0; 0; 5; 0; 0; 1; 0; 0; 0; 13; 17; 94
Aguiar da Beira; 1; 0; 0; 0; 0; 0; 10; 0; 0; 0; 0; 2; 0; 0; 2; 0; 22; 17; 0; 0; 0; 0; 0; 0; 9; 0; 0; 2; 0; 6; 1; 0; 0; 0; 1; 0; 0; 0; 0; 0; 0; 0; 0; 0; 0; 0; 7; 0; 0; 0; 0; 0; 0; 0; 0; 1; 0; 0; 0; 0; 0; 0; 2; 4; 26
Alandroal; 0; 0; 6; 0; 0; 0; 0; 0; 1; 10; 0; 0; 0; 1; 2; 0; 2; 1; 6; 31; 0; 8; 0; 0; 1; 0; 0; 0; 0; 11; 0; 0; 0; 0; 0; 0; 0; 0; 0; 0; 0; 0; 0; 0; 3; 0; 0; 0; 0; 0; 0; 0; 2; 0; 0; 0; 0; 0; 0; 0; 0; 0; 0; 0; 0
Albergaria-a-Velha; 1; 39; 5; 0; 0; 0; 211; 1; 0; 0; 8; 1; 3; 0; 6; 0; 120; 28; 0; 0; 0; 1; 0; 0; 14; 0; 1; 1; 9; 55; 5; 0; 3; 0; 0; 0; 3; 16; 1; 1; 0; 0; 0; 0; 0; 0; 90; 0; 4; 0; 0; 0; 1; 0; 0; 2; 0; 0; 0; 0; 0; 0; 7; 9; 29
Albufeira; 0; 4; 23; 0; 0; 0; 7; 0; 0; 27; 4; 1; 4; 1; 5; 0; 30; 5; 1; 48; 0; 336; 0; 0; 2; 0; 0; 0; 7; 284; 5; 0; 2; 0; 2; 0; 14; 0; 1; 0; 0; 0; 1; 0; 2; 24; 17; 3; 0; 1; 0; 0; 11; 11; 1; 4; 0; 0; 0; 3; 0; 0; 6; 0; 4
Alcácer do Sal; 1; 0; 15; 0; 0; 0; 0; 0; 0; 24; 1; 0; 0; 1; 3; 0; 2; 5; 0; 36; 0; 6; 0; 0; 1; 0; 0; 0; 1; 74; 0; 0; 1; 0; 0; 0; 7; 0; 1; 0; 0; 0; 0; 0; 3; 2; 1; 0; 0; 0; 0; 0; 30; 0; 0; 0; 0; 0; 0; 0; 0; 0; 1; 0; 3
Alcanena; 0; 1; 6; 0; 0; 0; 9; 0; 0; 1; 2; 3; 2; 1; 6; 0; 33; 14; 0; 10; 0; 2; 0; 0; 0; 0; 1; 0; 46; 133; 0; 0; 1; 0; 0; 0; 12; 1; 1; 0; 0; 16; 0; 1; 3; 0; 7; 1; 0; 5; 0; 0; 0; 0; 0; 19; 0; 0; 0; 1; 0; 0; 0; 4; 1
Alcobaça; 3; 5; 45; 3; 0; 0; 51; 2; 0; 6; 9; 6; 62; 17; 23; 0; 173; 29; 2; 37; 0; 14; 0; 0; 6; 0; 0; 0; 468; 552; 0; 9; 1; 0; 1; 0; 23; 2; 1; 2; 0; 56; 0; 0; 7; 1; 29; 12; 0; 18; 0; 0; 4; 0; 0; 18; 0; 0; 1; 1; 0; 0; 0; 4; 9
Alcochete; 0; 0; 37; 2; 0; 0; 1; 0; 6; 3; 1; 0; 1; 9; 3; 0; 5; 3; 1; 15; 0; 5; 0; 0; 0; 0; 0; 0; 1; 408; 0; 0; 0; 0; 1; 4; 4; 0; 0; 0; 0; 0; 0; 0; 1; 0; 2; 0; 0; 1; 0; 1; 75; 0; 0; 2; 0; 0; 0; 0; 0; 0; 0; 0; 0
Alcoutim; 0; 0; 2; 0; 0; 0; 0; 0; 0; 8; 0; 0; 0; 0; 2; 0; 0; 1; 0; 3; 0; 26; 0; 0; 0; 0; 0; 0; 0; 9; 0; 0; 0; 0; 0; 0; 0; 0; 0; 0; 0; 0; 0; 0; 0; 1; 1; 0; 0; 0; 0; 0; 3; 0; 0; 0; 0; 0; 0; 0; 0; 0; 0; 0; 0
Alenquer; 1; 0; 44; 0; 0; 0; 4; 1; 0; 2; 0; 3; 10; 8; 4; 0; 14; 5; 1; 16; 0; 9; 1; 0; 1; 0; 1; 0; 19; 664; 0; 0; 0; 0; 0; 2; 24; 0; 0; 0; 0; 22; 0; 0; 2; 0; 5; 9; 0; 55; 0; 0; 6; 0; 4; 7; 3; 0; 0; 0; 0; 0; 0; 0; 2
Alfândega da Fé; 0; 0; 0; 0; 0; 0; 1; 1; 0; 0; 4; 46; 0; 0; 2; 0; 12; 6; 0; 3; 0; 0; 0; 0; 2; 0; 0; 0; 1; 6; 0; 0; 1; 0; 8; 0; 1; 0; 0; 0; 0; 0; 0; 0; 0; 0; 16; 0; 0; 0; 0; 1; 0; 0; 0; 0; 0; 0; 0; 0; 0; 0; 1; 9; 0
Alijó; 1; 0; 0; 0; 0; 0; 6; 0; 0; 0; 9; 43; 0; 0; 2; 0; 15; 4; 0; 3; 0; 1; 0; 1; 2; 0; 0; 4; 0; 16; 0; 0; 2; 0; 20; 0; 0; 0; 0; 1; 0; 0; 0; 0; 1; 0; 36; 0; 0; 0; 0; 0; 0; 0; 0; 0; 0; 0; 0; 0; 0; 0; 1; 92; 3
Aljezur; 0; 0; 6; 0; 0; 0; 1; 0; 0; 2; 2; 0; 0; 0; 1; 0; 9; 2; 0; 3; 0; 21; 0; 0; 0; 0; 0; 0; 0; 34; 0; 0; 0; 0; 0; 0; 1; 0; 0; 0; 0; 0; 0; 0; 1; 4; 2; 1; 0; 0; 0; 0; 2; 0; 0; 0; 0; 0; 0; 0; 0; 0; 0; 0; 1
Aljustrel; 0; 0; 12; 0; 0; 0; 0; 0; 0; 73; 0; 0; 0; 0; 4; 0; 4; 0; 0; 25; 0; 29; 0; 0; 0; 0; 0; 0; 0; 54; 0; 0; 0; 0; 1; 0; 1; 0; 0; 0; 0; 0; 0; 0; 1; 1; 2; 0; 0; 0; 0; 0; 7; 0; 0; 0; 0; 0; 0; 0; 0; 0; 0; 0; 0
Almada; 1; 1;1 162; 12; 0; 0; 14; 3; 35; 13; 10; 5; 16; 64; 18; 0; 24; 15; 2; 60; 0; 17; 0; 0; 3; 0; 0; 1; 7;3 361; 0; 0; 0; 0; 4; 5; 95; 0; 1; 0; 0; 10; 2; 0; 12; 1; 22; 1; 0; 7; 0; 0; 360; 0; 0; 8; 1; 1; 4; 0; 0; 0; 0; 4; 2
Almeida; 0; 1; 4; 0; 0; 0; 6; 0; 0; 0; 1; 4; 0; 0; 8; 0; 29; 18; 0; 2; 0; 0; 0; 0; 38; 0; 3; 2; 1; 27; 0; 0; 0; 0; 1; 0; 3; 0; 0; 0; 0; 1; 0; 0; 0; 1; 7; 0; 0; 0; 0; 5; 0; 0; 0; 0; 0; 0; 0; 0; 0; 0; 1; 4; 7
Almeirim; 1; 1; 21; 0; 0; 0; 13; 0; 0; 1; 4; 0; 6; 2; 8; 0; 45; 5; 0; 31; 0; 5; 0; 0; 1; 1; 1; 1; 18; 165; 0; 0; 0; 0; 0; 0; 8; 1; 1; 0; 0; 6; 0; 0; 3; 2; 9; 5; 0; 74; 0; 0; 4; 0; 1; 3; 0; 0; 0; 0; 0; 0; 1; 1; 1
Almodôvar; 0; 0; 1; 0; 0; 0; 0; 0; 0; 25; 1; 0; 0; 0; 0; 0; 5; 0; 0; 3; 0; 41; 0; 0; 0; 0; 0; 0; 0; 38; 0; 0; 0; 0; 0; 0; 0; 0; 0; 0; 0; 0; 0; 0; 1; 3; 1; 1; 0; 0; 0; 0; 2; 4; 0; 2; 0; 0; 0; 0; 0; 0; 0; 0; 0
Alpiarça; 1; 0; 10; 1; 0; 0; 1; 0; 0; 1; 0; 2; 1; 3; 2; 0; 9; 5; 0; 12; 0; 4; 0; 0; 1; 0; 0; 0; 5; 82; 0; 0; 0; 0; 0; 0; 4; 0; 0; 0; 0; 3; 0; 0; 0; 0; 1; 2; 0; 22; 0; 0; 1; 0; 0; 4; 0; 0; 0; 0; 0; 0; 0; 2; 0
Alter do Chão; 0; 0; 0; 0; 0; 0; 1; 0; 0; 1; 1; 0; 0; 1; 3; 0; 2; 3; 7; 12; 0; 0; 0; 0; 0; 0; 1; 0; 1; 20; 0; 0; 0; 0; 0; 0; 0; 0; 0; 0; 0; 0; 0; 0; 14; 0; 0; 0; 0; 0; 0; 0; 2; 0; 0; 0; 0; 0; 0; 0; 0; 0; 0; 0; 0
Alvaiázere; 1; 0; 0; 0; 0; 0; 4; 0; 0; 0; 0; 0; 3; 0; 3; 0; 65; 3; 0; 4; 0; 1; 0; 0; 0; 0; 0; 0; 18; 22; 0; 0; 0; 0; 0; 0; 0; 1; 1; 0; 0; 2; 1; 0; 2; 0; 2; 0; 0; 2; 0; 0; 1; 0; 0; 17; 0; 0; 0; 0; 0; 0; 0; 0; 0
Alvito; 0; 0; 1; 0; 0; 0; 0; 0; 0; 20; 0; 0; 0; 0; 0; 0; 0; 0; 0; 12; 0; 4; 0; 0; 0; 0; 0; 0; 0; 15; 0; 0; 0; 0; 0; 0; 0; 0; 0; 0; 0; 0; 0; 0; 1; 2; 0; 0; 0; 0; 0; 0; 1; 0; 0; 0; 0; 0; 0; 0; 0; 0; 0; 0; 0
Amadora; 0; 0; 265; 12; 0; 1; 10; 0; 14; 9; 10; 6; 8; 101; 11; 0; 31; 15; 5; 21; 0; 9; 1; 0; 4; 0; 3; 0; 12;4 043; 0; 0; 1; 0; 4; 51; 189; 0; 2; 0; 0; 7; 2; 0; 6; 0; 15; 1; 0; 7; 0; 2; 35; 0; 1; 8; 0; 1; 3; 0; 0; 0; 1; 1; 3
Amarante; 1; 3; 2; 0; 0; 0; 31; 15; 0; 0; 107; 123; 5; 0; 8; 0; 169; 29; 1; 2; 12; 0; 120; 0; 5; 1; 0; 10; 4; 51; 36; 0; 60; 0; 29; 0; 2; 3; 2; 29; 23; 1; 0; 2; 1; 0; 551; 0; 0; 0; 0; 1; 0; 0; 0; 0; 0; 2; 3; 7; 0; 1; 28; 253; 30
Amares; 0; 0; 0; 0; 9; 0; 13; 84; 0; 0; 264; 16; 0; 0; 3; 0; 15; 5; 0; 1; 3; 0; 3; 0; 0; 0; 0; 1; 3; 15; 3; 0; 3; 5; 4; 0; 2; 0; 0; 1; 0; 0; 0; 3; 0; 0; 51; 0; 0; 0; 0; 0; 0; 0; 0; 0; 0; 4; 26; 1; 0; 5; 2; 16; 7
Anadia; 2; 17; 8; 0; 0; 0; 116; 0; 1; 0; 8; 5; 7; 1; 2; 0; 434; 25; 0; 9; 0; 3; 0; 0; 10; 0; 0; 4; 21; 65; 3; 0; 4; 0; 0; 0; 3; 8; 3; 0; 0; 1; 1; 1; 2; 0; 63; 0; 0; 1; 0; 3; 3; 0; 0; 4; 0; 0; 0; 2; 0; 0; 4; 8; 28
Angra do Heroísmo; 0; 0; 38; 2; 0; 195; 26; 0; 0; 5; 16; 1; 10; 3; 5; 0; 76; 12; 1; 13; 0; 9; 3; 1; 3; 1; 0; 0; 21; 325; 3; 0; 5; 0; 6; 0; 6; 4; 0; 0; 0; 6; 80; 0; 0; 0; 69; 3; 0; 3; 0; 1; 12; 0; 1; 3; 0; 0; 0; 1; 0; 0; 5; 11; 3
Ansião; 0; 0; 2; 0; 0; 0; 7; 0; 0; 1; 0; 0; 4; 0; 12; 0; 187; 9; 0; 3; 0; 6; 0; 0; 2; 0; 0; 0; 54; 37; 0; 0; 1; 0; 0; 0; 1; 0; 1; 0; 0; 5; 0; 0; 0; 1; 4; 0; 1; 0; 0; 1; 0; 0; 0; 12; 0; 0; 2; 1; 0; 0; 0; 1; 2
Arcos de Valdevez; 0; 0; 3; 0; 1; 0; 6; 6; 0; 0; 125; 10; 1; 0; 2; 0; 34; 4; 0; 0; 0; 0; 4; 0; 1; 0; 1; 0; 4; 26; 1; 0; 19; 7; 2; 0; 0; 1; 0; 0; 0; 0; 0; 20; 0; 0; 78; 0; 0; 0; 0; 1; 1; 0; 0; 0; 0; 5; 86; 1; 1; 0; 5; 6; 1
Arganil; 1; 0; 1; 0; 0; 0; 5; 0; 0; 0; 0; 0; 2; 0; 0; 0; 174; 3; 1; 0; 0; 0; 0; 0; 0; 0; 0; 0; 6; 20; 0; 0; 0; 0; 0; 0; 0; 0; 20; 0; 0; 1; 0; 0; 0; 0; 7; 0; 0; 0; 0; 0; 2; 0; 0; 0; 0; 0; 1; 0; 0; 0; 0; 1; 11
Armamar; 0; 0; 2; 0; 0; 0; 4; 0; 0; 1; 7; 7; 0; 1; 2; 0; 22; 5; 0; 0; 0; 1; 1; 0; 4; 0; 0; 5; 2; 6; 3; 0; 3; 0; 1; 0; 1; 0; 1; 0; 0; 0; 0; 0; 2; 0; 19; 0; 0; 0; 0; 0; 0; 0; 0; 0; 0; 1; 0; 1; 0; 0; 1; 28; 21
Arouca; 0; 4; 1; 0; 0; 0; 81; 3; 0; 0; 10; 3; 2; 0; 1; 0; 74; 12; 0; 0; 0; 0; 0; 0; 2; 0; 0; 4; 6; 21; 3; 0; 17; 1; 0; 0; 0; 14; 0; 2; 1; 0; 0; 0; 1; 0; 196; 0; 21; 0; 0; 0; 0; 0; 0; 2; 0; 0; 0; 3; 0; 0; 21; 13; 18
Arraiolos; 0; 0; 5; 1; 0; 0; 1; 0; 0; 10; 0; 1; 0; 0; 5; 0; 6; 2; 3; 92; 0; 2; 0; 0; 0; 0; 2; 0; 0; 56; 0; 0; 0; 0; 0; 0; 0; 0; 0; 0; 0; 0; 0; 0; 10; 0; 1; 0; 0; 1; 0; 0; 7; 0; 0; 0; 0; 0; 0; 0; 0; 0; 0; 0; 0
Arronches; 0; 0; 2; 0; 0; 0; 0; 0; 0; 2; 0; 0; 0; 0; 4; 0; 0; 3; 8; 6; 0; 1; 0; 0; 0; 0; 0; 0; 0; 13; 0; 0; 0; 0; 0; 0; 0; 0; 0; 0; 0; 0; 0; 0; 30; 0; 0; 1; 0; 0; 0; 0; 3; 0; 0; 0; 0; 0; 0; 0; 0; 0; 0; 0; 0
Arruda dos Vinhos; 0; 0; 21; 0; 0; 0; 1; 0; 0; 2; 0; 0; 5; 5; 1; 0; 2; 2; 1; 8; 0; 0; 0; 0; 0; 0; 0; 0; 3; 372; 0; 0; 0; 0; 1; 3; 5; 0; 0; 0; 0; 4; 0; 0; 1; 0; 2; 1; 0; 9; 0; 1; 4; 0; 0; 2; 0; 0; 0; 1; 0; 0; 0; 0; 0
Aveiro; 2; 165; 6; 3; 0; 1;1 977; 4; 0; 0; 34; 14; 6; 1; 16; 0; 551; 46; 0; 10; 0; 13; 2; 0; 27; 0; 3; 8; 16; 292; 14; 0; 13; 3; 2; 0; 22; 36; 1; 12; 0; 3; 2; 1; 2; 0; 396; 0; 12; 1; 0; 5; 0; 0; 0; 2; 0; 0; 0; 2; 0; 1; 30; 25; 58
Avis; 0; 0; 0; 0; 0; 0; 1; 0; 0; 3; 0; 0; 0; 0; 6; 0; 6; 3; 1; 18; 0; 3; 0; 0; 0; 0; 1; 0; 3; 16; 0; 0; 0; 0; 0; 1; 1; 0; 0; 0; 0; 0; 0; 0; 12; 0; 1; 0; 0; 0; 0; 0; 1; 0; 0; 0; 0; 0; 0; 0; 0; 0; 0; 0; 0
Azambuja; 2; 0; 26; 0; 0; 0; 1; 0; 0; 2; 1; 0; 4; 2; 2; 0; 8; 8; 0; 9; 0; 1; 0; 0; 3; 0; 0; 0; 14; 260; 1; 0; 0; 0; 0; 0; 6; 0; 0; 0; 0; 12; 0; 0; 3; 1; 1; 3; 0; 44; 0; 0; 0; 0; 0; 8; 0; 0; 0; 0; 0; 0; 0; 2; 0
Baião; 0; 0; 1; 0; 0; 0; 4; 0; 0; 0; 17; 38; 0; 1; 0; 0; 37; 10; 0; 0; 1; 0; 12; 0; 0; 0; 0; 12; 0; 11; 15; 0; 22; 0; 2; 0; 1; 0; 1; 6; 1; 1; 0; 0; 0; 0; 139; 0; 0; 0; 0; 0; 0; 0; 0; 1; 0; 0; 0; 1; 0; 0; 12; 58; 7
Barcelos; 1; 6; 6; 0; 0; 0; 108; 804; 0; 0;1 066; 47; 5; 2; 5; 0; 270; 79; 0; 10; 0; 3; 16; 0; 11; 0; 1; 2; 14; 113; 48; 0; 44; 21; 12; 0; 0; 0; 2; 15; 0; 2; 0; 38; 1; 0; 689; 0; 0; 1; 0; 3; 1; 0; 1; 4; 0; 32; 293; 7; 3; 84; 45; 161; 21
Barrancos; 0; 0; 2; 0; 0; 0; 0; 0; 0; 8; 0; 0; 0; 0; 0; 0; 0; 1; 0; 8; 0; 3; 0; 0; 0; 0; 0; 0; 0; 10; 0; 0; 0; 0; 0; 0; 0; 0; 0; 0; 0; 0; 0; 0; 1; 0; 0; 0; 0; 0; 0; 0; 2; 0; 0; 0; 0; 0; 0; 0; 0; 0; 0; 0; 0
Barreiro; 1; 0; 188; 3; 0; 0; 2; 2; 85; 5; 3; 3; 8; 19; 6; 0; 5; 3; 0; 26; 0; 11; 1; 0; 3; 0; 0; 0; 3;1 342; 1; 0; 1; 0; 0; 4; 29; 0; 3; 1; 0; 1; 1; 0; 7; 5; 8; 1; 0; 2; 0; 0; 426; 0; 0; 1; 0; 0; 0; 2; 0; 0; 2; 0; 1
Batalha; 0; 1; 12; 0; 0; 0; 14; 0; 0; 0; 2; 0; 11; 1; 5; 0; 68; 9; 1; 10; 0; 8; 0; 1; 2; 0; 0; 1; 214; 157; 0; 2; 1; 0; 0; 0; 9; 0; 0; 0; 0; 16; 0; 0; 1; 0; 14; 1; 0; 4; 0; 1; 2; 0; 0; 8; 0; 0; 0; 0; 0; 0; 0; 1; 2
Beja; 0; 0; 51; 0; 0; 0; 5; 0; 0; 579; 1; 0; 2; 5; 7; 0; 23; 5; 5; 88; 0; 46; 0; 1; 1; 0; 0; 0; 4; 378; 0; 0; 0; 0; 1; 1; 15; 0; 0; 0; 0; 1; 1; 0; 4; 1; 7; 1; 0; 0; 0; 0; 24; 0; 0; 1; 0; 0; 0; 1; 0; 0; 1; 1; 1
Belmonte; 0; 0; 2; 0; 0; 0; 2; 1; 0; 0; 1; 2; 1; 0; 27; 0; 13; 64; 0; 3; 0; 1; 0; 0; 24; 0; 4; 1; 0; 12; 0; 0; 0; 0; 0; 0; 1; 0; 0; 0; 0; 1; 0; 0; 1; 0; 2; 0; 0; 0; 0; 0; 1; 0; 0; 0; 0; 0; 0; 0; 0; 0; 0; 2; 2
Benavente; 1; 0; 31; 2; 0; 0; 7; 0; 0; 2; 1; 2; 10; 5; 3; 0; 17; 8; 0; 24; 0; 7; 0; 0; 3; 0; 1; 0; 11; 383; 0; 0; 0; 0; 0; 3; 9; 0; 1; 0; 0; 5; 0; 0; 7; 1; 1; 2; 0; 20; 0; 0; 14; 0; 0; 7; 0; 0; 0; 0; 0; 0; 0; 1; 2
Bombarral; 0; 0; 10; 0; 0; 0; 9; 0; 0; 1; 3; 0; 19; 2; 3; 0; 23; 2; 0; 5; 0; 3; 0; 0; 0; 0; 0; 0; 49; 131; 0; 1; 0; 0; 0; 0; 2; 0; 0; 0; 0; 18; 0; 0; 2; 2; 5; 5; 0; 7; 0; 0; 0; 0; 0; 1; 0; 0; 0; 0; 0; 0; 0; 1; 0
Borba; 0; 0; 7; 0; 0; 1; 0; 0; 0; 2; 1; 0; 0; 0; 4; 0; 3; 4; 6; 35; 0; 9; 0; 0; 1; 0; 1; 0; 0; 57; 0; 0; 0; 0; 0; 0; 2; 0; 0; 0; 0; 0; 0; 0; 17; 1; 2; 0; 0; 1; 0; 0; 9; 0; 0; 0; 0; 0; 0; 0; 0; 0; 0; 0; 0
Boticas; 0; 0; 0; 0; 0; 0; 4; 1; 0; 0; 9; 27; 0; 0; 0; 5; 11; 5; 0; 0; 2; 1; 0; 0; 1; 0; 0; 0; 2; 3; 0; 0; 0; 0; 2; 0; 0; 0; 1; 0; 0; 0; 0; 0; 0; 0; 18; 0; 0; 0; 0; 0; 0; 0; 0; 0; 0; 0; 1; 1; 0; 0; 1; 13; 0
Braga; 1; 0; 8; 9; 47; 1; 83;1 005; 0; 3;5 399; 54; 4; 6; 9; 0; 312; 79; 0; 13; 12; 14; 12; 2; 8; 5; 0; 1; 13; 338; 71; 0; 50; 28; 20; 0; 15; 1; 1; 28; 0; 2; 4; 53; 5; 0; 892; 1; 0; 1; 0; 1; 4; 0; 2; 8; 0; 23; 167; 14; 2; 165; 42; 98; 13
Bragança; 0; 0; 2; 0; 0; 0; 27; 2; 0; 0; 57;1 861; 0; 0; 3; 1; 148; 55; 0; 0; 0; 3; 0; 0; 2; 0; 0; 0; 4; 91; 4; 0; 3; 0; 100; 0; 6; 0; 0; 6; 0; 0; 0; 0; 0; 0; 219; 0; 0; 0; 0; 0; 0; 0; 0; 0; 0; 0; 1; 1; 0; 0; 7; 54; 12
Cabeceiras de Basto; 0; 0; 2; 0; 2; 0; 12; 8; 0; 0; 119; 40; 1; 0; 1; 0; 32; 5; 1; 1; 32; 0; 0; 0; 3; 1; 1; 1; 3; 18; 2; 0; 3; 0; 4; 0; 1; 1; 0; 1; 1; 1; 0; 2; 0; 0; 66; 0; 0; 0; 0; 0; 0; 0; 0; 1; 0; 0; 3; 2; 0; 4; 10; 74; 1
Cadaval; 0; 0; 13; 0; 0; 0; 2; 0; 0; 3; 0; 0; 13; 1; 3; 0; 12; 4; 0; 10; 0; 3; 0; 0; 0; 0; 1; 0; 26; 112; 0; 0; 0; 1; 0; 1; 7; 0; 0; 0; 0; 9; 0; 0; 2; 0; 3; 0; 0; 9; 0; 0; 5; 0; 0; 5; 2; 0; 0; 0; 0; 0; 0; 0; 1
Caldas da Rainha; 4; 0; 55; 3; 0; 0; 24; 1; 0; 2; 2; 1; 127; 17; 12; 0; 109; 15; 1; 30; 0; 7; 1; 0; 3; 0; 0; 1; 288; 694; 0; 0; 0; 0; 3; 0; 34; 0; 1; 1; 0; 68; 0; 0; 5; 0; 26; 7; 0; 22; 0; 0; 3; 0; 2; 9; 0; 0; 0; 1; 0; 0; 1; 2; 4
Calheta (R.A.A.); 0; 0; 4; 0; 0; 2; 3; 1; 0; 0; 1; 1; 0; 0; 0; 0; 28; 3; 0; 1; 0; 2; 0; 0; 0; 0; 1; 1; 2; 23; 0; 0; 0; 0; 0; 0; 0; 0; 0; 0; 0; 1; 12; 0; 2; 0; 9; 1; 0; 0; 0; 0; 0; 0; 0; 0; 0; 0; 0; 0; 0; 0; 0; 2; 0
Calheta (R.A.M.); 0; 0; 1; 0; 0; 0; 0; 0; 0; 0; 6; 0; 0; 0; 0; 0; 18; 2; 0; 2; 0; 8; 0; 75; 0; 0; 0; 0; 3; 38; 0; 0; 0; 0; 0; 0; 2; 0; 0; 0; 0; 1; 0; 0; 1; 1; 28; 0; 0; 1; 0; 0; 3; 0; 0; 0; 0; 0; 0; 1; 0; 0; 2; 4; 0
Câmara de Lobos; 2; 2; 9; 0; 0; 0; 11; 0; 0; 3; 17; 4; 1; 0; 5; 0; 50; 15; 1; 12; 0; 10; 4; 344; 3; 0; 0; 1; 7; 139; 0; 0; 3; 0; 1; 0; 3; 1; 0; 0; 0; 3; 4; 0; 3; 0; 52; 0; 0; 0; 0; 1; 3; 0; 0; 1; 0; 0; 0; 2; 0; 0; 6; 4; 3
Caminha; 0; 1; 6; 2; 0; 0; 24; 14; 0; 0; 51; 4; 2; 0; 0; 0; 49; 15; 0; 2; 0; 1; 4; 0; 3; 1; 0; 0; 2; 39; 5; 0; 9; 10; 1; 0; 1; 0; 1; 1; 0; 1; 0; 5; 0; 0; 117; 0; 0; 0; 0; 2; 1; 0; 1; 0; 0; 15; 97; 0; 7; 2; 9; 11; 2
Campo Maior; 2; 0; 5; 0; 0; 0; 1; 0; 0; 3; 0; 0; 0; 0; 11; 0; 9; 5; 7; 27; 0; 1; 0; 0; 5; 0; 0; 0; 4; 59; 0; 0; 0; 0; 0; 1; 3; 0; 0; 0; 0; 0; 0; 0; 69; 0; 0; 0; 0; 0; 0; 1; 8; 0; 0; 0; 0; 0; 0; 0; 0; 0; 0; 0; 0
Cantanhede; 0; 5; 9; 3; 0; 1; 100; 0; 0; 0; 8; 2; 2; 1; 6; 0; 714; 12; 1; 4; 0; 1; 0; 1; 9; 0; 0; 1; 28; 65; 2; 0; 1; 1; 0; 0; 2; 3; 6; 2; 0; 10; 1; 0; 4; 0; 54; 0; 0; 1; 0; 5; 0; 0; 0; 3; 0; 0; 0; 0; 0; 0; 2; 9; 12
Carrazeda de Ansiães; 0; 1; 0; 0; 0; 0; 8; 1; 0; 0; 5; 31; 0; 0; 3; 0; 12; 3; 0; 1; 0; 0; 1; 0; 0; 0; 0; 0; 0; 7; 0; 0; 5; 0; 11; 0; 0; 0; 0; 0; 0; 0; 0; 0; 0; 0; 19; 0; 0; 0; 0; 0; 0; 0; 0; 0; 0; 0; 0; 0; 0; 0; 3; 13; 3
Carregal do Sal; 0; 0; 5; 1; 0; 0; 17; 0; 0; 0; 3; 3; 0; 0; 0; 0; 77; 17; 0; 0; 0; 1; 0; 0; 3; 0; 0; 0; 2; 24; 0; 0; 1; 0; 1; 0; 0; 0; 5; 0; 0; 0; 0; 0; 3; 1; 9; 0; 0; 0; 0; 3; 1; 0; 0; 1; 0; 0; 0; 0; 0; 0; 0; 1; 57
Cartaxo; 1; 2; 23; 0; 0; 0; 6; 1; 0; 1; 2; 2; 9; 6; 7; 0; 17; 4; 2; 27; 0; 3; 0; 0; 0; 0; 1; 0; 22; 261; 0; 0; 0; 0; 1; 1; 8; 0; 0; 0; 0; 9; 0; 0; 3; 1; 3; 3; 0; 90; 0; 1; 1; 0; 0; 11; 0; 0; 0; 0; 0; 0; 0; 6; 1
Cascais; 1; 1; 383; 27; 0; 4; 14; 0; 5; 13; 13; 3; 21; 412; 11; 0; 55; 23; 1; 43; 0; 30; 0; 2; 4; 2; 1; 0; 19;5 730; 1; 0; 2; 0; 2; 15; 516; 0; 0; 0; 0; 12; 5; 0; 10; 0; 48; 2; 1; 1; 0; 0; 31; 1; 3; 10; 1; 0; 0; 0; 0; 0; 1; 4; 2
Castanheira de Pêra; 0; 0; 0; 0; 0; 0; 0; 0; 0; 0; 0; 0; 0; 0; 1; 0; 31; 3; 0; 0; 0; 0; 0; 0; 1; 0; 0; 0; 8; 5; 0; 0; 0; 0; 0; 0; 0; 0; 0; 0; 0; 2; 0; 0; 0; 0; 3; 0; 0; 0; 0; 0; 0; 0; 0; 2; 0; 0; 0; 0; 0; 0; 0; 1; 0
Castelo Branco; 2; 0; 57; 1; 0; 1; 28; 0; 0; 1; 9; 1; 4; 6; 859; 0; 173; 240; 0; 31; 0; 11; 0; 1; 20; 0; 89; 0; 21; 481; 2; 0; 1; 0; 0; 1; 27; 0; 2; 0; 0; 1; 1; 0; 11; 1; 28; 2; 0; 1; 0; 0; 2; 0; 4; 2; 0; 0; 0; 0; 0; 0; 0; 5; 17
Castelo de Paiva; 1; 0; 0; 0; 0; 0; 41; 2; 0; 0; 13; 12; 0; 0; 5; 0; 25; 2; 0; 0; 0; 1; 7; 0; 4; 0; 0; 3; 3; 13; 10; 0; 14; 1; 1; 0; 0; 2; 1; 12; 6; 0; 0; 1; 0; 0; 155; 0; 4; 0; 0; 0; 0; 0; 0; 0; 0; 0; 2; 2; 0; 1; 11; 22; 19
Castelo de Vide; 0; 0; 1; 0; 0; 0; 0; 0; 0; 1; 0; 0; 2; 3; 1; 0; 5; 2; 2; 10; 0; 0; 0; 0; 0; 0; 1; 0; 0; 35; 0; 0; 0; 0; 0; 0; 1; 0; 0; 0; 0; 0; 0; 0; 26; 0; 0; 0; 0; 0; 0; 0; 2; 0; 0; 4; 0; 0; 0; 0; 0; 0; 0; 0; 0
Castro Daire; 0; 0; 2; 0; 0; 0; 18; 1; 0; 2; 4; 8; 0; 0; 5; 0; 83; 15; 0; 1; 0; 1; 0; 0; 11; 0; 2; 7; 5; 32; 0; 0; 0; 0; 3; 0; 0; 0; 1; 1; 0; 0; 0; 0; 0; 0; 27; 1; 0; 0; 0; 1; 0; 0; 0; 0; 0; 0; 0; 0; 0; 0; 2; 13; 79
Castro Marim; 0; 0; 5; 0; 0; 0; 0; 0; 0; 6; 1; 0; 2; 0; 0; 0; 4; 3; 0; 5; 0; 63; 0; 1; 1; 0; 0; 0; 0; 38; 0; 0; 0; 0; 0; 0; 3; 0; 0; 1; 0; 0; 0; 0; 1; 1; 2; 0; 0; 0; 0; 0; 3; 1; 0; 0; 0; 0; 0; 0; 0; 0; 0; 0; 0
Castro Verde; 0; 0; 13; 1; 0; 0; 0; 0; 0; 49; 1; 0; 0; 1; 2; 0; 4; 1; 0; 12; 0; 26; 0; 0; 0; 0; 0; 0; 1; 73; 0; 0; 0; 0; 0; 0; 5; 0; 0; 0; 0; 0; 0; 0; 0; 1; 2; 0; 0; 0; 0; 1; 2; 0; 0; 0; 0; 0; 0; 0; 0; 0; 0; 1; 0
Celorico da Beira; 0; 0; 2; 0; 0; 0; 8; 0; 0; 0; 1; 1; 0; 0; 4; 0; 41; 26; 0; 1; 0; 1; 0; 0; 22; 0; 1; 0; 1; 24; 0; 0; 1; 0; 0; 0; 0; 0; 1; 0; 0; 0; 0; 0; 1; 0; 4; 0; 0; 0; 0; 5; 0; 0; 0; 0; 0; 0; 0; 0; 0; 0; 0; 1; 9
Celorico de Basto; 0; 0; 2; 0; 1; 0; 9; 8; 0; 0; 64; 56; 0; 1; 0; 0; 24; 9; 0; 0; 17; 1; 18; 0; 3; 1; 0; 0; 1; 19; 4; 0; 21; 0; 7; 0; 0; 1; 0; 2; 0; 0; 0; 1; 1; 0; 109; 0; 0; 0; 0; 1; 0; 0; 0; 0; 0; 1; 2; 6; 0; 1; 10; 162; 0
Chamusca; 2; 0; 6; 0; 0; 0; 5; 0; 0; 2; 0; 0; 0; 0; 7; 0; 20; 3; 1; 18; 0; 0; 0; 0; 1; 0; 1; 0; 12; 41; 0; 0; 0; 0; 0; 0; 0; 0; 1; 0; 0; 8; 0; 0; 3; 0; 5; 0; 0; 14; 0; 0; 0; 0; 0; 4; 0; 0; 0; 0; 0; 0; 0; 1; 2
Chaves; 0; 2; 10; 0; 1; 0; 39; 0; 0; 0; 77; 145; 1; 3; 3; 66; 145; 30; 0; 2; 0; 1; 3; 0; 4; 0; 3; 2; 10; 72; 5; 0; 11; 0; 57; 1; 3; 0; 1; 8; 0; 0; 0; 0; 1; 0; 283; 0; 0; 0; 0; 1; 0; 0; 2; 0; 0; 0; 0; 2; 0; 2; 11; 96; 15
Cinfães; 0; 1; 0; 0; 0; 0; 13; 1; 0; 1; 8; 11; 0; 0; 4; 0; 30; 9; 0; 0; 0; 0; 2; 0; 2; 0; 0; 8; 2; 11; 18; 0; 18; 0; 0; 0; 0; 0; 0; 6; 2; 0; 0; 0; 0; 0; 103; 0; 0; 0; 0; 0; 0; 0; 1; 0; 0; 0; 0; 1; 0; 0; 13; 17; 37
Coimbra; 0; 0; 17; 1; 0; 3; 106; 0; 0; 0; 26; 9; 19; 26; 14; 0;7 288; 53; 0; 22; 0; 16; 0; 0; 6; 1; 2; 0; 28; 612; 2; 0; 6; 0; 1; 0; 35; 4; 19; 6; 0; 6; 11; 1; 3; 1; 196; 1; 0; 1; 0; 8; 2; 0; 2; 6; 0; 0; 0; 1; 0; 1; 6; 31; 71
Condeixa-a-Nova; 0; 1; 0; 1; 0; 0; 12; 0; 0; 0; 3; 0; 6; 1; 7; 0; 602; 3; 0; 0; 0; 1; 0; 0; 2; 0; 0; 1; 10; 30; 0; 0; 0; 0; 0; 0; 0; 0; 1; 0; 0; 1; 1; 0; 0; 0; 15; 0; 0; 1; 0; 0; 0; 0; 0; 3; 0; 0; 0; 0; 0; 0; 2; 3; 6
Constância; 7; 0; 2; 0; 0; 0; 2; 0; 0; 2; 0; 1; 0; 1; 4; 0; 12; 8; 1; 2; 0; 0; 0; 0; 0; 0; 1; 0; 9; 23; 0; 0; 0; 0; 0; 0; 3; 0; 0; 0; 0; 4; 0; 0; 1; 0; 2; 0; 0; 3; 0; 0; 0; 0; 0; 16; 0; 0; 0; 0; 0; 0; 0; 0; 0
Coruche; 1; 1; 41; 0; 0; 0; 0; 0; 0; 3; 0; 1; 3; 1; 0; 0; 20; 8; 0; 44; 0; 2; 0; 0; 0; 0; 0; 0; 8; 202; 0; 0; 1; 0; 2; 0; 6; 0; 0; 0; 0; 1; 0; 0; 4; 4; 2; 0; 0; 27; 0; 0; 6; 0; 1; 6; 0; 0; 0; 0; 0; 0; 0; 0; 0
Corvo; 0; 0; 0; 0; 0; 0; 0; 0; 0; 0; 0; 0; 0; 0; 0; 0; 0; 0; 0; 0; 0; 0; 0; 0; 0; 0; 0; 0; 0; 1; 0; 0; 0; 0; 0; 0; 0; 0; 0; 0; 0; 0; 0; 0; 0; 0; 0; 0; 0; 0; 0; 0; 0; 0; 0; 0; 0; 0; 0; 0; 0; 0; 0; 0; 0
Covilhã; 0; 1; 21; 1; 0; 0; 16; 0; 0; 0; 13; 4; 0; 6; 177; 0; 97; 962; 1; 15; 0; 3; 0; 0; 54; 0; 23; 0; 5; 211; 1; 0; 2; 0; 0; 0; 11; 0; 0; 0; 0; 8; 0; 0; 11; 0; 40; 0; 0; 0; 0; 2; 3; 0; 1; 1; 0; 0; 1; 0; 0; 0; 2; 11; 17
Crato; 0; 0; 1; 0; 0; 0; 4; 0; 0; 0; 0; 0; 0; 0; 6; 0; 2; 2; 0; 9; 0; 3; 0; 0; 2; 0; 0; 0; 1; 16; 0; 0; 0; 0; 0; 0; 0; 0; 0; 0; 0; 1; 0; 0; 24; 0; 0; 0; 0; 0; 0; 0; 1; 0; 0; 0; 0; 0; 0; 0; 0; 0; 0; 0; 0
Cuba; 0; 0; 0; 0; 0; 0; 0; 0; 0; 61; 0; 0; 1; 0; 2; 0; 1; 0; 0; 15; 0; 10; 0; 0; 0; 0; 0; 0; 0; 26; 0; 0; 0; 0; 0; 0; 1; 0; 0; 0; 0; 0; 0; 0; 0; 3; 1; 0; 0; 0; 0; 0; 0; 0; 0; 0; 0; 0; 0; 0; 0; 0; 0; 0; 0
Desconhecido; 1; 1; 320; 0; 0; 0; 52; 2; 0; 1; 7; 0; 0; 48; 0; 0; 1; 0; 0; 70; 0; 1; 0; 0; 16; 0; 0; 0; 1; 360; 0; 0; 14; 0; 0; 0; 1; 0; 0; 0; 0; 0; 0; 0; 0; 0; 202; 621; 0;1 566; 0; 4; 0; 0; 0; 0; 0; 0; 0; 0; 0; 0; 5; 0; 0
Elvas; 1; 0; 27; 0; 1; 0; 2; 0; 0; 10; 1; 0; 2; 3; 19; 0; 19; 10; 99; 93; 0; 16; 0; 0; 2; 0; 2; 0; 5; 217; 0; 0; 0; 0; 1; 0; 11; 0; 1; 0; 0; 2; 0; 0; 95; 1; 2; 0; 0; 3; 0; 0; 6; 0; 0; 0; 0; 0; 0; 1; 0; 0; 0; 0; 1
Entroncamento; 13; 0; 37; 0; 0; 0; 33; 0; 0; 2; 1; 0; 4; 3; 18; 0; 73; 28; 0; 23; 0; 6; 0; 0; 1; 0; 1; 0; 35; 251; 1; 1; 0; 0; 0; 0; 13; 1; 3; 1; 0; 7; 0; 1; 7; 0; 17; 6; 0; 19; 0; 0; 4; 0; 2; 108; 0; 0; 0; 0; 0; 0; 0; 1; 0
Espinho; 0; 10; 1; 0; 0; 0; 181; 4; 0; 0; 12; 10; 0; 1; 4; 0; 50; 10; 0; 1; 0; 1; 0; 0; 3; 0; 0; 0; 1; 29; 24; 0; 43; 0; 1; 0; 0; 5; 0; 1; 0; 0; 1; 0; 0; 0; 516; 0; 11; 2; 0; 1; 0; 0; 0; 0; 0; 0; 0; 4; 0; 1; 35; 11; 7
Esposende; 0; 1; 3; 0; 0; 0; 39; 130; 0; 2; 207; 25; 1; 0; 4; 0; 102; 11; 0; 0; 0; 7; 4; 0; 1; 0; 2; 3; 4; 49; 25; 0; 31; 6; 12; 0; 2; 0; 1; 9; 1; 1; 0; 19; 0; 0; 329; 0; 0; 0; 0; 0; 0; 0; 1; 1; 0; 9; 137; 11; 1; 5; 18; 11; 7
Estarreja; 0; 36; 0; 0; 0; 0; 216; 0; 0; 1; 5; 0; 0; 0; 9; 0; 77; 21; 0; 6; 0; 1; 3; 0; 15; 0; 0; 1; 12; 50; 9; 0; 7; 0; 1; 0; 2; 26; 2; 1; 0; 2; 0; 0; 3; 0; 104; 0; 4; 0; 0; 0; 0; 0; 0; 3; 0; 0; 0; 0; 0; 0; 13; 4; 20
Estremoz; 1; 1; 16; 1; 0; 0; 3; 0; 0; 14; 1; 0; 0; 1; 5; 0; 8; 6; 11; 81; 0; 11; 0; 0; 2; 0; 0; 0; 1; 145; 0; 0; 0; 0; 0; 0; 6; 0; 0; 0; 0; 0; 0; 0; 22; 0; 0; 0; 0; 1; 0; 0; 7; 0; 1; 0; 0; 0; 0; 0; 0; 0; 1; 0; 0
Évora; 1; 1; 79; 4; 0; 2; 8; 0; 1; 57; 7; 1; 3; 8; 17; 0; 36; 10; 10;1 257; 0; 49; 0; 1; 0; 0; 1; 0; 4; 647; 0; 0; 1; 0; 0; 1; 22; 0; 0; 0; 0; 6; 2; 0; 29; 2; 15; 1; 0; 7; 0; 1; 36; 0; 1; 3; 0; 0; 0; 0; 0; 0; 4; 2; 1
Fafe; 0; 3; 5; 1; 4; 0; 35; 28; 0; 0; 381; 68; 3; 1; 3; 0; 98; 38; 1; 1; 130; 2; 60; 0; 2; 0; 1; 2; 6; 42; 11; 0; 20; 0; 19; 0; 3; 0; 2; 14; 0; 1; 0; 3; 0; 0; 278; 0; 0; 1; 0; 0; 1; 0; 0; 3; 0; 1; 14; 5; 0; 14; 18; 49; 6
Faro; 1; 0; 56; 3; 0; 0; 5; 0; 0; 31; 6; 2; 4; 7; 4; 0; 56; 7; 2; 48; 0;1 689; 0; 0; 0; 2; 0; 0; 3; 541; 2; 0; 1; 1; 2; 1; 15; 1; 0; 0; 0; 1; 1; 0; 3; 21; 24; 0; 0; 2; 0; 0; 8; 5; 3; 3; 0; 0; 0; 0; 0; 0; 1; 2; 3
Felgueiras; 1; 3; 0; 0; 0; 0; 51; 15; 0; 1; 209; 98; 2; 1; 4; 0; 101; 24; 0; 7; 22; 1; 214; 0; 6; 0; 1; 1; 11; 58; 18; 0; 34; 1; 20; 0; 0; 0; 3; 31; 0; 1; 1; 2; 2; 0; 382; 0; 0; 0; 0; 0; 1; 0; 1; 0; 0; 3; 11; 5; 0; 5; 26; 124; 13
Ferreira do Alentejo; 0; 0; 7; 0; 0; 0; 1; 0; 0; 61; 0; 0; 1; 0; 3; 0; 5; 0; 0; 15; 0; 6; 0; 0; 0; 0; 0; 0; 0; 51; 0; 0; 0; 0; 0; 0; 0; 0; 0; 0; 0; 0; 0; 0; 0; 1; 0; 0; 0; 1; 0; 0; 4; 0; 0; 0; 0; 0; 0; 0; 0; 0; 0; 0; 0
Ferreira do Zêzere; 0; 0; 3; 0; 0; 0; 10; 0; 0; 0; 0; 0; 0; 1; 6; 0; 39; 7; 0; 6; 0; 1; 0; 1; 1; 0; 3; 0; 13; 44; 0; 0; 0; 0; 0; 0; 1; 0; 0; 0; 0; 3; 0; 0; 1; 0; 6; 0; 0; 0; 0; 0; 0; 0; 0; 42; 0; 0; 0; 0; 0; 0; 0; 0; 0
Figueira da Foz; 2; 8; 13; 2; 0; 0; 141; 1; 0; 0; 10; 4; 11; 5; 23; 0; 998; 40; 0; 19; 1; 12; 1; 0; 11; 0; 1; 0; 148; 242; 3; 0; 1; 0; 0; 0; 19; 1; 9; 0; 0; 16; 3; 1; 3; 1; 82; 2; 0; 5; 0; 6; 3; 0; 1; 3; 0; 0; 2; 1; 0; 0; 4; 5; 17
Figueira de Castelo Rodrigo; 1; 1; 0; 0; 0; 0; 3; 0; 0; 0; 0; 4; 0; 0; 9; 0; 18; 17; 0; 0; 0; 0; 0; 0; 28; 0; 1; 1; 1; 7; 0; 0; 1; 0; 0; 0; 0; 0; 0; 0; 0; 0; 0; 0; 1; 0; 0; 0; 0; 0; 0; 0; 0; 0; 0; 0; 0; 0; 0; 0; 0; 0; 0; 2; 5
Figueiró dos Vinhos; 0; 0; 0; 0; 0; 0; 2; 0; 0; 0; 1; 0; 1; 2; 2; 0; 53; 2; 0; 2; 0; 3; 0; 0; 0; 0; 1; 0; 13; 16; 0; 0; 0; 0; 0; 0; 0; 0; 1; 0; 0; 0; 0; 0; 1; 0; 2; 0; 0; 0; 0; 0; 0; 0; 0; 4; 0; 0; 0; 0; 0; 0; 1; 1; 1
Fornos de Algodres; 0; 0; 0; 0; 0; 0; 7; 0; 0; 0; 1; 1; 0; 0; 1; 0; 23; 8; 0; 0; 0; 1; 0; 0; 8; 0; 0; 2; 1; 7; 0; 0; 0; 0; 0; 0; 0; 0; 0; 0; 0; 0; 0; 0; 0; 0; 7; 0; 0; 0; 0; 4; 0; 0; 0; 0; 0; 0; 0; 0; 0; 0; 0; 1; 28
Freixo de Espada à Cinta; 0; 0; 1; 0; 0; 0; 0; 0; 0; 0; 1; 19; 0; 0; 2; 0; 5; 4; 0; 0; 0; 1; 0; 0; 2; 0; 0; 0; 0; 3; 0; 0; 0; 0; 6; 0; 0; 0; 0; 2; 0; 0; 0; 0; 0; 0; 7; 0; 0; 0; 0; 0; 0; 0; 0; 0; 0; 0; 0; 0; 0; 0; 0; 9; 1
Fronteira; 0; 0; 3; 0; 0; 0; 0; 0; 0; 2; 1; 0; 0; 0; 3; 0; 3; 3; 1; 13; 0; 2; 0; 0; 1; 0; 1; 0; 0; 14; 0; 0; 0; 0; 0; 0; 0; 0; 0; 0; 0; 0; 0; 0; 19; 1; 1; 0; 0; 1; 0; 0; 4; 0; 0; 0; 0; 0; 0; 0; 0; 0; 0; 0; 0
Funchal; 1; 1; 70; 5; 0; 2; 42; 3; 1; 13; 85; 9; 7; 44; 14; 0; 175; 51; 1; 42; 0; 29; 5;1 349; 9; 0; 2; 0; 23;1 199; 7; 0; 14; 1; 2; 1; 60; 2; 4; 4; 0; 4; 3; 1; 2; 0; 285; 6; 0; 6; 0; 0; 11; 0; 1; 7; 0; 0; 4; 5; 0; 2; 21; 33; 18
Fundão; 0; 0; 10; 0; 0; 0; 27; 0; 0; 0; 7; 6; 5; 2; 193; 0; 51; 237; 0; 15; 0; 3; 0; 0; 26; 0; 19; 0; 4; 126; 0; 0; 0; 0; 2; 0; 10; 0; 0; 2; 0; 3; 0; 0; 5; 1; 17; 0; 0; 0; 0; 1; 0; 0; 0; 3; 0; 0; 0; 1; 0; 1; 2; 2; 7
Gavião; 0; 0; 1; 0; 0; 0; 1; 0; 0; 0; 0; 0; 1; 0; 5; 0; 0; 4; 1; 3; 0; 1; 0; 0; 0; 0; 1; 0; 1; 24; 0; 0; 0; 0; 0; 0; 0; 0; 0; 0; 0; 1; 0; 0; 5; 0; 0; 0; 0; 1; 0; 0; 0; 0; 0; 0; 0; 0; 0; 0; 0; 0; 0; 0; 0
Góis; 0; 0; 0; 0; 0; 0; 0; 0; 0; 0; 0; 0; 1; 0; 1; 0; 59; 0; 0; 0; 0; 0; 0; 0; 1; 0; 0; 0; 2; 2; 0; 0; 0; 0; 0; 0; 0; 0; 0; 0; 0; 1; 0; 0; 0; 0; 1; 0; 0; 0; 0; 0; 1; 0; 0; 0; 0; 0; 1; 1; 0; 0; 0; 0; 1
Golegã; 1; 0; 0; 0; 0; 0; 3; 0; 0; 1; 0; 0; 2; 0; 2; 0; 6; 4; 0; 6; 0; 3; 0; 0; 0; 0; 0; 0; 11; 46; 0; 0; 0; 0; 0; 0; 1; 0; 0; 0; 0; 5; 0; 0; 2; 0; 1; 0; 0; 27; 0; 0; 0; 0; 0; 16; 0; 0; 0; 0; 0; 0; 0; 1; 0
Gondomar; 1; 3; 9; 3; 0; 0; 104; 27; 0; 2; 116; 17; 4; 1; 7; 0; 75; 34; 0; 3; 0; 8; 22; 1; 6; 0; 1; 3; 8; 136; 322; 0; 428; 6; 8; 0; 2; 5; 0; 45; 0; 2; 0; 7; 1; 1;3 054; 0; 0; 1; 0; 1; 0; 1; 0; 1; 0; 1; 12; 71; 0; 4; 250; 52; 13
Gouveia; 0; 0; 2; 0; 0; 1; 21; 0; 0; 0; 3; 8; 1; 0; 19; 0; 85; 16; 0; 1; 0; 1; 0; 0; 37; 0; 0; 0; 5; 42; 2; 0; 0; 0; 0; 0; 0; 0; 2; 0; 0; 0; 0; 0; 1; 0; 13; 0; 0; 0; 0; 4; 0; 0; 0; 0; 0; 0; 0; 1; 0; 0; 1; 6; 27
Grândola; 1; 0; 9; 1; 0; 0; 1; 1; 3; 30; 1; 0; 0; 1; 5; 0; 5; 0; 0; 21; 0; 24; 0; 0; 0; 0; 0; 0; 4; 106; 0; 0; 0; 0; 0; 0; 1; 0; 0; 0; 0; 0; 1; 0; 1; 1; 2; 0; 0; 1; 1; 0; 36; 1; 0; 3; 0; 0; 0; 0; 0; 0; 0; 0; 0
Guarda; 1; 2; 28; 1; 0; 0; 76; 1; 0; 0; 11; 10; 6; 6; 63; 1; 289; 283; 0; 15; 0; 6; 0; 0; 499; 0; 8; 3; 8; 305; 1; 0; 4; 0; 3; 0; 15; 0; 0; 4; 0; 0; 0; 0; 3; 0; 90; 2; 0; 2; 0; 13; 3; 0; 0; 2; 0; 0; 0; 2; 0; 0; 2; 22; 58
Guimarães; 0; 1; 10; 1; 11; 0; 83; 323; 0; 1;2 072; 131; 4; 3; 5; 0; 243; 88; 0; 14; 127; 13; 116; 0; 24; 21; 2; 1; 12; 156; 83; 0; 67; 7; 53; 0; 3; 5; 3; 19; 1; 2; 1; 13; 2; 0; 870; 0; 0; 1; 0; 11; 3; 0; 2; 9; 0; 10; 98; 24; 1; 159; 58; 257; 22
Horta; 0; 0; 8; 0; 0; 10; 23; 1; 0; 3; 11; 9; 0; 0; 4; 0; 31; 2; 0; 4; 0; 7; 0; 1; 2; 0; 0; 0; 7; 142; 0; 0; 7; 0; 1; 0; 1; 1; 0; 0; 0; 0; 57; 0; 3; 0; 24; 2; 0; 1; 0; 0; 4; 0; 0; 1; 0; 0; 0; 2; 0; 5; 7; 0; 1
Idanha-a-Nova; 0; 0; 1; 0; 0; 0; 0; 0; 0; 0; 1; 2; 0; 1; 37; 0; 7; 19; 0; 4; 0; 0; 0; 0; 1; 0; 35; 0; 2; 18; 0; 0; 0; 0; 0; 0; 0; 0; 0; 0; 0; 0; 0; 0; 1; 0; 0; 1; 0; 1; 0; 1; 0; 0; 0; 0; 0; 0; 0; 0; 0; 0; 0; 2; 0
Ílhavo; 0; 88; 6; 0; 0; 0; 592; 2; 0; 0; 17; 4; 2; 2; 4; 0; 334; 20; 0; 5; 0; 3; 2; 0; 21; 0; 0; 3; 16; 89; 5; 0; 2; 0; 3; 0; 12; 22; 10; 0; 0; 3; 1; 1; 0; 0; 123; 4; 2; 0; 0; 3; 1; 0; 0; 3; 0; 1; 0; 0; 0; 0; 4; 13; 44
Lagoa (Algarve); 1; 0; 16; 1; 0; 0; 5; 0; 2; 14; 2; 0; 1; 0; 10; 0; 30; 8; 0; 30; 0; 113; 0; 0; 0; 0; 1; 1; 4; 134; 0; 0; 0; 0; 0; 0; 7; 0; 1; 0; 0; 1; 0; 0; 2; 71; 5; 1; 0; 0; 1; 0; 6; 15; 1; 1; 0; 0; 0; 0; 0; 0; 0; 0; 1
Lagoa (R.A.A.); 0; 0; 3; 0; 0; 12; 0; 0; 0; 0; 7; 0; 2; 0; 0; 0; 17; 1; 0; 5; 0; 3; 1; 0; 0; 0; 1; 0; 2; 76; 1; 0; 4; 0; 0; 0; 3; 0; 0; 0; 0; 0; 148; 0; 0; 0; 21; 0; 0; 0; 0; 0; 0; 0; 0; 1; 0; 0; 0; 0; 0; 0; 4; 3; 0
Lagos; 0; 0; 33; 1; 0; 1; 6; 1; 0; 21; 2; 1; 2; 2; 4; 0; 21; 1; 0; 48; 0; 138; 0; 0; 1; 0; 0; 0; 5; 217; 0; 0; 0; 0; 0; 0; 20; 0; 0; 0; 0; 5; 0; 0; 5; 56; 12; 1; 0; 0; 0; 0; 9; 9; 0; 2; 0; 0; 1; 0; 0; 0; 2; 0; 4
Lajes das Flores; 0; 0; 0; 0; 0; 1; 0; 0; 0; 0; 0; 0; 0; 0; 0; 0; 3; 0; 0; 2; 0; 0; 0; 0; 0; 0; 0; 0; 1; 7; 0; 0; 0; 0; 0; 0; 0; 0; 0; 0; 0; 0; 6; 0; 0; 0; 2; 0; 0; 0; 0; 0; 0; 0; 1; 0; 0; 0; 0; 0; 0; 0; 1; 1; 0
Lajes do Pico; 0; 0; 2; 0; 0; 5; 1; 0; 0; 0; 0; 2; 2; 0; 0; 0; 20; 3; 0; 2; 0; 1; 0; 0; 0; 0; 0; 0; 0; 25; 0; 0; 0; 0; 0; 0; 1; 0; 0; 0; 0; 2; 7; 0; 0; 1; 4; 0; 0; 1; 0; 0; 0; 0; 0; 6; 0; 0; 0; 1; 0; 0; 0; 1; 1
Lamego; 1; 1; 13; 0; 0; 0; 33; 1; 0; 0; 25; 27; 0; 1; 3; 0; 130; 45; 0; 0; 0; 1; 1; 1; 9; 0; 1; 115; 2; 78; 2; 0; 10; 0; 14; 0; 1; 1; 1; 2; 0; 1; 0; 0; 0; 0; 191; 0; 0; 1; 0; 0; 0; 0; 0; 4; 0; 0; 1; 0; 1; 0; 11; 76; 54
Leiria; 3; 1; 85; 1; 0; 2; 150; 1; 0; 7; 30; 8; 125; 28; 56; 0; 667; 67; 5; 60; 0; 25; 0; 1; 3; 0; 3; 1;2 204;1 105; 2; 29; 8; 0; 3; 0; 46; 2; 2; 2; 0; 118; 3; 1; 22; 3; 102; 11; 0; 23; 0; 1; 4; 0; 4; 28; 0; 0; 0; 0; 0; 0; 6; 20; 17
Lisboa; 4; 0;1 085; 103; 0; 3; 51; 3; 21; 13; 43; 27; 78; 287; 20; 0; 216; 47; 5; 168; 0; 94; 0; 5; 2; 0; 2; 2; 33;24 103; 7; 0; 8; 0; 4; 55; 698; 0; 2; 5; 0; 26; 9; 0; 15; 2; 168; 7; 0; 18; 1; 0; 100; 1; 4; 32; 0; 0; 1; 1; 0; 0; 9; 15; 19
Loulé; 2; 0; 30; 0; 0; 0; 9; 0; 0; 24; 3; 0; 7; 7; 8; 0; 36; 12; 2; 41; 0; 812; 1; 0; 0; 0; 2; 0; 7; 341; 1; 0; 0; 0; 0; 0; 17; 0; 0; 0; 0; 0; 0; 0; 11; 22; 24; 0; 0; 1; 0; 0; 10; 5; 0; 1; 0; 0; 0; 0; 0; 0; 2; 2; 3
Loures; 3; 2; 238; 7; 0; 2; 13; 0; 13; 6; 4; 8; 26; 64; 14; 0; 25; 16; 2; 31; 0; 21; 1; 3; 6; 0; 1; 0; 17;4 681; 1; 0; 1; 0; 5; 62; 126; 0; 1; 0; 0; 12; 2; 0; 10; 2; 28; 3; 0; 26; 0; 0; 64; 0; 0; 24; 0; 0; 0; 0; 0; 0; 1; 5; 9
Lourinhã; 1; 0; 23; 0; 0; 0; 4; 0; 1; 1; 1; 2; 12; 4; 0; 0; 25; 5; 1; 17; 0; 7; 1; 0; 0; 0; 0; 0; 47; 300; 0; 0; 0; 0; 0; 0; 17; 0; 0; 0; 0; 42; 2; 0; 3; 2; 8; 3; 0; 7; 0; 0; 0; 0; 0; 3; 11; 0; 0; 0; 0; 0; 1; 1; 2
Lousã; 1; 0; 1; 0; 0; 0; 8; 1; 0; 1; 2; 1; 3; 1; 4; 0; 428; 7; 0; 2; 0; 0; 0; 0; 1; 0; 0; 0; 7; 31; 1; 0; 1; 1; 0; 0; 0; 0; 7; 1; 0; 1; 0; 0; 0; 0; 11; 0; 0; 0; 0; 0; 1; 0; 0; 0; 0; 0; 0; 0; 0; 0; 1; 2; 2
Lousada; 1; 1; 1; 1; 0; 0; 43; 4; 0; 0; 91; 88; 2; 0; 2; 0; 81; 29; 0; 3; 6; 0; 108; 0; 6; 1; 0; 7; 4; 47; 41; 0; 46; 0; 22; 0; 0; 2; 0; 39; 19; 0; 1; 0; 1; 0; 444; 0; 0; 0; 0; 1; 0; 0; 0; 2; 0; 1; 4; 5; 0; 2; 32; 32; 6
Mação; 5; 0; 2; 0; 0; 0; 5; 0; 0; 0; 0; 0; 0; 0; 19; 0; 23; 5; 0; 1; 0; 4; 0; 0; 0; 0; 3; 0; 9; 41; 0; 0; 0; 0; 0; 0; 1; 0; 0; 0; 0; 2; 0; 0; 6; 0; 3; 2; 0; 6; 0; 0; 0; 0; 0; 41; 0; 0; 0; 0; 0; 0; 1; 0; 1
Macedo de Cavaleiros; 0; 0; 6; 0; 0; 0; 16; 0; 0; 0; 20; 167; 1; 0; 3; 0; 47; 18; 0; 1; 0; 1; 0; 0; 8; 0; 0; 0; 2; 27; 1; 0; 5; 0; 26; 0; 0; 0; 1; 3; 0; 0; 0; 0; 2; 0; 71; 0; 0; 0; 0; 0; 0; 0; 0; 1; 0; 0; 0; 0; 1; 0; 2; 29; 1
Machico; 0; 0; 6; 1; 0; 1; 9; 1; 1; 5; 27; 3; 0; 0; 13; 0; 51; 7; 0; 8; 0; 11; 1; 218; 1; 0; 0; 2; 10; 128; 0; 0; 2; 0; 0; 0; 4; 0; 0; 0; 0; 4; 4; 0; 2; 0; 53; 0; 1; 0; 0; 0; 4; 0; 0; 1; 0; 0; 0; 0; 0; 1; 6; 3; 3
Madalena; 1; 0; 3; 0; 0; 4; 3; 0; 0; 0; 0; 0; 0; 0; 1; 0; 19; 2; 0; 5; 0; 2; 0; 0; 0; 0; 1; 1; 2; 34; 0; 0; 1; 0; 0; 1; 1; 0; 0; 0; 0; 0; 15; 0; 2; 0; 11; 0; 0; 0; 0; 0; 1; 0; 0; 5; 0; 0; 0; 0; 0; 0; 3; 0; 1
Mafra; 0; 0; 74; 4; 0; 0; 6; 1; 5; 4; 2; 2; 21; 51; 10; 0; 21; 10; 3; 38; 0; 11; 0; 0; 3; 0; 1; 0; 38;1 779; 1; 0; 0; 1; 0; 27; 78; 1; 0; 0; 0; 30; 1; 0; 7; 0; 14; 3; 0; 16; 1; 2; 11; 0; 4; 5; 5; 0; 0; 0; 0; 0; 1; 2; 0
Maia; 0; 3; 11; 6; 0; 1; 80; 31; 0; 1; 154; 17; 6; 2; 9; 0; 72; 34; 0; 3; 0; 8; 16; 0; 1; 0; 0; 0; 3; 145; 508; 0; 461; 3; 5; 0; 8; 5; 0; 25; 0; 1; 1; 15; 0; 0;3 109; 1; 0; 0; 0; 0; 0; 0; 1; 1; 0; 2; 16; 84; 0; 3; 183; 67; 11
Mangualde; 0; 0; 2; 1; 0; 0; 36; 0; 0; 0; 9; 0; 2; 0; 4; 0; 110; 32; 0; 2; 0; 2; 0; 0; 19; 0; 2; 1; 3; 55; 0; 0; 0; 0; 0; 0; 4; 0; 1; 0; 0; 0; 0; 0; 0; 0; 33; 0; 0; 0; 0; 1; 0; 0; 0; 1; 0; 0; 0; 0; 0; 0; 2; 4; 128
Manteigas; 0; 1; 1; 0; 0; 0; 1; 0; 0; 0; 1; 1; 0; 0; 7; 0; 19; 26; 0; 2; 0; 0; 0; 0; 18; 0; 0; 0; 1; 6; 0; 0; 0; 0; 0; 0; 2; 0; 0; 0; 0; 0; 0; 0; 0; 0; 3; 0; 0; 0; 0; 2; 1; 0; 0; 0; 0; 0; 0; 0; 0; 0; 1; 0; 2
Marco de Canaveses; 0; 4; 1; 0; 0; 0; 48; 13; 0; 2; 76; 126; 3; 1; 4; 0; 136; 16; 0; 1; 2; 1; 54; 0; 3; 2; 0; 6; 6; 43; 26; 0; 60; 1; 19; 0; 0; 1; 2; 32; 18; 0; 1; 0; 1; 0; 502; 0; 0; 0; 0; 0; 2; 0; 0; 2; 0; 0; 0; 6; 0; 1; 33; 219; 34
Marinha Grande; 2; 3; 20; 0; 0; 0; 41; 3; 0; 3; 4; 0; 23; 6; 11; 0; 155; 14; 0; 13; 0; 7; 0; 0; 4; 0; 2; 0; 481; 221; 1; 57; 3; 0; 4; 0; 16; 1; 2; 0; 0; 21; 2; 0; 5; 0; 18; 5; 0; 7; 0; 0; 4; 0; 0; 5; 0; 0; 0; 0; 0; 0; 2; 2; 2
Marvão; 0; 0; 3; 0; 0; 0; 1; 0; 0; 0; 0; 0; 0; 1; 6; 0; 7; 3; 2; 8; 0; 1; 0; 0; 0; 0; 0; 0; 2; 13; 0; 0; 0; 0; 0; 0; 3; 0; 0; 0; 0; 0; 0; 0; 28; 0; 0; 0; 0; 0; 0; 0; 1; 0; 0; 0; 0; 0; 0; 0; 0; 0; 0; 0; 0
Matosinhos; 0; 5; 6; 5; 1; 0; 81; 18; 0; 1; 142; 30; 6; 6; 6; 0; 68; 26; 1; 10; 1; 8; 12; 0; 3; 0; 0; 0; 0; 219; 444; 0; 473; 0; 5; 0; 6; 6; 0; 40; 0; 1; 0; 7; 0; 0;3 747; 0; 0; 0; 0; 2; 0; 0; 1; 2; 0; 1; 10; 110; 0; 5; 193; 41; 6
Mealhada; 0; 6; 2; 0; 0; 0; 45; 0; 0; 0; 1; 0; 3; 0; 0; 0; 281; 10; 0; 2; 0; 1; 0; 0; 3; 0; 0; 0; 11; 21; 0; 0; 0; 0; 0; 0; 5; 2; 0; 0; 0; 2; 0; 0; 0; 0; 23; 0; 0; 1; 0; 0; 0; 0; 0; 0; 0; 0; 0; 2; 0; 0; 1; 4; 3
Mêda; 0; 0; 0; 1; 0; 0; 9; 0; 0; 0; 1; 7; 1; 1; 2; 0; 17; 9; 0; 0; 0; 0; 0; 0; 21; 0; 0; 1; 5; 19; 0; 0; 0; 0; 0; 0; 0; 0; 0; 1; 0; 0; 0; 0; 0; 0; 7; 0; 0; 0; 0; 0; 0; 0; 0; 0; 0; 0; 0; 0; 0; 0; 1; 3; 18
Melgaço; 0; 1; 2; 1; 1; 0; 8; 5; 0; 0; 30; 4; 1; 1; 0; 0; 23; 4; 0; 2; 0; 0; 1; 0; 0; 0; 0; 0; 2; 12; 1; 0; 0; 7; 0; 0; 1; 0; 0; 0; 0; 2; 0; 5; 0; 0; 28; 0; 0; 0; 0; 0; 0; 0; 1; 0; 0; 6; 30; 0; 1; 1; 1; 9; 2
Mértola; 0; 0; 3; 0; 0; 0; 0; 0; 0; 34; 0; 0; 1; 1; 0; 0; 7; 0; 0; 9; 0; 43; 0; 0; 0; 0; 0; 0; 0; 43; 0; 0; 0; 0; 0; 0; 1; 0; 0; 0; 0; 0; 1; 0; 1; 0; 2; 0; 0; 0; 0; 0; 2; 1; 0; 0; 0; 0; 0; 0; 0; 0; 0; 0; 0
Mesão Frio; 0; 0; 0; 0; 0; 0; 3; 0; 0; 0; 4; 10; 0; 0; 0; 0; 2; 2; 0; 0; 1; 0; 1; 0; 0; 0; 0; 5; 0; 4; 1; 0; 3; 0; 0; 0; 0; 0; 0; 1; 0; 0; 0; 0; 0; 0; 22; 0; 0; 0; 0; 0; 0; 0; 0; 0; 0; 0; 0; 0; 0; 0; 1; 7; 5
Mira; 0; 7; 1; 0; 0; 0; 47; 0; 0; 0; 2; 0; 2; 0; 3; 0; 224; 4; 1; 1; 0; 2; 1; 0; 4; 0; 0; 0; 8; 24; 2; 0; 1; 0; 1; 0; 0; 0; 2; 1; 0; 1; 1; 0; 0; 0; 20; 0; 0; 0; 0; 1; 0; 0; 0; 0; 0; 0; 0; 0; 0; 0; 2; 1; 5
Miranda do Corvo; 2; 1; 1; 0; 0; 0; 4; 0; 0; 0; 1; 0; 0; 0; 3; 0; 370; 7; 0; 0; 0; 0; 0; 0; 1; 0; 0; 0; 1; 16; 1; 0; 0; 0; 2; 0; 0; 0; 1; 0; 0; 1; 0; 0; 0; 0; 6; 0; 0; 0; 0; 1; 0; 0; 0; 2; 0; 0; 0; 0; 0; 0; 1; 2; 4
Miranda do Douro; 0; 0; 1; 0; 0; 0; 4; 0; 0; 0; 5; 49; 0; 0; 0; 0; 10; 5; 0; 0; 0; 0; 1; 0; 5; 0; 0; 0; 1; 13; 0; 0; 4; 0; 7; 0; 0; 0; 0; 3; 0; 0; 0; 0; 0; 0; 38; 0; 0; 0; 0; 0; 0; 0; 0; 0; 0; 0; 0; 0; 0; 0; 4; 5; 0
Mirandela; 0; 1; 3; 0; 0; 0; 21; 2; 0; 0; 25; 175; 1; 0; 8; 0; 80; 25; 0; 3; 0; 3; 0; 0; 7; 0; 0; 5; 1; 50; 2; 0; 8; 0; 212; 0; 1; 0; 0; 2; 0; 0; 2; 0; 1; 0; 136; 0; 0; 0; 0; 0; 0; 0; 0; 0; 0; 0; 1; 1; 1; 1; 9; 91; 14
Mogadouro; 0; 0; 1; 0; 0; 0; 3; 0; 0; 0; 5; 90; 0; 0; 4; 0; 22; 2; 0; 3; 0; 1; 1; 0; 4; 0; 0; 0; 1; 9; 0; 0; 1; 0; 9; 0; 1; 0; 0; 4; 0; 0; 1; 0; 1; 0; 40; 0; 0; 0; 0; 0; 0; 0; 0; 0; 0; 0; 0; 0; 0; 0; 5; 15; 3
Moimenta da Beira; 0; 1; 0; 1; 0; 0; 23; 0; 0; 0; 7; 5; 0; 2; 3; 0; 67; 30; 0; 2; 0; 1; 2; 0; 8; 0; 2; 12; 2; 16; 0; 0; 1; 0; 3; 0; 1; 0; 0; 0; 0; 1; 0; 0; 1; 0; 20; 0; 0; 0; 0; 0; 0; 0; 0; 0; 0; 0; 0; 0; 0; 0; 2; 14; 56
Moita; 0; 0; 118; 0; 0; 0; 5; 1; 64; 13; 2; 3; 1; 10; 8; 0; 11; 10; 2; 31; 0; 6; 1; 0; 1; 0; 0; 0; 2; 785; 0; 0; 0; 0; 0; 3; 22; 0; 0; 0; 0; 6; 1; 0; 11; 2; 1; 1; 0; 6; 0; 0; 394; 0; 0; 2; 0; 0; 0; 0; 0; 0; 0; 0; 0
Monção; 0; 2; 4; 0; 1; 0; 12; 16; 0; 0; 57; 16; 0; 1; 1; 0; 57; 11; 0; 1; 0; 2; 3; 0; 0; 0; 0; 1; 5; 16; 4; 0; 13; 11; 1; 0; 0; 0; 2; 2; 0; 2; 0; 14; 0; 0; 100; 0; 0; 0; 0; 0; 0; 0; 0; 0; 0; 31; 42; 2; 1; 0; 10; 13; 2
Monchique; 0; 0; 9; 0; 0; 0; 2; 0; 0; 5; 0; 0; 1; 1; 3; 0; 4; 0; 0; 10; 0; 29; 0; 0; 0; 0; 1; 0; 0; 28; 0; 0; 0; 0; 0; 0; 2; 0; 0; 0; 0; 0; 0; 0; 0; 13; 2; 0; 0; 0; 0; 0; 3; 5; 0; 0; 0; 0; 0; 0; 0; 0; 0; 0; 0
Mondim de Basto; 0; 0; 2; 0; 0; 0; 6; 0; 0; 0; 20; 21; 1; 0; 1; 0; 23; 1; 0; 0; 0; 0; 4; 0; 0; 0; 0; 2; 2; 6; 1; 0; 4; 0; 7; 0; 0; 0; 0; 0; 0; 0; 0; 0; 0; 0; 36; 0; 0; 0; 0; 0; 0; 0; 0; 0; 0; 0; 3; 2; 0; 0; 6; 31; 1
Monforte; 0; 0; 4; 0; 0; 0; 0; 0; 0; 4; 0; 0; 0; 1; 0; 0; 2; 0; 2; 6; 0; 0; 0; 0; 1; 0; 0; 0; 0; 17; 0; 0; 0; 0; 0; 0; 1; 0; 0; 0; 0; 0; 0; 0; 19; 0; 0; 0; 0; 0; 0; 0; 2; 0; 0; 0; 0; 0; 0; 0; 0; 0; 0; 0; 0
Montalegre; 0; 0; 0; 0; 4; 0; 5; 6; 0; 0; 46; 19; 0; 1; 0; 1; 19; 4; 0; 1; 0; 1; 0; 0; 0; 0; 0; 1; 0; 9; 3; 0; 2; 0; 8; 0; 0; 1; 0; 0; 0; 0; 0; 1; 0; 0; 39; 0; 0; 0; 0; 0; 0; 0; 0; 0; 0; 0; 0; 0; 1; 0; 0; 33; 2
Montemor-o-Novo; 0; 0; 16; 1; 0; 0; 1; 0; 3; 10; 0; 1; 1; 1; 4; 0; 5; 2; 4; 140; 0; 9; 0; 0; 0; 0; 0; 0; 4; 146; 1; 0; 0; 0; 0; 0; 4; 0; 0; 0; 0; 0; 1; 0; 6; 0; 0; 1; 0; 8; 0; 0; 12; 1; 1; 1; 0; 0; 0; 0; 0; 0; 0; 0; 0
Montemor-o-Velho; 0; 1; 3; 0; 0; 0; 14; 1; 0; 0; 4; 2; 2; 0; 3; 0; 629; 8; 0; 4; 0; 1; 0; 0; 2; 0; 0; 0; 16; 34; 1; 0; 1; 0; 0; 0; 4; 2; 5; 0; 0; 2; 0; 0; 1; 0; 17; 0; 0; 0; 0; 4; 2; 0; 1; 0; 0; 0; 0; 1; 0; 0; 2; 1; 5
Montijo; 0; 1; 90; 1; 0; 1; 3; 0; 18; 11; 1; 0; 1; 10; 5; 0; 8; 3; 0; 58; 0; 6; 0; 0; 1; 0; 0; 0; 2; 794; 0; 0; 0; 0; 1; 3; 20; 0; 1; 0; 0; 1; 0; 0; 5; 3; 6; 0; 0; 2; 0; 0; 196; 1; 0; 3; 0; 0; 0; 0; 0; 0; 0; 0; 0
Mora; 0; 0; 2; 0; 0; 0; 2; 0; 0; 0; 0; 0; 1; 0; 3; 0; 4; 0; 0; 30; 0; 1; 0; 0; 1; 0; 0; 0; 0; 30; 0; 0; 0; 0; 0; 0; 0; 0; 0; 0; 0; 0; 0; 0; 7; 0; 0; 0; 0; 0; 0; 0; 1; 0; 0; 2; 0; 0; 0; 0; 0; 0; 0; 0; 0
Mortágua; 0; 2; 0; 0; 0; 0; 12; 0; 0; 0; 1; 2; 1; 0; 2; 0; 115; 8; 0; 2; 0; 1; 0; 0; 6; 0; 0; 0; 3; 18; 1; 0; 2; 0; 0; 0; 1; 0; 1; 0; 0; 0; 0; 0; 0; 0; 19; 0; 0; 0; 0; 1; 0; 0; 0; 1; 0; 0; 0; 0; 0; 0; 1; 2; 21
Moura; 0; 0; 11; 0; 0; 0; 3; 0; 1; 101; 0; 0; 1; 0; 2; 0; 4; 1; 4; 49; 0; 20; 0; 0; 1; 0; 1; 0; 1; 90; 0; 0; 0; 0; 0; 0; 3; 0; 1; 0; 0; 0; 0; 0; 12; 2; 2; 1; 0; 5; 0; 0; 11; 0; 0; 1; 0; 0; 0; 0; 0; 0; 0; 1; 0
Mourão; 0; 0; 2; 0; 0; 0; 0; 0; 0; 13; 0; 0; 0; 0; 1; 0; 2; 0; 0; 12; 0; 1; 0; 0; 0; 0; 0; 0; 0; 19; 0; 0; 0; 0; 0; 0; 0; 0; 0; 0; 0; 0; 0; 0; 1; 0; 0; 0; 0; 0; 0; 0; 3; 0; 0; 0; 0; 0; 0; 0; 0; 0; 0; 0; 0
Murça; 0; 0; 1; 0; 0; 0; 2; 1; 0; 0; 7; 36; 1; 0; 0; 1; 7; 9; 0; 1; 0; 1; 0; 0; 1; 0; 0; 2; 1; 7; 0; 0; 1; 0; 4; 0; 1; 0; 0; 1; 0; 0; 0; 0; 0; 0; 15; 0; 0; 0; 0; 0; 0; 0; 0; 0; 0; 1; 0; 0; 0; 0; 0; 36; 0
Murtosa; 0; 3; 3; 0; 0; 0; 57; 0; 0; 1; 4; 3; 0; 0; 3; 0; 30; 10; 0; 0; 0; 1; 0; 0; 5; 0; 0; 0; 2; 7; 1; 0; 1; 0; 0; 0; 3; 4; 1; 0; 0; 1; 0; 2; 1; 0; 28; 0; 2; 0; 0; 0; 0; 0; 0; 0; 0; 0; 1; 0; 0; 0; 0; 0; 8
Nazaré; 1; 0; 6; 0; 0; 0; 14; 0; 1; 0; 1; 0; 17; 1; 5; 0; 47; 5; 1; 11; 0; 5; 0; 0; 0; 0; 1; 0; 92; 84; 1; 3; 1; 0; 1; 0; 6; 0; 0; 0; 0; 15; 0; 1; 1; 0; 12; 3; 0; 3; 0; 0; 0; 0; 0; 3; 0; 0; 0; 0; 0; 0; 1; 0; 1
Nelas; 0; 0; 2; 0; 0; 0; 27; 0; 0; 0; 8; 0; 0; 0; 3; 0; 92; 20; 0; 2; 0; 0; 0; 0; 10; 0; 0; 1; 8; 55; 0; 0; 0; 0; 1; 0; 2; 0; 0; 1; 0; 0; 0; 0; 1; 0; 15; 1; 0; 0; 0; 1; 0; 0; 0; 0; 0; 0; 0; 0; 0; 0; 0; 6; 109
Nisa; 0; 0; 4; 0; 0; 0; 2; 0; 0; 0; 0; 0; 1; 0; 20; 0; 10; 9; 1; 25; 0; 4; 0; 0; 6; 0; 0; 0; 1; 41; 0; 0; 0; 0; 0; 0; 3; 0; 0; 0; 0; 1; 0; 0; 21; 0; 0; 0; 0; 2; 0; 0; 0; 0; 0; 0; 0; 0; 0; 0; 0; 0; 0; 0; 2
Nordeste; 0; 0; 0; 0; 0; 3; 0; 0; 0; 0; 3; 3; 0; 0; 0; 0; 1; 0; 0; 0; 0; 0; 0; 0; 0; 0; 0; 0; 0; 7; 0; 0; 1; 0; 0; 0; 0; 0; 0; 0; 0; 0; 60; 0; 0; 0; 7; 0; 0; 0; 0; 0; 0; 0; 0; 0; 0; 0; 0; 0; 0; 0; 2; 2; 0
Óbidos; 0; 0; 12; 0; 0; 0; 1; 1; 0; 1; 0; 0; 24; 1; 2; 0; 27; 6; 0; 7; 0; 0; 0; 0; 0; 0; 0; 1; 52; 102; 0; 0; 0; 0; 1; 0; 7; 0; 0; 0; 0; 19; 0; 0; 1; 0; 7; 6; 0; 7; 0; 0; 0; 0; 0; 4; 0; 0; 0; 0; 0; 0; 1; 1; 1
Odemira; 0; 0; 22; 0; 0; 0; 10; 0; 2; 76; 0; 1; 1; 3; 9; 0; 12; 2; 2; 29; 0; 97; 0; 0; 1; 0; 1; 0; 2; 157; 1; 0; 0; 0; 0; 1; 13; 0; 0; 0; 0; 2; 1; 0; 2; 6; 2; 1; 0; 2; 0; 0; 22; 1; 0; 2; 0; 0; 0; 0; 0; 0; 2; 0; 0
Odivelas; 0; 1; 186; 6; 0; 0; 12; 1; 4; 2; 4; 4; 18; 61; 15; 0; 22; 14; 0; 21; 0; 15; 0; 0; 1; 0; 2; 0; 8;3 588; 1; 0; 1; 0; 1; 108; 113; 0; 1; 0; 0; 10; 0; 0; 11; 0; 18; 1; 0; 10; 0; 1; 35; 0; 1; 1; 0; 0; 0; 0; 0; 0; 3; 6; 5
Oeiras; 0; 0; 400; 19; 0; 2; 17; 4; 2; 5; 9; 7; 24; 218; 10; 0; 30; 22; 1; 35; 0; 22; 0; 2; 4; 0; 3; 1; 11;5 154; 1; 0; 1; 1; 1; 18; 576; 0; 1; 0; 0; 6; 5; 0; 8; 1; 40; 1; 0; 7; 1; 0; 34; 0; 4; 8; 0; 0; 0; 0; 0; 0; 2; 5; 5
Oleiros; 0; 0; 0; 0; 0; 0; 2; 0; 0; 0; 1; 1; 0; 0; 33; 0; 20; 12; 0; 0; 0; 0; 0; 0; 1; 0; 5; 0; 3; 12; 1; 0; 0; 0; 0; 0; 1; 0; 0; 0; 0; 0; 0; 0; 0; 0; 1; 0; 0; 0; 0; 0; 0; 0; 0; 0; 0; 0; 0; 0; 0; 0; 0; 0; 0
Olhão; 1; 0; 14; 1; 0; 0; 4; 1; 0; 14; 0; 0; 7; 0; 0; 0; 16; 6; 2; 20; 0; 654; 0; 1; 0; 0; 1; 0; 2; 154; 0; 0; 2; 0; 0; 0; 9; 0; 0; 2; 0; 1; 0; 0; 2; 9; 10; 0; 0; 0; 0; 0; 4; 2; 0; 0; 0; 0; 0; 0; 0; 0; 0; 0; 3
Oliveira de Azeméis; 1; 21; 8; 0; 0; 0; 300; 1; 0; 2; 42; 11; 7; 0; 13; 0; 296; 51; 0; 8; 0; 9; 5; 0; 13; 0; 2; 0; 15; 85; 26; 0; 32; 1; 3; 0; 3; 149; 2; 4; 0; 5; 0; 0; 0; 0; 444; 0; 100; 1; 0; 2; 1; 0; 0; 4; 0; 3; 2; 4; 0; 2; 44; 40; 43
Oliveira de Frades; 0; 6; 2; 0; 0; 0; 44; 0; 0; 0; 1; 1; 0; 1; 0; 0; 72; 6; 0; 0; 0; 2; 1; 0; 18; 0; 0; 0; 3; 33; 1; 0; 0; 0; 0; 0; 3; 0; 0; 1; 0; 1; 0; 1; 0; 0; 15; 0; 0; 0; 0; 2; 0; 0; 0; 1; 0; 0; 0; 0; 0; 0; 2; 3; 51
Oliveira do Bairro; 0; 41; 2; 0; 0; 0; 201; 3; 0; 0; 4; 1; 1; 0; 7; 0; 228; 11; 0; 6; 0; 2; 0; 0; 5; 0; 0; 2; 12; 27; 5; 0; 2; 0; 1; 0; 1; 3; 4; 0; 0; 2; 0; 1; 0; 0; 76; 0; 0; 0; 0; 3; 0; 0; 0; 3; 0; 0; 1; 1; 0; 0; 7; 4; 25
Oliveira do Hospital; 0; 0; 4; 0; 0; 0; 18; 1; 0; 0; 2; 1; 5; 3; 12; 0; 268; 17; 1; 1; 0; 0; 0; 0; 18; 0; 0; 0; 10; 73; 0; 0; 0; 0; 0; 1; 2; 1; 103; 1; 0; 1; 0; 0; 0; 1; 23; 0; 0; 1; 0; 8; 1; 0; 0; 1; 0; 0; 1; 0; 0; 0; 3; 3; 28
Ourém; 3; 2; 38; 0; 0; 0; 57; 0; 1; 1; 2; 2; 54; 5; 32; 0; 235; 32; 0; 34; 0; 20; 1; 0; 2; 0; 3; 0; 393; 405; 1; 1; 1; 0; 0; 0; 15; 0; 1; 2; 0; 29; 1; 1; 14; 1; 40; 2; 0; 14; 0; 0; 2; 0; 0; 45; 0; 0; 0; 0; 0; 0; 0; 3; 10
Ourique; 0; 0; 3; 0; 0; 0; 0; 0; 0; 22; 0; 0; 0; 0; 1; 0; 3; 1; 0; 3; 0; 19; 0; 0; 0; 0; 0; 0; 0; 38; 0; 0; 0; 0; 0; 0; 1; 0; 0; 0; 0; 0; 0; 0; 0; 2; 0; 0; 0; 0; 0; 0; 0; 0; 0; 0; 0; 0; 0; 0; 0; 0; 0; 0; 0
Ovar; 1; 32; 3; 0; 0; 1; 404; 1; 0; 3; 26; 6; 8; 2; 13; 0; 139; 26; 0; 6; 0; 4; 2; 0; 7; 0; 0; 0; 7; 57; 27; 0; 39; 0; 0; 0; 4; 23; 0; 4; 0; 3; 1; 1; 2; 0; 609; 0; 74; 0; 0; 3; 0; 0; 1; 3; 0; 0; 3; 7; 0; 0; 60; 20; 23
Paços de Ferreira; 0; 1; 2; 0; 0; 0; 55; 19; 0; 1; 123; 46; 0; 0; 4; 0; 108; 26; 0; 3; 0; 3; 56; 0; 7; 0; 0; 7; 4; 51; 76; 0; 75; 5; 12; 0; 0; 0; 0; 45; 6; 0; 0; 0; 1; 1; 572; 0; 0; 0; 0; 2; 2; 0; 0; 2; 0; 1; 12; 11; 0; 3; 48; 94; 11
Palmela; 0; 0; 198; 3; 0; 0; 7; 0; 22; 6; 1; 3; 5; 13; 10; 0; 15; 3; 1; 66; 0; 19; 0; 0; 0; 0; 0; 2; 6; 964; 1; 0; 0; 0; 0; 2; 20; 0; 0; 1; 0; 3; 0; 0; 5; 0; 17; 1; 0; 1; 0; 0; 452; 0; 0; 3; 0; 0; 0; 0; 0; 0; 0; 5; 0
Pampilhosa da Serra; 0; 0; 0; 0; 0; 0; 1; 0; 0; 0; 0; 0; 0; 0; 6; 0; 19; 6; 0; 0; 0; 0; 0; 0; 1; 0; 1; 0; 2; 4; 0; 0; 0; 0; 0; 0; 2; 0; 0; 0; 0; 0; 0; 0; 0; 0; 2; 0; 0; 0; 0; 0; 0; 0; 0; 0; 0; 0; 0; 0; 0; 0; 0; 0; 0
Paredes; 1; 2; 2; 0; 0; 1; 59; 11; 0; 0; 62; 59; 2; 0; 4; 0; 77; 21; 0; 4; 1; 3; 113; 0; 10; 0; 1; 1; 5; 54; 73; 0; 149; 1; 16; 1; 2; 7; 2; 157; 20; 2; 1; 0; 0; 0;1 157; 0; 0; 0; 0; 2; 0; 0; 0; 1; 0; 4; 11; 12; 0; 2; 82; 103; 3
Paredes de Coura; 0; 0; 0; 0; 0; 0; 2; 9; 0; 0; 26; 3; 0; 0; 2; 0; 13; 3; 0; 1; 0; 1; 0; 0; 0; 0; 0; 0; 2; 11; 0; 0; 2; 4; 1; 0; 0; 0; 2; 2; 0; 0; 0; 5; 0; 0; 18; 0; 0; 0; 0; 0; 0; 0; 0; 0; 0; 9; 38; 0; 0; 0; 4; 4; 0
Pedrógão Grande; 0; 0; 2; 0; 0; 0; 2; 0; 0; 0; 0; 0; 1; 0; 7; 0; 27; 4; 0; 0; 0; 0; 0; 0; 0; 0; 0; 0; 8; 7; 0; 0; 0; 0; 0; 0; 2; 0; 0; 0; 0; 2; 0; 0; 0; 0; 1; 0; 0; 0; 0; 0; 0; 0; 0; 4; 0; 0; 0; 0; 0; 0; 1; 0; 0
Penacova; 0; 1; 0; 0; 0; 0; 3; 1; 0; 0; 0; 2; 3; 0; 5; 0; 297; 4; 0; 2; 0; 3; 0; 0; 0; 0; 2; 0; 3; 15; 1; 0; 0; 0; 0; 0; 0; 1; 4; 1; 0; 1; 0; 0; 1; 0; 5; 0; 0; 0; 0; 0; 2; 0; 0; 0; 0; 0; 1; 0; 0; 0; 0; 0; 3
Penafiel; 0; 3; 2; 0; 0; 1; 42; 10; 0; 0; 71; 131; 0; 0; 5; 0; 103; 46; 1; 4; 3; 5; 57; 0; 8; 0; 0; 4; 4; 68; 53; 0; 84; 0; 33; 1; 0; 2; 2; 103; 56; 0; 1; 0; 1; 0; 921; 0; 0; 0; 0; 1; 2; 0; 0; 0; 0; 0; 4; 8; 0; 4; 74; 107; 14
Penalva do Castelo; 0; 1; 0; 0; 0; 0; 22; 0; 0; 0; 1; 4; 0; 0; 4; 0; 22; 14; 0; 0; 0; 0; 0; 0; 10; 0; 1; 7; 2; 19; 0; 0; 2; 0; 0; 0; 0; 0; 0; 0; 0; 0; 0; 0; 0; 0; 5; 0; 0; 0; 0; 0; 0; 0; 0; 0; 0; 0; 0; 0; 0; 0; 0; 2; 63
Penamacor; 1; 0; 1; 0; 0; 0; 1; 0; 0; 0; 0; 0; 0; 3; 18; 0; 3; 22; 0; 1; 0; 1; 0; 0; 7; 0; 5; 0; 0; 13; 0; 0; 0; 0; 0; 0; 1; 0; 0; 0; 0; 0; 0; 0; 2; 0; 1; 0; 0; 0; 0; 2; 1; 0; 0; 0; 0; 0; 0; 0; 0; 0; 0; 0; 3
Penedono; 0; 0; 0; 0; 0; 0; 2; 0; 0; 0; 0; 3; 0; 1; 1; 0; 10; 0; 0; 0; 0; 0; 0; 0; 3; 0; 0; 0; 0; 3; 1; 0; 0; 0; 1; 0; 1; 0; 0; 0; 0; 0; 0; 0; 1; 0; 2; 0; 0; 0; 0; 0; 0; 0; 0; 0; 0; 0; 0; 0; 0; 0; 1; 1; 26
Penela; 0; 0; 0; 0; 0; 0; 1; 0; 0; 0; 0; 1; 2; 0; 1; 0; 121; 2; 0; 0; 0; 0; 0; 0; 1; 0; 0; 0; 12; 9; 0; 0; 0; 0; 0; 0; 1; 0; 0; 0; 0; 1; 0; 0; 0; 0; 2; 0; 0; 0; 0; 1; 0; 0; 1; 2; 0; 0; 1; 0; 0; 0; 0; 1; 0
Peniche; 0; 0; 20; 0; 0; 1; 10; 0; 0; 1; 0; 0; 32; 5; 3; 0; 39; 8; 2; 2; 0; 6; 0; 1; 1; 0; 1; 0; 87; 254; 1; 0; 0; 0; 0; 1; 8; 0; 0; 0; 0; 126; 0; 0; 2; 1; 7; 4; 0; 6; 0; 0; 1; 0; 1; 2; 3; 0; 0; 0; 0; 0; 0; 0; 0
Peso da Régua; 1; 0; 2; 1; 0; 0; 18; 0; 0; 1; 11; 50; 0; 1; 3; 2; 46; 6; 0; 1; 0; 1; 1; 0; 3; 0; 0; 20; 4; 19; 7; 0; 8; 0; 7; 0; 0; 0; 0; 1; 0; 0; 0; 0; 0; 0; 108; 0; 0; 2; 0; 1; 1; 0; 0; 0; 0; 0; 1; 3; 0; 0; 7; 111; 20
Pinhel; 0; 0; 1; 0; 0; 0; 10; 0; 1; 0; 2; 1; 0; 0; 18; 0; 43; 45; 1; 2; 0; 1; 1; 0; 48; 0; 2; 1; 1; 23; 0; 0; 0; 0; 0; 0; 2; 0; 0; 0; 0; 0; 0; 0; 0; 0; 6; 0; 0; 1; 0; 0; 0; 0; 0; 2; 0; 1; 1; 0; 0; 0; 2; 4; 7
Pombal; 2; 0; 16; 0; 0; 1; 77; 0; 1; 3; 11; 5; 36; 4; 25; 0; 473; 43; 1; 18; 0; 9; 0; 0; 7; 0; 1; 0; 432; 232; 1; 3; 3; 1; 2; 0; 19; 0; 4; 5; 0; 26; 1; 0; 3; 0; 63; 1; 0; 7; 0; 5; 3; 0; 1; 18; 0; 1; 0; 1; 0; 0; 3; 6; 11
Ponta Delgada; 0; 0; 37; 0; 0; 38; 16; 2; 0; 2; 33; 16; 6; 11; 6; 0; 111; 13; 0; 19; 0; 11; 1; 1; 1; 0; 2; 0; 13; 520; 3; 0; 11; 2; 3; 0; 45; 3; 10; 1; 0; 2;1 013; 4; 4; 0; 142; 2; 0; 2; 0; 1; 7; 0; 1; 5; 0; 0; 1; 4; 0; 0; 13; 14; 14
Ponta do Sol; 0; 0; 1; 0; 0; 1; 3; 1; 0; 0; 3; 1; 1; 0; 4; 0; 20; 5; 0; 3; 0; 2; 0; 76; 1; 0; 0; 0; 1; 47; 2; 0; 0; 0; 0; 0; 3; 0; 0; 0; 0; 0; 0; 0; 0; 0; 16; 0; 0; 2; 0; 0; 1; 0; 0; 1; 0; 0; 0; 0; 0; 0; 0; 3; 0
Ponte da Barca; 1; 2; 0; 0; 0; 0; 9; 13; 0; 0; 87; 7; 1; 0; 1; 0; 17; 12; 0; 1; 0; 0; 2; 0; 1; 0; 0; 0; 4; 14; 1; 0; 1; 2; 1; 0; 0; 0; 0; 0; 0; 0; 0; 7; 1; 0; 41; 0; 0; 0; 0; 0; 0; 0; 0; 0; 0; 9; 65; 2; 1; 0; 2; 5; 3
Ponte de Lima; 1; 0; 2; 0; 0; 0; 48; 57; 0; 1; 312; 30; 1; 2; 2; 0; 83; 29; 0; 1; 0; 1; 2; 0; 5; 0; 0; 0; 4; 49; 2; 0; 10; 12; 7; 0; 2; 0; 1; 3; 0; 0; 0; 67; 1; 0; 217; 0; 0; 0; 0; 1; 0; 0; 0; 1; 0; 20; 214; 3; 7; 2; 18; 45; 7
Ponte de Sor; 4; 0; 17; 0; 0; 0; 8; 0; 0; 2; 0; 0; 0; 1; 52; 0; 30; 16; 4; 53; 0; 10; 0; 0; 0; 0; 0; 0; 10; 143; 1; 0; 2; 0; 0; 1; 3; 0; 1; 0; 0; 2; 0; 0; 50; 0; 2; 1; 0; 5; 0; 0; 17; 0; 0; 4; 0; 0; 0; 0; 0; 0; 0; 0; 1
Portalegre; 3; 0; 31; 0; 0; 0; 7; 0; 0; 4; 0; 0; 1; 4; 33; 0; 31; 16; 10; 70; 0; 7; 0; 0; 7; 0; 1; 0; 15; 266; 0; 0; 0; 0; 0; 0; 13; 0; 0; 0; 0; 1; 0; 0; 342; 1; 9; 0; 0; 0; 0; 3; 8; 0; 0; 4; 0; 0; 0; 0; 0; 0; 0; 1; 1
Portel; 0; 0; 2; 0; 0; 0; 1; 0; 0; 26; 0; 0; 1; 0; 0; 0; 3; 2; 0; 50; 0; 7; 0; 0; 0; 0; 0; 0; 0; 21; 0; 0; 0; 0; 0; 0; 0; 0; 0; 0; 0; 0; 0; 0; 2; 0; 0; 1; 0; 0; 0; 0; 4; 1; 0; 0; 0; 0; 0; 0; 0; 0; 0; 0; 0
Portimão; 1; 0; 55; 4; 0; 2; 11; 0; 0; 43; 5; 5; 3; 5; 18; 0; 48; 9; 3; 84; 0; 280; 0; 0; 3; 0; 0; 0; 8; 432; 0; 0; 1; 0; 1; 1; 17; 0; 0; 2; 0; 4; 0; 0; 5; 187; 26; 3; 0; 1; 0; 0; 27; 25; 0; 0; 0; 0; 0; 0; 0; 0; 3; 3; 3
Porto; 0; 2; 12; 14; 0; 1; 146; 23; 0; 1; 280; 19; 14; 11; 9; 0; 347; 43; 0; 15; 2; 21; 24; 2; 8; 3; 1; 3; 3; 520; 346; 0; 723; 2; 12; 0; 18; 6; 1; 86; 1; 1; 2; 21; 3; 0;9 493; 0; 0; 0; 0; 4; 2; 0; 2; 1; 0; 2; 12; 130; 0; 7; 327; 109; 10
Porto de Mós; 0; 1; 13; 0; 1; 1; 33; 1; 0; 3; 1; 1; 25; 3; 15; 0; 119; 13; 1; 19; 0; 5; 0; 0; 5; 0; 0; 0; 243; 224; 1; 3; 1; 0; 0; 0; 9; 0; 0; 0; 0; 10; 0; 0; 4; 0; 19; 4; 0; 8; 0; 0; 2; 0; 0; 9; 0; 0; 0; 0; 0; 0; 1; 2; 5
Porto Moniz; 0; 0; 3; 0; 0; 0; 0; 0; 0; 0; 2; 1; 0; 0; 0; 0; 5; 2; 0; 4; 0; 0; 0; 27; 0; 0; 0; 0; 2; 10; 0; 0; 1; 0; 0; 0; 0; 0; 0; 0; 0; 1; 0; 0; 0; 0; 9; 1; 0; 1; 0; 0; 6; 0; 0; 0; 0; 0; 0; 0; 0; 0; 0; 1; 0
Porto Santo; 0; 0; 4; 1; 0; 0; 0; 0; 0; 2; 2; 0; 0; 0; 0; 0; 8; 1; 0; 0; 0; 3; 0; 14; 0; 0; 0; 0; 1; 35; 0; 0; 1; 0; 1; 0; 1; 0; 0; 0; 0; 1; 0; 0; 4; 0; 5; 0; 0; 0; 0; 0; 1; 0; 0; 2; 0; 0; 0; 0; 0; 0; 0; 2; 0
Póvoa de Lanhoso; 0; 0; 0; 0; 10; 0; 7; 56; 0; 0; 302; 22; 1; 2; 0; 0; 19; 12; 0; 1; 10; 0; 2; 0; 6; 0; 1; 0; 1; 15; 2; 0; 0; 2; 4; 0; 0; 1; 0; 3; 0; 1; 1; 5; 1; 0; 50; 0; 0; 0; 0; 1; 0; 0; 0; 0; 0; 2; 24; 0; 0; 11; 6; 23; 3
Póvoa de Varzim; 0; 3; 4; 1; 0; 1; 50; 110; 0; 0; 183; 15; 2; 1; 8; 0; 93; 25; 0; 7; 1; 7; 9; 0; 5; 1; 0; 0; 5; 73; 96; 0; 94; 0; 3; 0; 4; 1; 2; 10; 1; 0; 3; 22; 0; 0; 907; 0; 0; 0; 0; 2; 0; 0; 0; 2; 0; 6; 99; 74; 0; 28; 53; 43; 8
Povoação; 0; 0; 3; 0; 0; 1; 0; 0; 0; 0; 4; 0; 0; 0; 1; 0; 12; 0; 0; 2; 0; 2; 0; 0; 0; 0; 0; 0; 1; 10; 0; 0; 1; 0; 0; 0; 3; 0; 0; 0; 0; 1; 54; 0; 1; 0; 6; 0; 0; 0; 0; 0; 1; 0; 0; 1; 0; 0; 0; 0; 0; 0; 0; 1; 0
Proença-a-Nova; 1; 0; 12; 0; 0; 0; 4; 0; 0; 0; 0; 1; 0; 1; 44; 0; 39; 16; 0; 3; 0; 3; 0; 0; 4; 0; 3; 0; 7; 60; 0; 0; 0; 0; 1; 1; 4; 0; 1; 0; 0; 5; 0; 0; 11; 0; 2; 3; 0; 1; 0; 1; 1; 0; 0; 6; 0; 0; 0; 1; 0; 0; 0; 0; 1
Redondo; 0; 0; 4; 0; 0; 0; 1; 0; 0; 13; 1; 0; 2; 2; 4; 0; 6; 0; 8; 68; 0; 2; 0; 0; 0; 0; 0; 0; 0; 79; 0; 0; 0; 0; 0; 0; 1; 0; 0; 0; 0; 1; 0; 0; 10; 0; 3; 1; 0; 0; 0; 0; 3; 0; 0; 0; 0; 0; 0; 0; 0; 0; 0; 0; 0
Reguengos de Monsaraz; 0; 0; 8; 0; 0; 0; 0; 0; 2; 28; 1; 0; 0; 0; 1; 0; 4; 0; 0; 99; 0; 16; 0; 0; 0; 0; 0; 0; 2; 56; 0; 0; 0; 0; 0; 0; 1; 0; 0; 0; 0; 1; 0; 0; 0; 0; 2; 1; 0; 2; 0; 1; 6; 0; 1; 0; 0; 0; 0; 0; 0; 0; 0; 0; 1
Resende; 0; 0; 0; 0; 0; 0; 9; 1; 0; 0; 5; 27; 0; 0; 2; 0; 17; 6; 0; 0; 0; 1; 1; 0; 6; 0; 0; 27; 3; 8; 1; 0; 3; 0; 2; 0; 0; 0; 0; 2; 0; 0; 0; 0; 0; 0; 69; 0; 0; 0; 0; 1; 0; 0; 0; 0; 0; 0; 0; 1; 0; 0; 8; 25; 30
Ribeira Brava; 0; 0; 9; 0; 0; 1; 0; 3; 0; 3; 5; 0; 1; 0; 7; 0; 23; 7; 0; 6; 0; 3; 1; 150; 1; 0; 0; 0; 7; 56; 1; 0; 2; 0; 0; 1; 2; 0; 0; 0; 0; 4; 4; 0; 1; 0; 19; 0; 0; 1; 0; 1; 5; 0; 0; 0; 0; 0; 0; 1; 0; 0; 0; 4; 1
Ribeira de Pena; 0; 0; 1; 0; 0; 0; 2; 1; 0; 0; 8; 14; 0; 0; 0; 1; 13; 4; 0; 0; 0; 0; 0; 0; 2; 0; 0; 0; 1; 4; 0; 0; 5; 1; 1; 0; 0; 0; 0; 1; 0; 0; 0; 0; 1; 0; 29; 0; 0; 0; 0; 0; 0; 0; 0; 0; 0; 0; 1; 0; 0; 0; 6; 50; 2
Ribeira Grande; 0; 0; 8; 0; 0; 18; 10; 1; 0; 2; 14; 1; 3; 1; 3; 0; 38; 9; 0; 10; 0; 2; 0; 0; 2; 0; 1; 0; 10; 106; 0; 0; 0; 0; 0; 0; 5; 1; 0; 0; 0; 5; 342; 0; 1; 0; 32; 0; 0; 2; 0; 0; 1; 0; 0; 1; 0; 0; 0; 1; 0; 0; 5; 6; 2
Rio Maior; 0; 0; 22; 0; 0; 1; 7; 0; 0; 1; 1; 0; 18; 6; 13; 0; 30; 7; 0; 14; 0; 7; 0; 1; 0; 0; 0; 1; 79; 221; 1; 0; 0; 0; 0; 0; 11; 0; 0; 0; 0; 23; 2; 0; 1; 3; 3; 11; 0; 32; 0; 1; 1; 1; 0; 5; 0; 0; 0; 0; 0; 0; 0; 4; 1
Sabrosa; 0; 0; 0; 0; 0; 1; 7; 0; 1; 0; 4; 14; 0; 0; 0; 0; 8; 7; 0; 0; 0; 0; 0; 0; 1; 0; 0; 3; 0; 8; 0; 0; 0; 0; 5; 0; 1; 0; 0; 1; 0; 0; 0; 0; 0; 0; 15; 0; 0; 0; 0; 0; 0; 0; 0; 0; 0; 0; 0; 0; 0; 0; 1; 49; 0
Sabugal; 0; 1; 3; 0; 0; 0; 12; 0; 0; 0; 0; 3; 0; 0; 13; 0; 30; 32; 0; 6; 0; 0; 1; 0; 30; 0; 3; 4; 3; 40; 0; 0; 0; 0; 0; 0; 3; 0; 0; 0; 0; 0; 0; 0; 2; 0; 10; 0; 0; 0; 0; 1; 2; 0; 1; 0; 0; 0; 0; 0; 0; 0; 0; 0; 8
Salvaterra de Magos; 1; 4; 24; 0; 0; 0; 2; 0; 1; 1; 0; 1; 10; 0; 11; 0; 18; 7; 0; 26; 0; 6; 0; 0; 2; 0; 0; 0; 13; 236; 0; 0; 0; 0; 0; 0; 12; 0; 0; 0; 0; 5; 1; 0; 2; 0; 6; 3; 0; 49; 0; 0; 5; 0; 0; 5; 0; 0; 0; 0; 0; 0; 0; 0; 1
Santa Comba Dão; 0; 2; 4; 0; 0; 0; 28; 0; 0; 0; 2; 1; 0; 2; 9; 0; 122; 15; 0; 3; 0; 1; 0; 0; 5; 0; 0; 1; 2; 35; 0; 0; 0; 0; 0; 0; 2; 0; 5; 0; 0; 0; 1; 0; 0; 0; 18; 0; 0; 0; 0; 1; 1; 0; 0; 0; 0; 0; 0; 0; 0; 0; 0; 5; 56
Santa Cruz; 1; 0; 17; 2; 0; 0; 17; 0; 1; 4; 27; 5; 4; 0; 7; 0; 52; 15; 0; 17; 0; 14; 1; 485; 2; 0; 0; 1; 14; 310; 0; 0; 4; 0; 1; 1; 11; 3; 0; 0; 0; 3; 5; 0; 2; 1; 94; 0; 0; 3; 0; 0; 8; 0; 0; 1; 0; 0; 0; 2; 0; 0; 9; 9; 4
Santa Cruz da Graciosa; 0; 0; 0; 0; 0; 10; 0; 0; 0; 0; 4; 0; 0; 0; 0; 0; 7; 1; 1; 2; 0; 2; 0; 0; 0; 0; 0; 0; 3; 22; 0; 0; 1; 0; 0; 0; 3; 0; 0; 0; 0; 2; 15; 0; 0; 0; 9; 0; 0; 1; 0; 0; 1; 0; 0; 0; 0; 0; 0; 0; 0; 0; 2; 1; 0
Santa Cruz das Flores; 0; 0; 1; 0; 0; 0; 2; 1; 0; 0; 0; 0; 0; 1; 0; 0; 1; 1; 0; 2; 0; 0; 0; 0; 0; 0; 0; 0; 0; 24; 0; 0; 0; 0; 0; 0; 0; 0; 0; 0; 0; 0; 6; 0; 0; 0; 1; 0; 0; 0; 0; 0; 0; 0; 0; 0; 0; 0; 0; 0; 0; 0; 0; 0; 0
Santa Maria da Feira; 0; 22; 8; 1; 0; 0; 557; 3; 0; 0; 85; 24; 12; 5; 18; 0; 347; 85; 0; 9; 0; 11; 5; 0; 6; 0; 1; 9; 18; 143; 87; 0; 148; 2; 5; 0; 3; 110; 6; 24; 0; 5; 1; 0; 1; 0;1 757; 1; 181; 1; 0; 6; 1; 1; 0; 2; 0; 1; 12; 20; 0; 0; 167; 71; 42
Santa Marta de Penaguião; 0; 0; 1; 0; 0; 0; 2; 0; 0; 0; 7; 36; 0; 0; 1; 0; 12; 4; 0; 0; 0; 1; 0; 0; 1; 0; 0; 4; 2; 7; 1; 0; 3; 0; 5; 0; 0; 0; 0; 2; 0; 0; 1; 0; 0; 0; 25; 0; 0; 0; 0; 0; 0; 0; 0; 0; 0; 0; 1; 0; 0; 0; 5; 59; 1
Santana; 0; 0; 5; 0; 0; 0; 3; 0; 0; 3; 4; 0; 1; 0; 3; 0; 19; 5; 0; 5; 0; 3; 0; 82; 0; 0; 0; 0; 3; 37; 0; 0; 6; 0; 0; 0; 1; 0; 0; 0; 0; 0; 1; 0; 2; 0; 12; 2; 0; 1; 0; 1; 1; 0; 0; 1; 0; 0; 0; 0; 0; 0; 3; 4; 0
Santarém; 7; 0; 86; 1; 0; 1; 25; 0; 2; 1; 3; 1; 10; 11; 16; 0; 131; 32; 3; 63; 0; 22; 0; 1; 2; 0; 3; 0; 88; 917; 0; 0; 2; 0; 1; 1; 33; 0; 3; 1; 0; 27; 0; 0; 6; 1; 20; 16; 0; 230; 0; 0; 17; 0; 2; 31; 0; 0; 0; 3; 0; 0; 1; 1; 4
Santiago do Cacém; 0; 0; 56; 0; 0; 0; 5; 0; 15; 65; 2; 1; 2; 6; 9; 0; 8; 6; 0; 48; 0; 46; 0; 0; 0; 0; 1; 0; 3; 260; 0; 0; 0; 0; 2; 0; 7; 0; 0; 0; 0; 2; 1; 0; 1; 1; 3; 1; 0; 0; 36; 0; 118; 0; 1; 0; 0; 0; 0; 0; 0; 0; 0; 0; 2
Santo Tirso; 0; 0; 2; 1; 0; 0; 49; 47; 0; 2; 322; 48; 2; 2; 7; 0; 73; 23; 0; 5; 3; 8; 44; 0; 3; 1; 0; 1; 6; 71; 110; 0; 76; 0; 7; 0; 0; 0; 0; 15; 0; 2; 0; 9; 0; 0; 896; 0; 0; 0; 0; 1; 1; 0; 0; 2; 0; 1; 12; 27; 0; 58; 56; 52; 7
São Brás de Alportel; 0; 0; 4; 0; 0; 0; 0; 1; 0; 9; 0; 0; 0; 0; 3; 0; 5; 3; 0; 7; 0; 133; 1; 0; 0; 0; 0; 0; 0; 51; 0; 0; 1; 0; 0; 0; 6; 0; 0; 0; 0; 0; 0; 0; 1; 3; 6; 0; 0; 0; 0; 0; 0; 2; 0; 0; 0; 0; 0; 1; 0; 0; 1; 0; 0
São João da Madeira; 0; 2; 3; 0; 0; 0; 114; 0; 0; 0; 21; 5; 2; 0; 2; 0; 117; 18; 0; 1; 0; 3; 1; 0; 11; 1; 0; 1; 5; 40; 9; 0; 18; 1; 1; 0; 2; 15; 1; 7; 0; 1; 0; 0; 0; 0; 244; 1; 44; 0; 0; 1; 1; 0; 0; 0; 0; 0; 1; 6; 0; 0; 13; 9; 21
São João da Pesqueira; 0; 0; 1; 0; 0; 0; 2; 1; 0; 0; 5; 13; 0; 0; 0; 0; 40; 4; 0; 0; 0; 0; 1; 0; 14; 0; 1; 2; 1; 10; 1; 0; 3; 0; 7; 0; 0; 0; 0; 1; 0; 0; 0; 0; 0; 0; 16; 0; 0; 0; 0; 0; 0; 0; 0; 0; 0; 0; 0; 0; 0; 0; 5; 15; 30
São Pedro do Sul; 0; 6; 6; 0; 0; 0; 27; 0; 0; 0; 0; 2; 2; 1; 4; 0; 106; 14; 0; 1; 0; 0; 0; 0; 9; 0; 1; 3; 2; 48; 0; 0; 2; 0; 1; 0; 2; 2; 1; 1; 0; 0; 0; 1; 1; 0; 45; 0; 0; 0; 0; 5; 2; 0; 0; 0; 0; 0; 0; 0; 0; 0; 1; 13; 105
São Roque do Pico; 0; 0; 0; 0; 0; 3; 0; 0; 0; 0; 0; 0; 0; 0; 1; 0; 7; 1; 0; 2; 0; 0; 0; 0; 0; 0; 0; 0; 2; 36; 0; 0; 0; 0; 0; 0; 3; 0; 0; 0; 0; 0; 15; 0; 1; 0; 6; 0; 0; 0; 0; 0; 1; 0; 0; 0; 0; 0; 0; 1; 0; 0; 0; 0; 0
São Vicente; 0; 0; 0; 0; 0; 0; 0; 0; 0; 0; 5; 2; 1; 0; 1; 0; 7; 1; 1; 0; 0; 3; 0; 39; 1; 0; 0; 0; 4; 32; 0; 0; 0; 0; 0; 0; 0; 1; 0; 0; 0; 0; 0; 0; 0; 0; 12; 0; 0; 1; 0; 0; 0; 0; 0; 0; 0; 0; 0; 0; 0; 0; 0; 3; 0
Sardoal; 5; 0; 3; 0; 0; 0; 3; 0; 0; 0; 0; 0; 0; 1; 9; 0; 8; 17; 0; 3; 0; 0; 0; 0; 0; 0; 0; 0; 4; 30; 0; 0; 0; 0; 0; 0; 1; 0; 0; 0; 0; 2; 0; 0; 2; 0; 0; 0; 0; 2; 0; 0; 1; 0; 0; 10; 0; 0; 0; 0; 0; 0; 0; 0; 0
Sátão; 0; 0; 5; 0; 0; 0; 20; 1; 0; 0; 3; 2; 0; 0; 4; 0; 80; 18; 0; 1; 0; 0; 0; 0; 14; 0; 1; 7; 1; 39; 0; 0; 1; 0; 0; 0; 0; 0; 0; 1; 0; 0; 0; 0; 0; 0; 27; 0; 0; 0; 0; 2; 1; 0; 0; 0; 0; 0; 0; 1; 0; 0; 1; 9; 113
Seia; 1; 0; 3; 1; 0; 0; 35; 0; 1; 0; 5; 8; 1; 0; 19; 0; 164; 50; 1; 8; 0; 2; 0; 0; 37; 0; 4; 4; 8; 78; 1; 0; 1; 0; 0; 0; 4; 0; 12; 2; 0; 1; 0; 0; 2; 0; 21; 1; 0; 1; 0; 23; 1; 0; 0; 0; 0; 0; 0; 0; 0; 0; 0; 4; 72
Seixal; 0; 1; 701; 14; 0; 1; 6; 1; 52; 19; 4; 4; 14; 54; 10; 0; 31; 15; 10; 69; 0; 18; 1; 1; 5; 0; 5; 3; 9;2 738; 0; 0; 1; 0; 0; 6; 75; 0; 0; 0; 0; 4; 2; 0; 12; 2; 21; 1; 0; 5; 0; 0; 579; 1; 2; 2; 0; 0; 2; 0; 0; 0; 0; 3; 2
Sernancelhe; 0; 0; 0; 0; 2; 0; 7; 0; 0; 0; 1; 2; 0; 1; 4; 0; 18; 9; 0; 0; 0; 0; 0; 0; 9; 0; 0; 6; 0; 5; 1; 0; 0; 0; 0; 0; 0; 0; 0; 2; 0; 0; 0; 0; 1; 0; 6; 0; 0; 0; 0; 0; 0; 0; 0; 0; 0; 0; 0; 2; 0; 0; 2; 5; 37
Serpa; 0; 0; 14; 0; 0; 0; 0; 0; 0; 153; 0; 3; 2; 4; 2; 0; 7; 2; 1; 41; 0; 30; 0; 0; 0; 0; 0; 0; 4; 89; 0; 0; 0; 0; 0; 1; 4; 0; 0; 0; 0; 1; 0; 0; 2; 2; 6; 2; 0; 0; 0; 0; 5; 0; 0; 0; 0; 0; 0; 0; 0; 0; 0; 0; 0
Sertã; 4; 1; 3; 0; 0; 0; 19; 0; 0; 0; 1; 1; 0; 1; 97; 0; 136; 15; 0; 3; 0; 4; 0; 0; 4; 0; 3; 0; 33; 81; 0; 0; 0; 0; 0; 0; 4; 2; 1; 0; 0; 2; 0; 0; 2; 0; 5; 3; 0; 2; 0; 2; 1; 0; 0; 18; 0; 0; 0; 0; 0; 0; 1; 2; 1
Sesimbra; 1; 0; 196; 3; 0; 0; 8; 0; 23; 5; 0; 0; 4; 6; 8; 0; 13; 2; 1; 26; 0; 14; 0; 0; 0; 0; 0; 0; 1; 722; 1; 0; 0; 0; 0; 4; 20; 0; 0; 1; 0; 7; 1; 0; 6; 1; 3; 0; 0; 3; 0; 0; 284; 0; 0; 6; 0; 0; 0; 0; 0; 0; 1; 3; 0
Setúbal; 1; 0; 344; 8; 0; 0; 8; 1; 56; 17; 4; 2; 9; 18; 28; 0; 43; 16; 3; 152; 0; 33; 0; 3; 3; 0; 1; 0; 6;1 720; 1; 0; 2; 0; 1; 4; 67; 1; 0; 0; 0; 2; 2; 0; 14; 1; 15; 2; 0; 3; 0; 0;1 278; 0; 3; 3; 0; 0; 0; 1; 0; 1; 1; 0; 4
Sever do Vouga; 0; 11; 1; 0; 0; 0; 103; 1; 0; 0; 7; 2; 0; 1; 3; 0; 66; 17; 0; 1; 0; 1; 0; 0; 2; 0; 0; 0; 7; 19; 3; 0; 1; 0; 1; 0; 1; 8; 1; 0; 0; 1; 1; 0; 0; 1; 47; 0; 0; 0; 0; 1; 0; 0; 1; 1; 0; 0; 1; 0; 0; 0; 3; 6; 24
Silves; 0; 0; 26; 0; 0; 0; 8; 0; 0; 21; 1; 0; 4; 2; 10; 0; 31; 4; 1; 49; 0; 197; 0; 0; 0; 0; 0; 0; 8; 210; 1; 0; 0; 0; 0; 0; 1; 0; 1; 0; 0; 2; 0; 0; 1; 42; 4; 1; 0; 1; 0; 0; 10; 12; 1; 0; 0; 0; 0; 1; 0; 0; 0; 2; 1
Sines; 0; 0; 19; 1; 0; 0; 0; 0; 16; 21; 1; 0; 2; 0; 6; 0; 5; 3; 0; 15; 0; 33; 0; 0; 0; 0; 0; 0; 0; 131; 0; 0; 0; 0; 0; 0; 13; 0; 0; 0; 0; 1; 0; 0; 1; 3; 2; 2; 0; 2; 3; 0; 66; 0; 0; 1; 0; 0; 0; 0; 0; 0; 0; 0; 0
Sintra; 6; 0; 537; 37; 0; 1; 24; 3; 30; 12; 16; 32; 25; 269; 40; 0; 86; 39; 13; 107; 0; 42; 3; 1; 9; 1; 4; 0; 50;9 337; 0; 0; 4; 1; 6; 73; 690; 0; 2; 2; 0; 39; 7; 1; 29; 6; 50; 4; 0; 18; 0; 0; 92; 0; 9; 26; 0; 2; 0; 0; 0; 0; 5; 9; 8
Sobral de Monte Agraço; 0; 1; 13; 1; 0; 0; 2; 0; 0; 2; 0; 0; 4; 4; 0; 0; 1; 1; 4; 1; 0; 3; 0; 0; 0; 0; 0; 0; 2; 171; 0; 0; 0; 0; 1; 4; 6; 0; 0; 0; 0; 7; 0; 0; 3; 0; 1; 0; 0; 3; 0; 0; 6; 0; 0; 0; 0; 0; 0; 1; 0; 0; 0; 0; 1
Soure; 0; 1; 7; 0; 0; 0; 9; 1; 0; 0; 2; 1; 4; 0; 4; 0; 403; 6; 0; 6; 0; 0; 0; 0; 2; 0; 0; 0; 28; 24; 1; 0; 0; 0; 0; 0; 1; 0; 2; 0; 0; 5; 0; 0; 0; 1; 10; 0; 0; 0; 0; 0; 2; 0; 2; 2; 0; 0; 0; 0; 0; 0; 2; 4; 0
Sousel; 0; 0; 3; 0; 0; 0; 1; 0; 0; 1; 1; 0; 0; 1; 1; 0; 3; 0; 10; 24; 0; 7; 0; 0; 0; 0; 0; 0; 0; 35; 0; 0; 0; 0; 0; 0; 0; 0; 0; 0; 0; 0; 0; 0; 14; 0; 1; 0; 0; 2; 0; 0; 3; 0; 0; 0; 0; 0; 0; 0; 0; 0; 1; 0; 0
Tábua; 0; 0; 0; 0; 0; 0; 9; 0; 0; 0; 2; 0; 0; 0; 1; 0; 143; 14; 1; 1; 0; 1; 0; 0; 3; 0; 0; 1; 8; 17; 0; 0; 0; 0; 0; 0; 1; 0; 28; 0; 0; 0; 0; 0; 2; 0; 5; 2; 0; 0; 0; 3; 1; 0; 0; 1; 0; 0; 0; 1; 0; 0; 0; 1; 18
Tabuaço; 0; 1; 1; 0; 0; 0; 7; 0; 0; 0; 1; 9; 0; 0; 0; 0; 14; 5; 0; 0; 0; 0; 0; 0; 3; 0; 0; 7; 0; 6; 0; 0; 2; 0; 3; 0; 1; 0; 0; 1; 0; 0; 0; 0; 0; 0; 12; 0; 0; 0; 0; 0; 0; 0; 0; 0; 0; 0; 0; 0; 0; 0; 2; 12; 19
Tarouca; 0; 0; 2; 0; 0; 0; 8; 0; 0; 0; 5; 6; 0; 0; 2; 0; 36; 6; 0; 1; 0; 0; 2; 0; 1; 0; 1; 25; 1; 13; 3; 0; 1; 0; 5; 0; 1; 0; 0; 1; 0; 0; 0; 0; 0; 0; 26; 0; 0; 0; 0; 0; 0; 0; 0; 0; 0; 0; 0; 0; 0; 0; 1; 22; 20
Tavira; 1; 0; 21; 1; 0; 0; 4; 1; 0; 33; 2; 0; 1; 1; 4; 0; 13; 6; 0; 30; 0; 293; 0; 2; 1; 0; 0; 0; 5; 173; 0; 0; 1; 1; 0; 0; 8; 0; 0; 0; 0; 0; 1; 0; 1; 3; 11; 0; 0; 2; 0; 0; 2; 1; 0; 0; 0; 0; 0; 0; 0; 0; 1; 0; 1
Terras de Bouro; 0; 0; 0; 0; 6; 0; 2; 28; 0; 0; 55; 7; 0; 0; 1; 0; 8; 2; 0; 0; 0; 0; 3; 0; 0; 0; 0; 1; 0; 11; 4; 0; 3; 1; 2; 0; 0; 0; 0; 0; 0; 0; 0; 2; 1; 0; 15; 0; 0; 0; 0; 0; 1; 0; 0; 0; 0; 2; 6; 0; 0; 2; 2; 4; 1
Tomar; 18; 1; 37; 0; 0; 0; 39; 0; 2; 0; 4; 1; 6; 5; 32; 0; 207; 28; 2; 25; 0; 9; 0; 1; 0; 0; 0; 0; 98; 398; 0; 0; 0; 0; 0; 3; 18; 0; 0; 0; 0; 10; 1; 0; 11; 0; 18; 2; 0; 10; 0; 1; 6; 0; 1; 417; 0; 0; 1; 0; 0; 0; 3; 7; 3
Tondela; 0; 2; 4; 0; 0; 1; 87; 1; 0; 1; 3; 3; 4; 6; 3; 0; 178; 26; 0; 2; 0; 0; 0; 0; 7; 0; 4; 6; 10; 84; 1; 0; 2; 0; 0; 0; 3; 2; 2; 0; 0; 1; 0; 0; 0; 1; 43; 0; 0; 1; 0; 3; 1; 0; 0; 4; 0; 0; 0; 0; 0; 0; 3; 13; 194
Torre de Moncorvo; 0; 0; 1; 0; 0; 0; 0; 0; 0; 0; 9; 50; 0; 0; 3; 0; 26; 4; 0; 0; 0; 1; 0; 0; 7; 0; 0; 0; 1; 8; 0; 0; 1; 0; 8; 0; 0; 0; 0; 0; 0; 0; 0; 0; 0; 0; 29; 0; 0; 0; 0; 1; 0; 0; 0; 0; 0; 0; 0; 2; 0; 0; 3; 17; 8
Torres Novas; 14; 1; 42; 2; 0; 0; 27; 0; 0; 2; 3; 2; 12; 3; 17; 0; 103; 32; 0; 35; 0; 17; 1; 0; 1; 0; 2; 0; 81; 448; 0; 0; 0; 0; 0; 0; 18; 0; 2; 0; 0; 19; 1; 0; 4; 1; 19; 4; 0; 12; 0; 0; 0; 0; 2; 91; 0; 0; 0; 0; 0; 0; 2; 1; 0
Torres Vedras; 3; 1; 82; 3; 0; 0; 14; 1; 1; 5; 5; 2; 43; 20; 9; 0; 48; 21; 2; 32; 0; 21; 0; 0; 1; 0; 2; 0; 162;1 315; 0; 0; 2; 0; 0; 3; 47; 0; 0; 0; 0; 72; 1; 0; 9; 2; 15; 15; 0; 24; 0; 2; 10; 0; 0; 8; 34; 0; 0; 0; 0; 0; 0; 4; 1
Trancoso; 1; 1; 4; 0; 0; 0; 14; 1; 0; 1; 4; 3; 1; 0; 6; 0; 38; 25; 0; 3; 0; 1; 0; 0; 34; 0; 2; 3; 2; 40; 0; 0; 1; 0; 3; 0; 4; 0; 2; 0; 0; 0; 0; 0; 1; 0; 9; 0; 0; 0; 0; 3; 0; 0; 0; 0; 0; 0; 0; 0; 0; 0; 0; 10; 24
Trofa; 0; 2; 2; 0; 1; 0; 22; 28; 0; 0; 165; 5; 0; 0; 2; 0; 25; 23; 0; 1; 0; 1; 7; 0; 2; 0; 0; 0; 0; 30; 111; 0; 61; 1; 1; 0; 0; 2; 0; 7; 0; 0; 0; 7; 0; 0; 492; 0; 0; 0; 0; 0; 0; 0; 0; 0; 0; 1; 13; 9; 0; 46; 38; 11; 0
Vagos; 0; 29; 3; 1; 0; 0; 221; 0; 0; 1; 6; 2; 5; 1; 1; 0; 154; 15; 1; 7; 0; 8; 1; 1; 13; 0; 0; 3; 18; 33; 0; 0; 2; 0; 2; 0; 0; 6; 2; 5; 0; 1; 0; 0; 1; 0; 55; 0; 0; 0; 0; 0; 1; 0; 0; 1; 0; 0; 1; 0; 0; 0; 8; 1; 31
Vale de Cambra; 0; 1; 1; 0; 0; 0; 113; 0; 0; 0; 7; 3; 1; 0; 3; 0; 129; 12; 0; 4; 0; 3; 0; 0; 9; 0; 0; 1; 3; 39; 8; 0; 11; 1; 0; 0; 0; 32; 4; 2; 0; 0; 0; 0; 0; 0; 202; 1; 27; 0; 0; 1; 0; 0; 0; 0; 0; 0; 1; 2; 0; 0; 14; 7; 36
Valença; 0; 0; 1; 0; 0; 0; 9; 6; 0; 0; 40; 7; 0; 3; 2; 0; 17; 2; 0; 1; 0; 3; 0; 0; 1; 0; 0; 0; 0; 15; 2; 0; 2; 6; 3; 0; 0; 0; 0; 0; 0; 0; 0; 4; 0; 0; 37; 0; 0; 0; 0; 0; 1; 0; 0; 0; 0; 66; 46; 1; 3; 0; 3; 10; 4
Valongo; 0; 2; 4; 1; 0; 1; 55; 23; 0; 0; 94; 19; 7; 0; 5; 0; 61; 19; 0; 5; 0; 2; 31; 0; 5; 1; 0; 1; 0; 105; 180; 0; 203; 4; 3; 0; 0; 1; 0; 54; 0; 2; 1; 5; 0; 0;1 709; 0; 1; 0; 0; 0; 0; 0; 1; 1; 0; 2; 9; 32; 0; 3; 111; 38; 6
Valpaços; 0; 0; 0; 0; 0; 0; 5; 0; 0; 0; 9; 103; 0; 0; 6; 4; 31; 5; 0; 1; 0; 0; 1; 0; 0; 0; 1; 0; 1; 27; 1; 0; 1; 0; 25; 0; 2; 0; 0; 0; 0; 0; 0; 0; 1; 0; 53; 0; 0; 0; 0; 1; 0; 0; 0; 0; 0; 0; 0; 1; 0; 0; 2; 46; 4
Velas; 0; 0; 1; 0; 0; 2; 4; 0; 0; 0; 3; 1; 1; 0; 0; 0; 14; 1; 0; 1; 0; 1; 0; 0; 0; 0; 1; 1; 4; 31; 1; 0; 0; 0; 0; 0; 1; 0; 0; 0; 0; 3; 27; 0; 0; 0; 6; 2; 0; 1; 0; 0; 1; 0; 0; 0; 0; 0; 0; 0; 0; 0; 3; 1; 2
Vendas Novas; 0; 0; 24; 0; 0; 0; 5; 1; 4; 9; 0; 0; 0; 0; 0; 0; 3; 2; 0; 36; 0; 4; 0; 0; 0; 0; 0; 0; 1; 114; 1; 0; 0; 0; 0; 0; 5; 0; 1; 0; 0; 0; 0; 0; 2; 2; 2; 0; 0; 3; 0; 0; 28; 0; 0; 1; 0; 1; 0; 0; 0; 0; 0; 0; 0
Viana do Alentejo; 0; 0; 5; 0; 0; 0; 1; 0; 0; 17; 0; 1; 1; 1; 0; 0; 3; 0; 3; 70; 0; 7; 0; 0; 0; 0; 1; 0; 0; 32; 0; 0; 0; 0; 0; 0; 2; 0; 0; 0; 0; 0; 0; 0; 1; 1; 1; 1; 0; 1; 0; 0; 1; 0; 0; 0; 0; 0; 0; 0; 0; 0; 0; 0; 1
Viana do Castelo; 1; 5; 10; 3; 2; 2; 84; 100; 0; 1; 417; 35; 13; 1; 19; 0; 221; 52; 0; 11; 0; 10; 7; 0; 8; 0; 1; 3; 13; 178; 25; 0; 60; 47; 5; 0; 13; 2; 2; 13; 2; 3; 3; 75; 0; 0; 705; 0; 0; 0; 0; 1; 5; 0; 1; 4; 0; 42; 771; 6; 7; 12; 38; 64; 8
Vidigueira; 0; 0; 5; 0; 0; 1; 0; 0; 0; 64; 0; 0; 1; 0; 1; 0; 2; 0; 2; 16; 0; 12; 0; 0; 0; 0; 0; 0; 0; 22; 0; 0; 0; 0; 0; 0; 1; 0; 0; 0; 0; 0; 0; 0; 1; 0; 0; 0; 0; 0; 0; 0; 2; 0; 0; 1; 0; 0; 0; 0; 0; 0; 0; 0; 0
Vieira do Minho; 0; 0; 0; 0; 4; 0; 7; 17; 0; 0; 158; 10; 0; 0; 0; 0; 12; 2; 1; 0; 6; 0; 1; 0; 1; 0; 0; 1; 0; 12; 3; 0; 0; 3; 1; 0; 1; 0; 0; 3; 0; 0; 0; 3; 0; 0; 34; 0; 0; 0; 0; 0; 0; 0; 0; 0; 0; 1; 12; 2; 0; 5; 3; 21; 0
Vila da Praia da Vitória; 0; 0; 6; 1; 0; 67; 12; 0; 0; 0; 8; 4; 3; 0; 0; 0; 45; 6; 0; 8; 0; 3; 1; 1; 0; 0; 1; 0; 13; 135; 0; 0; 5; 0; 1; 0; 5; 5; 0; 0; 0; 3; 33; 0; 2; 0; 35; 1; 0; 3; 0; 1; 3; 0; 0; 0; 0; 0; 0; 1; 0; 0; 7; 4; 1
Vila de Rei; 4; 0; 2; 0; 0; 1; 1; 0; 0; 0; 1; 1; 1; 0; 38; 0; 8; 7; 0; 0; 0; 0; 0; 0; 0; 0; 1; 0; 17; 32; 0; 0; 0; 0; 0; 0; 0; 0; 0; 0; 0; 0; 0; 0; 5; 0; 0; 0; 0; 0; 0; 0; 0; 0; 0; 6; 0; 0; 0; 0; 0; 0; 0; 0; 0
Vila do Bispo; 0; 0; 5; 0; 0; 0; 0; 0; 0; 2; 0; 0; 1; 0; 1; 0; 1; 1; 1; 2; 0; 22; 0; 0; 0; 0; 0; 0; 2; 20; 0; 0; 0; 0; 0; 0; 0; 0; 0; 0; 0; 2; 0; 0; 1; 3; 2; 0; 0; 0; 0; 0; 1; 3; 0; 0; 0; 0; 0; 0; 0; 0; 0; 1; 0
Vila do Conde; 0; 3; 2; 1; 0; 1; 42; 55; 0; 0; 117; 23; 3; 2; 4; 0; 61; 19; 1; 2; 3; 6; 5; 0; 9; 0; 0; 1; 6; 70; 191; 0; 146; 1; 3; 0; 2; 2; 0; 7; 1; 2; 2; 22; 2; 0;1 174; 1; 1; 0; 0; 0; 1; 0; 0; 1; 0; 4; 48; 104; 0; 22; 71; 53; 6
Vila do Porto; 1; 0; 4; 0; 0; 5; 11; 0; 0; 0; 5; 0; 0; 0; 2; 0; 15; 1; 0; 1; 0; 1; 0; 0; 0; 0; 0; 0; 3; 51; 0; 0; 1; 0; 0; 0; 4; 0; 0; 0; 0; 0; 28; 0; 1; 0; 7; 1; 0; 0; 0; 0; 0; 0; 0; 0; 0; 0; 0; 0; 0; 1; 2; 0; 0
Vila Flor; 1; 0; 2; 0; 0; 0; 2; 0; 0; 0; 6; 45; 0; 0; 0; 0; 18; 3; 0; 2; 0; 0; 2; 0; 0; 0; 0; 0; 0; 4; 1; 0; 5; 0; 20; 1; 0; 0; 0; 0; 0; 0; 0; 0; 0; 0; 28; 0; 0; 0; 0; 0; 0; 0; 0; 0; 0; 0; 0; 0; 0; 0; 0; 21; 0
Vila Franca de Xira; 4; 0; 141; 8; 0; 0; 8; 0; 6; 6; 9; 3; 23; 47; 11; 1; 21; 20; 0; 33; 0; 18; 0; 0; 4; 0; 0; 1; 16;3 013; 0; 0; 0; 0; 3; 16; 88; 0; 1; 0; 0; 17; 0; 0; 13; 0; 16; 8; 0; 76; 0; 0; 44; 0; 4; 13; 0; 0; 1; 0; 0; 0; 1; 6; 4
Vila Franca do Campo; 2; 0; 1; 0; 0; 11; 0; 0; 0; 0; 1; 0; 0; 0; 2; 0; 10; 3; 0; 3; 0; 4; 1; 0; 0; 0; 0; 0; 0; 25; 0; 0; 0; 0; 0; 0; 3; 0; 0; 2; 0; 0; 149; 0; 1; 0; 10; 0; 0; 0; 0; 0; 0; 0; 0; 0; 0; 0; 0; 1; 0; 0; 0; 0; 0
Vila Nova da Barquinha; 9; 0; 8; 1; 0; 0; 5; 0; 0; 0; 1; 1; 2; 2; 5; 0; 13; 19; 0; 7; 0; 1; 0; 0; 0; 0; 0; 0; 7; 60; 0; 0; 0; 0; 0; 0; 5; 0; 0; 0; 0; 5; 0; 0; 0; 0; 2; 1; 0; 2; 0; 0; 0; 0; 1; 37; 0; 0; 0; 0; 0; 0; 1; 0; 0
Vila Nova de Cerveira; 0; 0; 0; 0; 0; 0; 3; 5; 0; 0; 20; 1; 0; 0; 0; 0; 17; 1; 0; 0; 0; 1; 0; 0; 1; 0; 0; 0; 1; 14; 3; 0; 5; 6; 2; 0; 0; 0; 0; 0; 0; 0; 0; 2; 1; 0; 45; 0; 0; 0; 0; 0; 1; 0; 0; 1; 0; 26; 39; 0; 4; 0; 2; 6; 0
Vila Nova de Famalicão; 0; 4; 10; 0; 4; 0; 91; 344; 0; 0;1 041; 74; 8; 2; 4; 0; 159; 69; 0; 10; 8; 8; 38; 1; 17; 2; 2; 1; 11; 154; 166; 0; 116; 9; 33; 0; 1; 0; 3; 25; 1; 1; 0; 26; 0; 1;1 151; 0; 0; 0; 0; 0; 1; 0; 0; 1; 0; 7; 149; 26; 0; 333; 71; 89; 14
Vila Nova de Foz Côa; 0; 0; 0; 0; 0; 0; 3; 0; 0; 0; 5; 15; 0; 0; 2; 1; 38; 12; 0; 1; 0; 0; 0; 0; 21; 0; 1; 1; 1; 19; 2; 0; 0; 0; 5; 0; 0; 0; 0; 0; 0; 0; 0; 0; 0; 0; 13; 0; 0; 0; 0; 0; 0; 0; 0; 0; 0; 0; 0; 0; 0; 0; 0; 7; 24
Vila Nova de Gaia; 1; 20; 9; 3; 2; 2; 523; 22; 0; 4; 219; 38; 13; 7; 17; 0; 184; 68; 4; 16; 0; 26; 30; 1; 8; 0; 1; 5; 8; 280; 351; 0; 709; 1; 11; 0; 4; 23; 0; 42; 0; 2; 0; 15; 2; 0;5 794; 0; 9; 2; 0; 6; 2; 0; 4; 1; 0; 2; 21; 151; 0; 4;1 077; 136; 30
Vila Nova de Paiva; 0; 0; 1; 0; 0; 0; 14; 0; 0; 0; 0; 3; 0; 1; 1; 0; 27; 2; 0; 1; 0; 0; 1; 0; 8; 0; 0; 1; 4; 8; 0; 0; 0; 0; 1; 0; 0; 0; 0; 0; 0; 0; 0; 0; 0; 0; 5; 0; 0; 1; 0; 0; 0; 0; 0; 0; 0; 0; 1; 0; 0; 0; 5; 3; 53
Vila Nova de Poiares; 0; 0; 2; 0; 0; 0; 1; 0; 0; 0; 2; 0; 1; 0; 1; 0; 135; 0; 0; 0; 0; 0; 0; 0; 1; 0; 0; 1; 1; 9; 0; 0; 0; 1; 0; 0; 1; 0; 2; 0; 0; 0; 0; 0; 1; 0; 1; 0; 0; 0; 0; 0; 0; 0; 0; 1; 0; 0; 0; 1; 0; 0; 0; 1; 2
Vila Pouca de Aguiar; 0; 0; 1; 0; 0; 0; 14; 2; 0; 0; 23; 28; 1; 0; 1; 0; 43; 13; 0; 0; 0; 1; 1; 0; 0; 0; 0; 3; 0; 20; 2; 0; 2; 0; 10; 0; 0; 0; 0; 5; 0; 0; 0; 0; 0; 0; 43; 0; 0; 0; 0; 1; 0; 0; 0; 0; 0; 0; 1; 1; 0; 1; 5; 91; 4
Vila Real; 0; 1; 12; 0; 0; 3; 36; 4; 0; 1; 71; 117; 8; 1; 7; 3; 136; 56; 0; 2; 1; 7; 2; 0; 10; 0; 0; 14; 0; 158; 9; 0; 15; 0; 34; 0; 10; 2; 0; 15; 0; 2; 0; 0; 1; 0; 364; 0; 0; 0; 0; 1; 0; 0; 1; 3; 0; 0; 2; 4; 0; 0; 27;1 149; 21
Vila Real de Santo António; 0; 0; 15; 0; 0; 0; 0; 0; 0; 40; 1; 0; 1; 1; 1; 0; 10; 3; 0; 7; 0; 149; 0; 0; 1; 0; 1; 0; 1; 85; 0; 0; 0; 0; 0; 0; 5; 0; 0; 0; 0; 0; 0; 0; 3; 3; 3; 0; 0; 0; 0; 0; 6; 1; 0; 0; 0; 0; 0; 0; 0; 0; 0; 1; 0
Vila Velha de Ródão; 0; 0; 2; 0; 0; 0; 0; 0; 0; 0; 0; 0; 1; 0; 0; 0; 3; 8; 0; 1; 0; 0; 0; 0; 0; 0; 0; 0; 1; 5; 0; 0; 0; 0; 0; 0; 0; 0; 0; 0; 0; 0; 0; 0; 0; 0; 0; 0; 0; 0; 0; 0; 0; 0; 0; 0; 0; 0; 0; 0; 0; 0; 0; 1; 0
Vila Verde; 0; 2; 5; 0; 22; 0; 29; 225; 0; 0; 609; 20; 2; 1; 2; 0; 37; 13; 0; 2; 1; 2; 3; 0; 4; 0; 0; 2; 5; 30; 8; 0; 7; 13; 5; 0; 3; 1; 2; 4; 0; 0; 0; 17; 1; 0; 96; 0; 0; 0; 0; 0; 0; 0; 0; 0; 0; 6; 112; 5; 0; 20; 16; 16; 7
Vila Viçosa; 0; 0; 15; 0; 0; 0; 1; 0; 0; 9; 0; 0; 2; 0; 8; 0; 11; 6; 11; 45; 0; 7; 0; 0; 0; 0; 0; 0; 3; 64; 0; 0; 0; 0; 0; 0; 5; 0; 0; 0; 0; 0; 0; 0; 15; 0; 0; 0; 0; 0; 0; 0; 6; 0; 0; 0; 0; 0; 0; 0; 0; 0; 0; 1; 0
Vimioso; 0; 0; 1; 0; 0; 0; 0; 0; 0; 0; 3; 65; 0; 0; 1; 1; 7; 6; 0; 0; 0; 0; 0; 0; 0; 0; 0; 1; 0; 7; 0; 0; 0; 0; 0; 0; 0; 0; 0; 0; 0; 0; 0; 0; 0; 0; 8; 0; 0; 0; 0; 0; 0; 0; 0; 0; 0; 0; 0; 1; 0; 0; 0; 2; 1
Vinhais; 0; 0; 1; 0; 0; 0; 1; 0; 0; 1; 6; 66; 0; 0; 1; 0; 8; 7; 1; 0; 0; 0; 1; 0; 1; 0; 0; 0; 0; 6; 0; 0; 2; 0; 11; 0; 0; 0; 0; 0; 0; 0; 0; 0; 0; 0; 19; 0; 0; 0; 0; 0; 0; 0; 1; 0; 0; 0; 0; 0; 0; 0; 1; 14; 1
Viseu; 0; 3; 21; 3; 0; 0; 266; 3; 0; 3; 33; 11; 21; 11; 30; 0; 779; 186; 0; 13; 0; 11; 2; 0; 47; 0; 6; 11; 35; 543; 5; 0; 8; 0; 4; 0; 24; 2; 2; 9; 0; 3; 3; 1; 6; 0; 415; 1; 0; 3; 0; 16; 2; 0; 0; 6; 0; 0; 2; 4; 0; 2; 20; 51;1 647
Vizela; 0; 0; 0; 0; 1; 0; 17; 12; 0; 0; 176; 18; 0; 0; 0; 0; 39; 13; 0; 2; 4; 3; 48; 0; 1; 1; 1; 3; 6; 17; 9; 0; 10; 2; 12; 0; 2; 0; 0; 6; 0; 0; 1; 1; 0; 0; 155; 0; 0; 0; 0; 1; 0; 0; 0; 0; 0; 5; 16; 1; 0; 15; 16; 65; 4
Vouzela; 0; 2; 1; 0; 0; 0; 27; 0; 0; 0; 5; 2; 0; 1; 7; 0; 39; 11; 0; 0; 0; 0; 1; 0; 10; 0; 0; 1; 2; 26; 0; 0; 1; 1; 1; 0; 0; 0; 0; 2; 0; 2; 0; 0; 0; 0; 20; 0; 0; 0; 0; 1; 1; 0; 0; 0; 0; 0; 0; 0; 0; 0; 2; 4; 77