,"Tabela 3.1 - Inscritos em estabelecimentos de ensino superior residentes em Portugal segundo o concelho do estabelecimento de ensino superior por concelho da residência permanente do aluno, em 2015/16 - Todos os níveis formação",,,,,,,,,,,,,,,,,,,,,,,,,,,,,,,,,,,,,,,,,,,,,,,,,,,,,,,,,,,,,,,,,,,,
municipios,Abrantes,Águeda,Almada,Amadora,Angra do Heroísmo,Aveiro,Barcelos,Barreiro,Beja,Braga,Bragança,Caldas da Rainha,Cascais,Castelo Branco,Chaves,Coimbra,Covilhã,Elvas,Espinho,Évora,Fafe,Faro,Felgueiras,Funchal,Guarda,Guimarães,Horta,Idanha-a-Nova,Lamego,Leiria,Lisboa,Loulé,Maia,Marinha Grande,Matosinhos,Melgaço,Mirandela,Odivelas,Oeiras,Oliveira de Azeméis,Oliveira do Hospital,Paredes,Penafiel,Peniche,Ponta Delgada,Ponte de Lima,Portalegre,Portimão,Porto,Póvoa de Lanhoso,Rio Maior,Santa Maria da Feira,Santarém,Santiago do Cacém,Seia,Setúbal,Silves,Sintra,Tomar,Torres Novas,Torres Vedras,Valença,Viana do Castelo,Vila do Conde,Vila Nova de Cerveira,Vila Nova de Famalicão,Vila Nova de Gaia,Vila Real,Viseu
Abrantes, 104, 2, 32, 2, 0, 26, 0, 1, 2, 3, 3, 2, 7, 70, 0, 114, 58, 2, 0, 32, 0, 5, 0, 1, 2, 0, 0, 7, 0, 41, 365, 0, 1, 0, 1, 0, 0, 0, 12, 1, 0, 0, 0, 9, 0, 0, 16, 2, 9, 0, 6, 0, 41, 0, 2, 5, 1, 0, 83, 2, 0, 0, 0, 0, 1, 0, 0, 2, 2
Águeda, 1, 148, 2, 0, 0, 325, 2, 0, 2, 13, 2, 4, 0, 10, 0, 367, 35, 0, 0, 8, 0, 10, 0, 0, 20, 0, 0, 2, 2, 25, 148, 0, 2, 0, 6, 0, 2, 0, 4, 12, 6, 2, 0, 2, 0, 1, 1, 0, 93, 0, 4, 0, 2, 0, 4, 1, 0, 0, 1, 0, 0, 0, 3, 2, 0, 1, 14, 18, 84
Aguiar da Beira, 2, 0, 1, 0, 0, 13, 0, 0, 0, 0, 2, 0, 0, 2, 0, 22, 19, 0, 0, 1, 0, 0, 0, 0, 5, 0, 0, 0, 1, 0, 9, 0, 0, 0, 0, 0, 1, 0, 0, 0, 0, 1, 0, 0, 0, 0, 0, 0, 6, 0, 1, 0, 4, 0, 0, 0, 0, 0, 0, 0, 0, 0, 0, 0, 0, 0, 0, 2, 25
Alandroal, 0, 0, 5, 0, 0, 0, 0, 0, 9, 0, 0, 0, 1, 1, 0, 2, 1, 5, 0, 28, 0, 6, 0, 0, 0, 0, 0, 0, 0, 0, 13, 0, 0, 0, 0, 0, 0, 0, 0, 0, 0, 0, 0, 0, 0, 0, 6, 0, 1, 0, 0, 0, 0, 0, 0, 1, 0, 0, 0, 0, 0, 0, 0, 0, 0, 0, 0, 0, 0
Albergaria-a-Velha, 1, 33, 1, 1, 0, 216, 0, 0, 0, 5, 1, 3, 0, 7, 0, 101, 41, 0, 0, 0, 0, 1, 2, 0, 11, 0, 0, 0, 0, 5, 34, 0, 1, 0, 3, 0, 1, 0, 1, 23, 0, 0, 0, 2, 1, 0, 1, 0, 79, 0, 0, 4, 0, 0, 0, 0, 0, 0, 1, 0, 0, 0, 0, 0, 0, 0, 4, 8, 26
Albufeira, 0, 0, 23, 1, 0, 8, 1, 0, 20, 3, 0, 3, 5, 3, 0, 27, 11, 2, 0, 33, 0, 365, 0, 0, 0, 0, 0, 0, 0, 4, 275, 4, 2, 0, 1, 0, 2, 0, 17, 0, 0, 3, 0, 0, 1, 0, 3, 26, 14, 0, 1, 0, 0, 0, 0, 5, 16, 1, 3, 0, 0, 0, 1, 1, 0, 0, 3, 2, 4
Alcácer do Sal, 0, 0, 14, 0, 0, 2, 0, 0, 22, 0, 0, 1, 1, 1, 0, 3, 6, 0, 0, 41, 0, 7, 0, 0, 0, 0, 0, 0, 0, 1, 80, 0, 0, 0, 0, 0, 0, 0, 6, 0, 1, 0, 0, 0, 0, 0, 3, 2, 0, 0, 0, 0, 0, 0, 0, 41, 0, 1, 0, 0, 0, 0, 0, 0, 0, 0, 0, 0, 2
Alcanena, 2, 0, 12, 1, 0, 12, 0, 0, 1, 0, 1, 6, 1, 8, 0, 29, 10, 1, 0, 8, 0, 1, 0, 0, 0, 0, 0, 0, 0, 50, 144, 0, 0, 0, 0, 0, 0, 0, 8, 0, 1, 0, 0, 11, 0, 1, 2, 0, 4, 0, 7, 0, 25, 0, 0, 1, 0, 0, 17, 0, 0, 0, 0, 1, 0, 0, 1, 1, 2
Alcobaça, 4, 4, 56, 5, 0, 47, 0, 1, 4, 7, 3, 66, 12, 16, 0, 190, 20, 1, 0, 43, 0, 8, 0, 0, 5, 0, 0, 1, 0, 441, 715, 0, 0, 8, 3, 0, 3, 0, 35, 0, 0, 1, 0, 51, 0, 0, 8, 0, 27, 0, 34, 0, 44, 0, 1, 7, 0, 0, 12, 0, 0, 0, 0, 0, 0, 0, 0, 3, 5
Alcochete, 0, 0, 39, 2, 0, 1, 0, 3, 1, 1, 0, 3, 6, 0, 0, 4, 3, 0, 0, 7, 0, 7, 0, 0, 1, 0, 0, 0, 0, 1, 345, 0, 0, 0, 0, 0, 1, 1, 5, 0, 0, 0, 0, 0, 0, 0, 2, 0, 1, 0, 2, 0, 2, 0, 0, 54, 0, 1, 2, 0, 0, 0, 0, 0, 0, 0, 1, 0, 0
Alcoutim, 0, 0, 2, 0, 0, 0, 0, 0, 5, 0, 0, 0, 0, 1, 0, 2, 1, 0, 0, 1, 0, 12, 0, 0, 0, 0, 0, 0, 0, 0, 5, 0, 0, 0, 0, 0, 0, 0, 0, 0, 0, 0, 0, 0, 0, 0, 0, 0, 1, 0, 1, 0, 0, 0, 0, 1, 0, 0, 0, 0, 0, 0, 0, 0, 0, 0, 0, 0, 0
Alenquer, 1, 0, 52, 0, 0, 5, 1, 1, 2, 0, 3, 16, 7, 7, 0, 14, 5, 3, 0, 11, 0, 12, 0, 0, 1, 0, 0, 1, 0, 12, 634, 0, 0, 0, 0, 0, 0, 3, 20, 0, 0, 0, 0, 10, 2, 0, 3, 0, 6, 0, 18, 0, 93, 0, 1, 6, 0, 2, 3, 0, 4, 1, 0, 0, 0, 0, 1, 2, 0
Alfândega da Fé, 0, 0, 0, 0, 0, 4, 0, 0, 0, 4, 51, 0, 0, 1, 0, 13, 3, 0, 0, 3, 0, 0, 0, 0, 4, 0, 0, 0, 0, 1, 3, 0, 0, 0, 0, 0, 4, 0, 0, 0, 0, 0, 0, 0, 0, 0, 0, 0, 21, 0, 0, 0, 0, 0, 0, 0, 0, 0, 0, 0, 0, 0, 0, 1, 0, 0, 1, 17, 0
Alijó, 0, 0, 0, 0, 0, 7, 0, 0, 0, 10, 37, 0, 0, 1, 0, 11, 5, 0, 0, 2, 0, 1, 0, 0, 0, 0, 0, 0, 3, 3, 9, 0, 0, 0, 2, 0, 19, 0, 1, 0, 0, 1, 0, 0, 0, 0, 1, 0, 35, 0, 0, 0, 1, 0, 0, 0, 0, 0, 0, 0, 0, 0, 0, 1, 0, 0, 1, 112, 4
Aljezur, 0, 0, 6, 0, 0, 0, 0, 0, 3, 1, 0, 0, 0, 2, 0, 6, 1, 0, 0, 2, 0, 14, 0, 0, 0, 0, 0, 0, 0, 1, 38, 0, 0, 0, 0, 0, 0, 0, 0, 0, 0, 0, 0, 0, 0, 0, 0, 8, 2, 0, 0, 0, 0, 0, 0, 0, 1, 0, 0, 0, 0, 0, 0, 0, 0, 0, 0, 0, 2
Aljustrel, 0, 0, 12, 0, 0, 0, 0, 1, 84, 0, 0, 0, 1, 2, 0, 6, 0, 1, 0, 15, 0, 31, 0, 0, 0, 0, 0, 0, 0, 0, 48, 0, 0, 0, 0, 0, 1, 0, 2, 0, 0, 0, 0, 0, 0, 0, 0, 2, 2, 0, 0, 0, 0, 0, 0, 5, 0, 0, 1, 0, 0, 0, 0, 0, 0, 0, 0, 0, 0
Almada, 1, 0,1 239, 11, 0, 8, 1, 30, 8, 4, 4, 16, 64, 8, 0, 18, 16, 4, 0, 32, 0, 21, 0, 0, 5, 0, 0, 1, 1, 11,3 287, 0, 0, 0, 0, 0, 1, 10, 72, 0, 2, 0, 0, 7, 0, 1, 6, 0, 21, 0, 7, 0, 5, 0, 2, 293, 1, 2, 2, 0, 0, 0, 3, 0, 0, 0, 2, 4, 2
Almeida, 0, 1, 5, 0, 0, 6, 0, 0, 0, 0, 3, 2, 0, 15, 0, 14, 15, 0, 0, 1, 0, 0, 0, 0, 26, 0, 0, 2, 0, 1, 31, 0, 0, 0, 0, 0, 1, 0, 1, 0, 0, 0, 0, 2, 0, 0, 0, 1, 9, 0, 0, 0, 0, 0, 5, 0, 0, 0, 0, 0, 0, 0, 0, 0, 0, 0, 3, 1, 7
Almeirim, 1, 1, 26, 0, 0, 12, 0, 0, 0, 2, 1, 9, 1, 7, 0, 37, 7, 0, 0, 19, 0, 5, 0, 0, 1, 0, 0, 0, 0, 10, 170, 0, 0, 0, 0, 0, 1, 0, 10, 1, 2, 0, 0, 4, 0, 0, 3, 1, 4, 0, 18, 0, 160, 0, 0, 3, 0, 0, 9, 0, 0, 0, 0, 0, 0, 0, 2, 2, 0
Almodôvar, 0, 0, 2, 0, 0, 0, 0, 0, 39, 0, 0, 0, 2, 0, 0, 4, 0, 0, 0, 3, 0, 36, 0, 0, 0, 0, 0, 0, 0, 0, 34, 0, 0, 0, 0, 0, 0, 0, 1, 0, 0, 0, 0, 0, 0, 0, 0, 1, 1, 0, 0, 0, 0, 0, 0, 2, 1, 0, 1, 0, 0, 0, 0, 0, 0, 0, 0, 0, 0
Alpiarça, 0, 0, 13, 1, 0, 1, 0, 0, 0, 0, 1, 0, 2, 2, 0, 8, 4, 0, 0, 11, 0, 0, 0, 0, 1, 0, 0, 0, 0, 7, 70, 0, 0, 0, 0, 0, 0, 0, 5, 0, 1, 0, 0, 1, 0, 0, 0, 0, 2, 0, 3, 0, 36, 0, 0, 0, 0, 0, 4, 0, 0, 0, 0, 0, 0, 0, 0, 1, 0
Alter do Chão, 0, 0, 0, 0, 0, 1, 0, 0, 0, 0, 0, 0, 0, 6, 0, 1, 4, 10, 0, 12, 0, 3, 0, 0, 0, 0, 0, 1, 0, 0, 16, 0, 0, 0, 0, 0, 0, 0, 0, 0, 0, 0, 0, 0, 0, 0, 15, 0, 1, 0, 3, 0, 3, 0, 0, 0, 0, 0, 5, 0, 0, 0, 0, 0, 0, 0, 0, 0, 0
Alvaiázere, 1, 0, 1, 0, 0, 7, 0, 0, 0, 0, 0, 0, 0, 4, 0, 68, 5, 0, 0, 2, 0, 0, 0, 0, 1, 0, 0, 0, 0, 20, 50, 0, 1, 0, 0, 0, 0, 0, 0, 0, 0, 0, 0, 1, 1, 0, 2, 0, 2, 0, 3, 0, 1, 0, 0, 1, 0, 0, 15, 0, 0, 0, 0, 0, 0, 0, 0, 0, 1
Alvito, 0, 0, 3, 0, 0, 0, 0, 0, 17, 0, 0, 0, 0, 0, 0, 0, 2, 0, 0, 12, 0, 4, 0, 0, 0, 0, 0, 0, 0, 0, 23, 0, 0, 0, 0, 0, 0, 0, 0, 0, 0, 0, 0, 0, 0, 0, 0, 2, 0, 0, 0, 0, 0, 0, 0, 0, 0, 0, 0, 0, 0, 0, 0, 0, 0, 0, 0, 0, 0
Amadora, 2, 1, 266, 10, 0, 10, 1, 7, 6, 6, 5, 5, 90, 6, 0, 29, 13, 2, 0, 19, 0, 14, 0, 0, 2, 0, 0, 5, 1, 6,4 049, 0, 0, 0, 0, 0, 0, 45, 189, 0, 1, 0, 0, 5, 1, 0, 6, 2, 20, 0, 3, 0, 27, 0, 1, 20, 0, 2, 4, 0, 0, 1, 2, 0, 0, 0, 0, 2, 1
Amarante, 0, 4, 1, 1, 0, 38, 7, 0, 0, 102, 105, 7, 0, 5, 1, 139, 35, 0, 0, 2, 7, 1, 119, 0, 5, 0, 0, 0, 8, 3, 47, 0, 32, 0, 55, 0, 26, 0, 2, 1, 3, 31, 21, 1, 0, 0, 0, 0, 551, 0, 0, 0, 0, 0, 1, 0, 0, 0, 0, 0, 0, 0, 5, 8, 0, 1, 35, 285, 22
Amares, 0, 0, 0, 0, 0, 15, 80, 0, 0, 250, 20, 1, 1, 3, 0, 16, 4, 0, 0, 1, 2, 0, 2, 1, 0, 0, 0, 0, 0, 2, 15, 0, 2, 0, 3, 3, 1, 0, 0, 2, 0, 0, 0, 0, 0, 4, 0, 0, 48, 2, 0, 0, 0, 0, 0, 0, 0, 0, 0, 0, 0, 2, 29, 3, 0, 10, 3, 18, 9
Anadia, 0, 20, 3, 0, 0, 133, 0, 1, 0, 8, 6, 9, 3, 4, 0, 399, 25, 0, 0, 5, 0, 2, 0, 0, 4, 0, 0, 0, 2, 16, 55, 0, 3, 0, 5, 0, 0, 0, 4, 5, 3, 1, 0, 3, 2, 1, 1, 0, 45, 0, 1, 0, 3, 0, 6, 0, 0, 0, 5, 0, 0, 0, 0, 2, 0, 0, 4, 6, 29
Angra do Heroísmo, 0, 0, 30, 1, 197, 27, 1, 0, 7, 13, 2, 8, 1, 3, 0, 65, 15, 0, 0, 8, 0, 6, 0, 2, 1, 1, 0, 0, 0, 13, 345, 0, 4, 0, 1, 0, 5, 0, 7, 0, 0, 0, 0, 3, 107, 0, 1, 0, 66, 0, 4, 0, 5, 0, 0, 7, 0, 0, 1, 0, 0, 0, 0, 0, 0, 1, 7, 10, 1
Ansião, 0, 0, 5, 0, 0, 3, 0, 0, 0, 0, 0, 1, 0, 10, 0, 191, 11, 0, 0, 3, 0, 5, 0, 0, 1, 0, 0, 0, 0, 53, 19, 0, 0, 0, 1, 0, 1, 0, 2, 0, 0, 0, 0, 4, 0, 0, 1, 0, 4, 0, 1, 0, 0, 0, 0, 0, 0, 0, 5, 0, 0, 0, 0, 0, 0, 0, 0, 0, 1
Arcos de Valdevez, 0, 0, 3, 0, 0, 8, 11, 0, 0, 141, 8, 0, 0, 3, 0, 25, 5, 0, 0, 0, 0, 0, 0, 0, 2, 0, 0, 0, 0, 2, 12, 0, 1, 0, 3, 1, 0, 0, 0, 0, 0, 1, 0, 0, 0, 26, 0, 0, 60, 0, 0, 0, 0, 0, 1, 0, 0, 0, 0, 0, 0, 7, 81, 0, 1, 0, 0, 6, 1
Arganil, 0, 0, 1, 0, 0, 9, 0, 0, 0, 0, 0, 0, 0, 0, 0, 204, 3, 0, 0, 0, 0, 0, 0, 0, 3, 0, 0, 0, 0, 5, 15, 0, 0, 0, 1, 0, 0, 0, 2, 0, 12, 0, 0, 1, 0, 0, 0, 0, 4, 0, 0, 0, 1, 0, 0, 2, 0, 0, 0, 0, 0, 0, 1, 0, 0, 0, 0, 1, 8
Armamar, 0, 0, 1, 0, 0, 3, 0, 0, 0, 3, 9, 0, 0, 2, 0, 27, 4, 0, 0, 0, 0, 1, 0, 0, 2, 0, 0, 0, 6, 1, 5, 0, 2, 0, 2, 0, 1, 0, 1, 0, 1, 0, 0, 0, 0, 0, 0, 0, 24, 0, 0, 0, 1, 0, 0, 0, 0, 0, 0, 0, 0, 0, 0, 1, 0, 0, 0, 20, 14
Arouca, 1, 6, 0, 0, 0, 85, 3, 0, 0, 14, 4, 1, 1, 4, 0, 75, 10, 0, 0, 0, 0, 1, 0, 0, 1, 0, 0, 0, 3, 5, 13, 0, 4, 0, 13, 0, 0, 0, 0, 12, 1, 3, 1, 0, 0, 0, 0, 0, 195, 0, 0, 9, 0, 0, 0, 0, 0, 0, 0, 0, 0, 0, 2, 4, 0, 0, 24, 21, 17
Arraiolos, 0, 0, 9, 0, 0, 0, 0, 0, 4, 0, 1, 0, 0, 2, 0, 2, 1, 0, 0, 101, 0, 2, 0, 0, 0, 0, 0, 1, 0, 0, 41, 0, 0, 0, 0, 0, 0, 0, 0, 0, 0, 0, 0, 0, 0, 0, 6, 0, 1, 0, 1, 0, 0, 0, 0, 2, 0, 0, 0, 0, 0, 0, 0, 0, 0, 0, 0, 0, 0
Arronches, 0, 0, 2, 0, 0, 0, 0, 0, 1, 0, 0, 0, 0, 2, 0, 0, 1, 4, 0, 5, 0, 2, 0, 0, 0, 0, 0, 0, 0, 0, 8, 0, 0, 0, 0, 0, 0, 0, 0, 0, 0, 0, 0, 0, 0, 0, 33, 0, 0, 0, 0, 0, 0, 0, 0, 0, 0, 0, 0, 0, 0, 0, 0, 0, 0, 0, 0, 0, 0
Arruda dos Vinhos, 0, 0, 21, 1, 0, 0, 0, 0, 1, 0, 0, 5, 8, 1, 0, 3, 1, 1, 0, 6, 0, 0, 0, 0, 0, 0, 0, 0, 0, 2, 315, 0, 0, 0, 0, 0, 1, 1, 8, 0, 0, 1, 0, 4, 0, 0, 0, 0, 0, 0, 4, 0, 16, 0, 0, 4, 0, 0, 1, 0, 1, 0, 0, 1, 0, 0, 0, 0, 0
Aveiro, 1, 168, 7, 3, 0,1 946, 5, 0, 1, 41, 13, 3, 3, 14, 0, 565, 37, 0, 0, 10, 1, 8, 0, 0, 32, 0, 0, 0, 2, 13, 246, 0, 12, 0, 10, 1, 2, 2, 13, 28, 1, 15, 0, 2, 1, 0, 4, 0, 430, 0, 4, 14, 2, 0, 6, 2, 0, 0, 4, 0, 0, 0, 1, 6, 0, 0, 29, 29, 61
Avis, 0, 0, 1, 0, 0, 2, 0, 0, 0, 0, 0, 2, 2, 4, 0, 3, 1, 1, 0, 20, 0, 3, 0, 0, 0, 0, 0, 2, 0, 0, 17, 0, 0, 0, 0, 0, 0, 0, 1, 0, 0, 0, 0, 0, 0, 0, 25, 0, 2, 0, 0, 0, 2, 0, 0, 0, 0, 0, 1, 0, 0, 0, 0, 0, 0, 0, 0, 0, 0
Azambuja, 1, 0, 21, 0, 1, 0, 0, 0, 1, 0, 0, 5, 5, 5, 0, 3, 5, 1, 0, 15, 0, 2, 0, 0, 1, 0, 0, 0, 0, 4, 228, 0, 0, 0, 0, 0, 0, 0, 4, 0, 0, 0, 0, 10, 0, 0, 2, 0, 2, 0, 10, 0, 81, 0, 0, 1, 0, 0, 6, 0, 0, 0, 0, 0, 0, 0, 0, 2, 0
Baião, 0, 0, 1, 0, 0, 11, 2, 0, 0, 12, 29, 1, 0, 0, 0, 33, 11, 0, 0, 0, 0, 0, 16, 0, 2, 0, 0, 1, 9, 2, 7, 0, 17, 0, 20, 0, 5, 0, 2, 0, 0, 6, 0, 1, 0, 2, 0, 1, 160, 0, 0, 0, 0, 0, 0, 0, 0, 0, 0, 0, 0, 0, 1, 3, 0, 0, 9, 57, 4
Barcelos, 0, 4, 6, 0, 0, 118, 856, 0, 0, 991, 44, 9, 2, 7, 0, 259, 75, 0, 0, 9, 1, 8, 9, 0, 17, 1, 0, 1, 0, 19, 106, 0, 39, 0, 34, 17, 6, 0, 1, 1, 1, 24, 0, 4, 0, 40, 3, 0, 697, 1, 0, 0, 2, 0, 5, 1, 0, 1, 3, 0, 0, 11, 271, 26, 2, 79, 37, 200, 12
Barrancos, 0, 0, 3, 0, 0, 0, 0, 0, 6, 0, 0, 0, 0, 0, 0, 0, 0, 0, 0, 7, 0, 2, 0, 0, 0, 0, 0, 0, 0, 0, 4, 0, 0, 0, 0, 0, 0, 0, 0, 0, 0, 0, 0, 0, 0, 0, 1, 0, 0, 0, 0, 0, 0, 0, 0, 3, 0, 0, 0, 0, 0, 0, 0, 0, 0, 0, 0, 0, 0
Barreiro, 0, 1, 193, 6, 0, 1, 0, 63, 9, 4, 2, 4, 24, 1, 0, 10, 4, 0, 0, 25, 0, 9, 0, 0, 2, 0, 0, 1, 0, 4,1 354, 0, 1, 0, 0, 0, 0, 3, 42, 0, 1, 1, 0, 1, 0, 0, 5, 3, 8, 0, 6, 0, 2, 0, 0, 382, 0, 0, 1, 0, 0, 0, 0, 0, 0, 0, 0, 1, 3
Batalha, 0, 0, 10, 0, 0, 17, 0, 0, 1, 1, 0, 6, 1, 5, 0, 74, 14, 0, 0, 10, 0, 12, 0, 0, 0, 0, 0, 0, 0, 193, 142, 0, 0, 2, 0, 0, 0, 0, 9, 0, 0, 0, 0, 16, 0, 0, 0, 0, 16, 0, 1, 0, 4, 0, 1, 1, 0, 1, 7, 0, 0, 0, 0, 0, 0, 0, 0, 3, 1
Beja, 0, 0, 61, 1, 0, 2, 0, 1, 589, 0, 1, 1, 4, 3, 0, 33, 4, 3, 0, 78, 0, 55, 0, 0, 2, 0, 0, 0, 0, 4, 362, 0, 0, 0, 0, 0, 0, 1, 20, 0, 0, 0, 0, 0, 0, 0, 5, 2, 9, 0, 1, 0, 1, 0, 1, 6, 1, 0, 1, 0, 0, 0, 0, 0, 0, 0, 0, 1, 1
Belmonte, 0, 0, 3, 0, 0, 0, 0, 0, 0, 2, 0, 1, 0, 20, 0, 13, 64, 0, 0, 0, 0, 0, 0, 0, 21, 0, 0, 7, 0, 1, 21, 0, 0, 0, 0, 0, 0, 0, 2, 0, 0, 0, 0, 1, 0, 0, 1, 0, 4, 0, 0, 0, 1, 0, 0, 1, 0, 0, 0, 0, 0, 0, 0, 0, 0, 0, 0, 2, 2
Benavente, 1, 0, 43, 0, 1, 4, 0, 1, 2, 1, 0, 2, 6, 3, 0, 18, 4, 1, 0, 26, 0, 6, 0, 0, 2, 0, 0, 1, 0, 8, 380, 0, 0, 0, 0, 0, 0, 1, 13, 0, 0, 0, 0, 4, 2, 0, 5, 0, 1, 0, 4, 0, 65, 0, 0, 13, 0, 0, 3, 0, 0, 0, 0, 0, 0, 0, 0, 1, 3
Bombarral, 0, 1, 17, 0, 0, 12, 0, 0, 1, 3, 0, 17, 2, 2, 0, 25, 3, 0, 0, 4, 0, 3, 0, 0, 0, 0, 0, 0, 0, 45, 128, 0, 0, 0, 0, 0, 0, 0, 2, 0, 0, 0, 0, 7, 1, 0, 1, 1, 3, 0, 4, 0, 14, 0, 0, 1, 0, 0, 1, 0, 2, 0, 0, 0, 0, 0, 1, 0, 3
Borba, 0, 0, 11, 0, 0, 1, 0, 0, 8, 2, 0, 0, 0, 2, 0, 3, 5, 3, 0, 40, 0, 11, 0, 0, 1, 0, 0, 1, 0, 0, 54, 0, 0, 0, 0, 0, 0, 0, 1, 0, 0, 0, 0, 0, 0, 0, 14, 0, 3, 0, 0, 0, 2, 0, 0, 4, 0, 0, 0, 0, 0, 0, 0, 0, 0, 0, 0, 0, 0
Boticas, 0, 1, 0, 0, 0, 3, 1, 0, 0, 6, 18, 0, 0, 0, 4, 20, 7, 0, 0, 0, 0, 1, 0, 0, 0, 0, 0, 0, 0, 2, 4, 0, 0, 0, 0, 0, 0, 0, 0, 0, 1, 0, 0, 0, 0, 0, 0, 0, 11, 0, 0, 0, 0, 0, 0, 1, 0, 0, 0, 0, 0, 0, 0, 0, 0, 0, 3, 18, 1
Braga, 0, 1, 8, 3, 0, 73, 956, 0, 2,5 527, 36, 6, 3, 11, 0, 291, 59, 0, 0, 12, 14, 12, 6, 2, 15, 5, 0, 0, 2, 13, 332, 0, 62, 0, 34, 19, 12, 1, 11, 2, 1, 32, 1, 4, 3, 52, 3, 0, 867, 22, 0, 1, 3, 0, 3, 2, 0, 2, 6, 0, 0, 16, 172, 16, 0, 158, 38, 120, 13
Bragança, 0, 0, 6, 1, 0, 22, 2, 0, 0, 57,1 032, 0, 0, 1, 2, 129, 44, 0, 0, 0, 0, 3, 0, 1, 4, 0, 0, 1, 1, 1, 99, 0, 3, 0, 3, 0, 37, 0, 2, 0, 0, 6, 0, 0, 0, 0, 0, 0, 198, 0, 0, 0, 0, 0, 1, 1, 0, 0, 0, 0, 0, 0, 1, 1, 1, 0, 6, 56, 12
Cabeceiras de Basto, 0, 0, 1, 0, 0, 11, 9, 0, 0, 112, 44, 1, 0, 1, 0, 27, 3, 0, 0, 1, 20, 2, 6, 0, 1, 0, 0, 0, 0, 6, 20, 0, 1, 0, 4, 0, 2, 0, 1, 0, 0, 0, 0, 0, 0, 1, 0, 0, 74, 3, 0, 0, 1, 0, 1, 0, 0, 0, 1, 0, 0, 0, 4, 1, 0, 3, 9, 68, 4
Cadaval, 0, 0, 10, 1, 0, 1, 0, 0, 0, 0, 0, 8, 2, 1, 0, 10, 4, 0, 0, 11, 0, 3, 0, 0, 1, 0, 0, 0, 0, 30, 107, 0, 0, 0, 0, 1, 0, 1, 6, 0, 0, 0, 0, 10, 0, 0, 1, 0, 2, 0, 3, 0, 17, 0, 0, 4, 0, 1, 2, 0, 1, 0, 0, 0, 0, 0, 0, 0, 1
Caldas da Rainha, 1, 1, 58, 3, 0, 25, 0, 0, 2, 1, 3, 129, 24, 9, 0, 108, 26, 2, 0, 24, 0, 9, 0, 0, 4, 0, 0, 0, 0, 291, 671, 0, 1, 1, 0, 0, 1, 2, 29, 1, 1, 0, 0, 73, 0, 1, 4, 0, 19, 0, 26, 0, 43, 0, 2, 4, 0, 5, 7, 0, 2, 0, 1, 0, 0, 0, 1, 3, 1
Calheta (R.A.A.), 0, 0, 1, 0, 2, 2, 1, 0, 0, 0, 1, 0, 0, 0, 0, 17, 4, 0, 0, 2, 0, 2, 0, 0, 0, 0, 0, 1, 1, 1, 30, 0, 0, 0, 1, 0, 0, 0, 4, 0, 0, 0, 0, 0, 17, 0, 1, 0, 10, 0, 2, 0, 1, 0, 0, 0, 0, 0, 1, 0, 0, 0, 0, 0, 0, 0, 0, 1, 1
Calheta (R.A.M.), 0, 0, 0, 0, 0, 0, 0, 0, 0, 5, 0, 0, 0, 1, 0, 20, 1, 0, 0, 3, 0, 10, 0, 73, 0, 0, 0, 1, 0, 3, 30, 0, 0, 0, 0, 0, 0, 0, 0, 0, 0, 0, 0, 0, 0, 0, 1, 2, 26, 0, 0, 0, 0, 0, 0, 2, 0, 0, 0, 0, 0, 0, 0, 0, 0, 0, 1, 3, 0
Câmara de Lobos, 1, 1, 8, 0, 1, 12, 0, 0, 2, 18, 5, 0, 1, 4, 0, 43, 16, 2, 0, 9, 0, 12, 0, 360, 2, 0, 0, 0, 0, 8, 146, 0, 0, 0, 0, 0, 1, 0, 5, 0, 0, 0, 0, 0, 2, 0, 2, 1, 39, 0, 3, 0, 2, 0, 0, 5, 0, 0, 1, 0, 0, 0, 0, 0, 0, 0, 2, 11, 0
Caminha, 0, 0, 3, 0, 0, 27, 11, 0, 0, 63, 2, 2, 0, 2, 0, 31, 10, 0, 0, 0, 0, 0, 0, 0, 0, 0, 0, 0, 0, 0, 33, 0, 11, 0, 6, 9, 1, 0, 3, 2, 1, 1, 0, 1, 0, 5, 0, 0, 117, 0, 0, 0, 0, 0, 0, 0, 0, 0, 0, 0, 0, 14, 104, 2, 12, 1, 6, 19, 2
Campo Maior, 1, 0, 7, 0, 0, 0, 0, 0, 1, 0, 0, 0, 0, 9, 0, 12, 7, 10, 0, 27, 0, 0, 0, 0, 1, 0, 0, 1, 0, 1, 43, 0, 1, 0, 0, 0, 0, 1, 3, 0, 1, 0, 0, 0, 0, 0, 44, 0, 0, 0, 0, 0, 2, 0, 0, 5, 0, 0, 3, 0, 0, 0, 0, 0, 0, 0, 0, 0, 0
Cantanhede, 1, 5, 8, 2, 0, 91, 1, 0, 0, 4, 2, 3, 3, 8, 0, 735, 13, 1, 0, 3, 0, 0, 0, 0, 13, 0, 0, 0, 0, 32, 69, 0, 3, 0, 1, 1, 0, 0, 3, 2, 5, 3, 0, 6, 3, 0, 0, 0, 42, 0, 1, 0, 4, 0, 4, 0, 0, 0, 4, 0, 0, 0, 0, 0, 0, 0, 4, 7, 9
Carrazeda de Ansiães, 0, 0, 0, 0, 0, 7, 0, 0, 0, 8, 34, 0, 0, 7, 0, 21, 7, 0, 0, 0, 0, 1, 0, 0, 0, 0, 0, 0, 0, 0, 2, 0, 1, 0, 1, 0, 15, 0, 0, 1, 0, 0, 0, 0, 0, 1, 0, 0, 13, 0, 0, 0, 0, 0, 0, 0, 0, 0, 1, 0, 0, 0, 0, 0, 0, 0, 1, 17, 1
Carregal do Sal, 0, 0, 4, 1, 0, 15, 1, 0, 0, 1, 3, 1, 0, 0, 0, 71, 16, 0, 0, 0, 0, 1, 0, 0, 3, 0, 0, 0, 0, 5, 20, 0, 0, 0, 0, 0, 0, 0, 0, 1, 4, 0, 0, 0, 0, 0, 1, 0, 6, 0, 0, 0, 0, 0, 3, 1, 0, 0, 1, 0, 0, 0, 0, 0, 0, 0, 0, 0, 48
Cartaxo, 2, 0, 29, 2, 0, 10, 0, 0, 1, 0, 2, 8, 6, 11, 0, 17, 4, 1, 0, 22, 0, 3, 0, 0, 1, 0, 0, 0, 0, 14, 283, 0, 0, 0, 0, 0, 1, 0, 7, 0, 0, 0, 0, 15, 0, 0, 2, 1, 8, 0, 16, 0, 168, 0, 0, 1, 0, 1, 7, 0, 0, 0, 0, 0, 0, 0, 0, 4, 0
Cascais, 1, 1, 387, 18, 5, 13, 1, 4, 11, 12, 1, 30, 421, 10, 0, 47, 24, 5, 0, 45, 1, 35, 0, 0, 6, 2, 0, 0, 0, 19,5 682, 1, 2, 0, 2, 0, 3, 19, 558, 1, 0, 2, 0, 10, 2, 0, 7, 0, 40, 0, 6, 0, 10, 0, 0, 21, 0, 3, 3, 0, 0, 0, 0, 0, 0, 0, 0, 5, 2
Castanheira de Pêra, 0, 1, 1, 0, 0, 0, 0, 0, 0, 0, 0, 0, 0, 1, 0, 31, 4, 0, 0, 0, 0, 1, 0, 0, 1, 0, 0, 2, 0, 12, 9, 0, 0, 0, 0, 0, 0, 0, 0, 0, 0, 0, 0, 0, 0, 0, 0, 0, 1, 0, 0, 0, 0, 0, 0, 0, 0, 0, 2, 0, 0, 0, 0, 0, 0, 0, 0, 0, 0
Castelo Branco, 1, 0, 48, 0, 0, 24, 1, 0, 0, 9, 2, 3, 11, 887, 0, 208, 242, 0, 0, 29, 0, 10, 0, 1, 25, 0, 0, 84, 0, 19, 468, 0, 1, 0, 0, 0, 0, 1, 27, 0, 0, 0, 0, 2, 0, 0, 10, 0, 27, 0, 1, 0, 5, 0, 1, 0, 0, 3, 2, 0, 0, 0, 0, 0, 0, 0, 1, 2, 14
Castelo de Paiva, 1, 0, 0, 0, 0, 49, 1, 0, 0, 10, 13, 0, 0, 6, 0, 20, 0, 0, 0, 0, 0, 1, 8, 0, 2, 0, 0, 0, 3, 1, 16, 0, 6, 0, 12, 0, 1, 0, 0, 1, 0, 12, 0, 1, 0, 0, 0, 0, 133, 0, 0, 3, 0, 0, 0, 0, 0, 0, 0, 0, 0, 0, 1, 2, 0, 0, 13, 18, 19
Castelo de Vide, 0, 0, 3, 0, 0, 0, 0, 0, 0, 1, 0, 1, 0, 3, 0, 3, 1, 2, 0, 2, 0, 0, 0, 0, 0, 0, 0, 1, 0, 0, 28, 0, 0, 0, 0, 0, 0, 0, 1, 0, 0, 0, 0, 0, 0, 0, 26, 0, 1, 0, 0, 0, 0, 0, 0, 0, 0, 0, 2, 0, 0, 0, 0, 0, 0, 0, 0, 0, 0
Castro Daire, 0, 0, 2, 0, 0, 15, 0, 0, 1, 2, 8, 0, 1, 2, 0, 88, 13, 1, 0, 2, 0, 1, 0, 0, 16, 0, 0, 1, 7, 2, 28, 0, 0, 0, 0, 0, 1, 0, 0, 0, 0, 0, 0, 0, 0, 0, 0, 0, 17, 0, 0, 0, 0, 0, 0, 0, 0, 0, 0, 0, 0, 0, 0, 0, 0, 0, 3, 24, 87
Castro Marim, 0, 0, 1, 0, 0, 0, 0, 0, 10, 1, 0, 0, 0, 0, 0, 6, 2, 0, 0, 8, 0, 49, 0, 0, 0, 0, 0, 0, 0, 2, 26, 0, 0, 0, 0, 0, 0, 1, 2, 0, 0, 1, 0, 0, 0, 1, 1, 0, 0, 0, 0, 0, 4, 0, 0, 2, 0, 0, 1, 0, 0, 0, 0, 0, 0, 0, 0, 0, 0
Castro Verde, 0, 0, 16, 1, 0, 0, 0, 0, 48, 1, 0, 1, 1, 1, 0, 10, 0, 0, 0, 9, 0, 32, 0, 0, 0, 0, 0, 0, 0, 0, 70, 1, 0, 0, 0, 0, 0, 1, 7, 0, 0, 0, 0, 0, 1, 0, 0, 2, 2, 0, 0, 0, 0, 0, 1, 0, 3, 0, 0, 0, 0, 0, 0, 0, 0, 0, 0, 1, 0
Celorico da Beira, 0, 0, 0, 0, 0, 8, 0, 0, 0, 2, 2, 0, 0, 5, 0, 32, 32, 0, 0, 1, 0, 1, 0, 0, 38, 0, 0, 1, 1, 1, 17, 0, 0, 0, 0, 0, 0, 0, 2, 0, 0, 0, 0, 0, 0, 0, 0, 0, 3, 0, 0, 0, 0, 0, 2, 1, 0, 0, 0, 0, 0, 0, 0, 0, 0, 0, 0, 3, 9
Celorico de Basto, 0, 1, 3, 0, 0, 14, 3, 0, 0, 60, 57, 0, 2, 1, 0, 22, 11, 0, 0, 2, 16, 1, 15, 0, 2, 2, 0, 1, 1, 1, 19, 0, 4, 0, 11, 0, 14, 0, 1, 0, 0, 1, 0, 0, 0, 1, 1, 0, 106, 0, 1, 0, 0, 0, 0, 0, 0, 0, 0, 0, 0, 3, 3, 4, 0, 3, 6, 171, 1
Chamusca, 5, 0, 5, 0, 1, 4, 0, 0, 1, 0, 0, 0, 0, 7, 0, 17, 2, 0, 0, 12, 0, 4, 0, 0, 3, 0, 0, 1, 0, 4, 38, 0, 0, 0, 0, 0, 0, 0, 0, 0, 0, 0, 0, 4, 0, 0, 4, 0, 4, 0, 6, 0, 36, 0, 0, 0, 0, 0, 12, 0, 0, 0, 0, 0, 0, 0, 0, 1, 1
Chaves, 1, 4, 8, 0, 0, 49, 2, 0, 0, 88, 141, 1, 0, 3, 61, 150, 45, 0, 0, 3, 0, 1, 1, 0, 5, 0, 0, 2, 2, 5, 79, 0, 8, 0, 6, 1, 61, 1, 1, 0, 1, 9, 0, 0, 0, 0, 1, 0, 270, 0, 0, 0, 1, 0, 0, 0, 0, 0, 0, 0, 0, 0, 0, 1, 0, 1, 7, 153, 12
Cinfães, 1, 1, 0, 0, 0, 12, 1, 0, 1, 9, 9, 0, 0, 5, 0, 22, 14, 0, 0, 0, 0, 0, 2, 0, 1, 0, 0, 0, 12, 1, 15, 0, 9, 0, 15, 0, 0, 0, 0, 0, 0, 6, 0, 1, 0, 0, 0, 0, 96, 0, 0, 0, 1, 0, 0, 0, 0, 1, 0, 0, 0, 0, 0, 1, 0, 0, 7, 19, 32
Coimbra, 2, 5, 25, 2, 2, 107, 1, 0, 0, 27, 5, 20, 17, 5, 0,8 211, 68, 0, 0, 15, 0, 16, 1, 0, 14, 1, 0, 0, 1, 27, 545, 0, 5, 0, 4, 0, 3, 0, 14, 1, 34, 5, 0, 5, 9, 0, 1, 0, 213, 0, 3, 0, 2, 0, 11, 1, 0, 1, 5, 0, 0, 1, 3, 3, 0, 0, 3, 22, 46
Condeixa-a-Nova, 0, 0, 1, 1, 0, 11, 0, 0, 0, 0, 0, 2, 0, 4, 0, 518, 4, 0, 0, 1, 0, 1, 0, 0, 2, 0, 0, 0, 0, 10, 26, 0, 0, 0, 0, 0, 0, 0, 0, 1, 0, 2, 0, 1, 1, 0, 0, 0, 10, 0, 1, 0, 1, 0, 1, 0, 0, 0, 4, 0, 0, 0, 0, 0, 0, 0, 0, 4, 4
Constância, 5, 0, 0, 0, 0, 6, 0, 0, 2, 0, 1, 0, 1, 3, 0, 13, 8, 1, 0, 2, 0, 0, 0, 1, 0, 0, 0, 0, 0, 7, 25, 0, 0, 0, 0, 0, 0, 0, 2, 0, 0, 0, 0, 1, 0, 0, 2, 0, 0, 0, 2, 0, 4, 0, 0, 0, 0, 0, 16, 0, 0, 0, 0, 0, 0, 0, 0, 0, 0
Coruche, 0, 2, 44, 0, 0, 1, 0, 2, 3, 0, 1, 0, 1, 2, 0, 24, 9, 0, 0, 55, 0, 3, 0, 0, 0, 0, 0, 0, 0, 11, 159, 0, 0, 0, 0, 0, 1, 0, 8, 0, 0, 0, 0, 2, 0, 0, 1, 1, 3, 0, 9, 0, 57, 0, 0, 6, 0, 0, 7, 0, 0, 0, 0, 0, 0, 0, 0, 0, 0
Corvo, 0, 0, 0, 0, 0, 0, 0, 0, 0, 0, 0, 0, 0, 0, 0, 0, 0, 0, 0, 0, 0, 0, 0, 0, 0, 0, 0, 0, 0, 0, 6, 0, 0, 0, 0, 0, 0, 0, 0, 0, 0, 0, 0, 0, 1, 0, 0, 0, 0, 0, 0, 0, 0, 0, 0, 0, 0, 0, 0, 0, 0, 0, 0, 0, 0, 0, 0, 0, 0
Covilhã, 1, 1, 16, 1, 0, 27, 1, 1, 1, 13, 4, 1, 6, 188, 0, 104,1 038, 0, 0, 10, 0, 5, 0, 0, 72, 0, 0, 25, 0, 4, 169, 0, 0, 0, 0, 0, 0, 0, 4, 1, 0, 0, 0, 1, 0, 0, 6, 0, 38, 0, 1, 0, 1, 0, 4, 3, 0, 1, 0, 0, 0, 0, 0, 1, 0, 0, 1, 9, 12
Crato, 0, 0, 0, 0, 0, 0, 0, 0, 0, 1, 0, 0, 0, 5, 0, 3, 0, 1, 0, 3, 0, 4, 0, 0, 3, 0, 0, 1, 0, 1, 8, 0, 0, 0, 0, 0, 0, 0, 0, 0, 0, 0, 0, 0, 0, 0, 20, 0, 1, 0, 0, 0, 0, 0, 0, 0, 0, 0, 13, 0, 0, 0, 0, 0, 0, 0, 0, 0, 0
Cuba, 0, 0, 0, 0, 0, 0, 0, 0, 65, 0, 0, 1, 0, 3, 0, 5, 2, 0, 0, 11, 0, 9, 0, 0, 0, 0, 0, 0, 0, 0, 36, 0, 0, 0, 0, 0, 0, 0, 1, 0, 0, 0, 0, 0, 0, 0, 0, 3, 0, 0, 0, 0, 0, 0, 0, 3, 1, 0, 0, 0, 0, 0, 0, 0, 0, 0, 0, 0, 0
Elvas, 0, 0, 27, 0, 0, 0, 0, 0, 8, 1, 0, 1, 2, 16, 0, 18, 12, 88, 0, 101, 0, 19, 0, 0, 1, 0, 0, 3, 0, 5, 178, 0, 0, 0, 0, 0, 1, 1, 12, 0, 0, 0, 0, 1, 0, 0, 123, 1, 2, 0, 9, 0, 7, 0, 0, 5, 0, 0, 0, 0, 0, 0, 0, 0, 0, 0, 1, 0, 1
Entroncamento, 11, 0, 29, 1, 0, 32, 0, 0, 3, 2, 0, 4, 9, 21, 0, 73, 27, 0, 0, 17, 0, 9, 0, 0, 2, 1, 0, 0, 0, 41, 249, 0, 0, 0, 0, 0, 0, 1, 12, 1, 1, 0, 0, 5, 0, 0, 8, 2, 24, 0, 6, 0, 37, 0, 0, 4, 0, 6, 102, 4, 0, 0, 0, 0, 0, 0, 0, 2, 2
Espinho, 0, 8, 2, 0, 0, 183, 2, 0, 0, 22, 7, 1, 0, 4, 0, 42, 10, 0, 0, 2, 0, 1, 0, 0, 1, 0, 0, 0, 0, 0, 32, 0, 19, 0, 38, 0, 1, 0, 2, 14, 0, 4, 0, 0, 1, 1, 0, 0, 524, 0, 0, 15, 0, 0, 0, 0, 0, 0, 0, 0, 0, 0, 4, 8, 0, 0, 49, 13, 6
Esposende, 0, 0, 2, 0, 0, 28, 142, 0, 2, 187, 39, 1, 1, 3, 0, 90, 16, 0, 0, 1, 0, 3, 5, 0, 1, 1, 0, 0, 1, 7, 46, 0, 23, 0, 20, 6, 12, 0, 2, 0, 4, 13, 0, 1, 0, 14, 2, 0, 317, 1, 0, 0, 0, 0, 2, 0, 0, 0, 2, 0, 0, 3, 120, 26, 1, 12, 21, 15, 13
Estarreja, 0, 33, 2, 0, 0, 243, 0, 0, 2, 5, 3, 2, 3, 6, 0, 96, 15, 0, 0, 7, 0, 1, 0, 0, 22, 0, 0, 0, 1, 13, 44, 0, 4, 0, 5, 0, 1, 0, 2, 26, 2, 1, 0, 1, 0, 1, 1, 0, 108, 0, 0, 5, 0, 0, 0, 0, 0, 0, 0, 0, 0, 0, 0, 1, 0, 0, 14, 9, 12
Estremoz, 0, 1, 19, 0, 0, 1, 0, 0, 15, 1, 0, 0, 1, 7, 0, 6, 6, 10, 0, 69, 0, 16, 0, 0, 0, 0, 0, 0, 0, 1, 162, 0, 0, 0, 0, 0, 0, 0, 1, 0, 0, 0, 0, 0, 0, 0, 25, 0, 1, 0, 1, 0, 0, 0, 0, 4, 0, 0, 1, 0, 0, 0, 0, 1, 0, 0, 0, 0, 0
Évora, 2, 0, 84, 3, 1, 5, 0, 2, 51, 8, 0, 2, 11, 6, 0, 32, 11, 4, 0,1 126, 0, 29, 0, 0, 0, 0, 0, 1, 0, 4, 558, 2, 0, 0, 0, 0, 0, 2, 29, 0, 1, 0, 0, 4, 1, 0, 19, 2, 9, 0, 4, 0, 8, 0, 1, 8, 1, 0, 1, 0, 0, 0, 0, 1, 0, 0, 3, 1, 3
Fafe, 0, 0, 4, 1, 0, 28, 24, 0, 0, 359, 82, 1, 0, 4, 0, 82, 44, 1, 0, 3, 99, 3, 58, 0, 1, 0, 0, 0, 1, 3, 42, 0, 11, 0, 15, 0, 15, 0, 2, 0, 2, 15, 1, 0, 0, 3, 1, 0, 279, 7, 0, 0, 0, 0, 0, 0, 0, 0, 3, 0, 0, 1, 16, 8, 0, 9, 15, 71, 6
Faro, 0, 0, 58, 2, 0, 4, 0, 0, 32, 5, 0, 5, 12, 3, 0, 58, 10, 1, 0, 39, 1,1 689, 0, 1, 2, 1, 0, 0, 0, 2, 518, 2, 1, 0, 0, 1, 1, 0, 13, 1, 0, 1, 0, 0, 0, 0, 9, 14, 31, 0, 6, 0, 2, 0, 0, 7, 8, 4, 2, 0, 0, 0, 1, 0, 0, 0, 0, 0, 2
Felgueiras, 3, 2, 3, 1, 0, 41, 7, 0, 0, 187, 77, 3, 1, 3, 0, 118, 23, 0, 0, 6, 26, 2, 250, 0, 4, 1, 0, 1, 2, 13, 60, 0, 20, 0, 28, 2, 12, 0, 0, 0, 1, 40, 14, 1, 0, 1, 0, 1, 367, 0, 0, 0, 0, 0, 0, 0, 0, 0, 0, 0, 0, 3, 4, 9, 0, 9, 15, 128, 11
Ferreira do Alentejo, 0, 0, 10, 0, 0, 2, 0, 0, 68, 0, 0, 3, 0, 1, 0, 2, 0, 0, 0, 14, 0, 6, 0, 0, 0, 0, 0, 0, 0, 0, 50, 0, 0, 0, 1, 0, 0, 0, 0, 0, 0, 0, 0, 0, 0, 0, 0, 1, 0, 0, 0, 0, 0, 1, 0, 3, 0, 0, 0, 0, 0, 0, 0, 0, 0, 0, 0, 0, 1
Ferreira do Zêzere, 0, 0, 3, 0, 0, 6, 0, 0, 0, 0, 0, 0, 2, 7, 0, 37, 7, 0, 0, 8, 0, 0, 0, 0, 0, 0, 0, 0, 0, 17, 54, 0, 0, 0, 0, 0, 0, 0, 3, 0, 0, 0, 0, 1, 0, 0, 0, 0, 1, 0, 0, 0, 2, 0, 0, 0, 0, 0, 53, 0, 0, 0, 0, 0, 0, 0, 0, 0, 0
Figueira da Foz, 1, 10, 12, 2, 0, 143, 0, 0, 0, 8, 5, 12, 5, 20, 0,1 003, 37, 1, 0, 17, 0, 11, 1, 0, 11, 0, 0, 0, 0, 127, 221, 0, 3, 0, 1, 0, 2, 0, 11, 2, 4, 0, 0, 8, 2, 0, 1, 1, 70, 0, 9, 0, 10, 0, 13, 1, 0, 1, 2, 0, 0, 0, 0, 2, 0, 0, 4, 7, 17
Figueira de Castelo Rodrigo, 0, 1, 0, 0, 0, 3, 0, 0, 1, 0, 3, 0, 0, 3, 0, 20, 12, 0, 0, 1, 0, 1, 1, 0, 44, 0, 0, 2, 1, 2, 8, 0, 0, 0, 0, 0, 1, 0, 0, 0, 0, 0, 0, 0, 0, 0, 1, 0, 3, 0, 0, 0, 0, 0, 0, 0, 0, 0, 0, 0, 0, 0, 0, 0, 0, 0, 0, 3, 4
Figueiró dos Vinhos, 0, 0, 1, 0, 0, 1, 0, 0, 0, 2, 0, 1, 0, 2, 0, 58, 2, 0, 0, 2, 0, 1, 0, 0, 1, 0, 0, 0, 0, 22, 24, 0, 0, 0, 0, 0, 0, 0, 0, 0, 0, 1, 0, 1, 0, 0, 1, 0, 2, 0, 0, 0, 0, 0, 0, 0, 0, 0, 7, 0, 0, 0, 0, 0, 0, 0, 0, 2, 0
Fornos de Algodres, 0, 0, 1, 0, 0, 4, 0, 0, 0, 1, 1, 0, 0, 1, 0, 24, 13, 0, 0, 0, 0, 0, 0, 0, 9, 0, 0, 2, 2, 1, 11, 0, 0, 0, 0, 0, 0, 0, 0, 0, 0, 0, 0, 0, 0, 0, 0, 0, 10, 0, 0, 0, 1, 0, 2, 0, 0, 0, 0, 0, 0, 0, 0, 0, 0, 0, 0, 0, 19
Freixo de Espada à Cinta, 0, 0, 0, 0, 0, 2, 0, 0, 0, 1, 17, 0, 0, 2, 0, 6, 2, 0, 0, 0, 0, 1, 0, 0, 2, 0, 0, 0, 0, 0, 2, 0, 0, 0, 0, 0, 6, 0, 0, 0, 0, 2, 0, 0, 0, 0, 0, 0, 5, 0, 0, 0, 0, 0, 0, 0, 0, 0, 0, 0, 0, 0, 0, 0, 0, 0, 0, 12, 2
Fronteira, 0, 0, 3, 0, 0, 1, 0, 0, 1, 2, 0, 0, 0, 4, 0, 3, 1, 2, 0, 5, 0, 0, 0, 0, 1, 0, 0, 3, 0, 0, 12, 0, 0, 0, 0, 0, 0, 0, 1, 0, 0, 0, 0, 0, 0, 0, 15, 1, 0, 0, 1, 0, 1, 0, 0, 0, 0, 0, 0, 0, 0, 0, 0, 0, 0, 0, 0, 0, 0
Funchal, 1, 0, 65, 3, 4, 45, 6, 2, 8, 75, 10, 7, 44, 14, 0, 181, 44, 2, 0, 31, 0, 38, 1,1 468, 9, 0, 0, 1, 1, 18,1 071, 0, 4, 0, 5, 0, 3, 2, 57, 0, 5, 6, 0, 6, 4, 0, 1, 1, 284, 0, 11, 0, 9, 0, 0, 16, 0, 3, 4, 0, 0, 2, 8, 0, 0, 3, 21, 29, 16
Fundão, 0, 0, 14, 0, 1, 16, 0, 0, 1, 7, 4, 5, 1, 211, 0, 58, 255, 0, 0, 14, 0, 5, 0, 0, 31, 0, 0, 27, 0, 7, 124, 0, 0, 0, 0, 0, 1, 0, 9, 0, 0, 1, 0, 1, 0, 0, 6, 0, 16, 0, 1, 0, 3, 0, 0, 1, 0, 0, 1, 0, 0, 0, 0, 0, 0, 0, 0, 2, 12
Gavião, 1, 0, 5, 0, 0, 0, 0, 0, 0, 0, 0, 1, 0, 7, 0, 3, 4, 1, 0, 5, 0, 0, 0, 0, 1, 0, 0, 1, 0, 2, 26, 0, 0, 0, 0, 0, 0, 0, 0, 0, 0, 0, 0, 1, 0, 0, 3, 0, 0, 0, 0, 0, 1, 0, 0, 0, 0, 0, 0, 0, 0, 0, 0, 0, 0, 0, 0, 0, 0
Góis, 0, 0, 0, 0, 0, 3, 0, 0, 0, 0, 0, 0, 0, 1, 0, 48, 0, 0, 0, 0, 0, 0, 0, 0, 0, 0, 0, 0, 0, 1, 5, 0, 0, 0, 0, 0, 0, 0, 1, 0, 1, 0, 0, 0, 0, 0, 0, 0, 1, 0, 0, 0, 0, 0, 0, 0, 0, 0, 0, 0, 0, 0, 0, 0, 0, 0, 0, 0, 1
Golegã, 6, 0, 2, 0, 0, 2, 0, 0, 0, 0, 0, 2, 2, 5, 0, 6, 4, 0, 0, 7, 0, 5, 0, 0, 0, 0, 0, 0, 0, 4, 30, 0, 0, 0, 0, 0, 0, 0, 1, 0, 0, 0, 0, 0, 0, 0, 0, 0, 3, 0, 3, 0, 21, 0, 0, 1, 0, 0, 22, 0, 0, 0, 0, 0, 0, 0, 0, 0, 0
Gondomar, 0, 4, 6, 1, 0, 100, 16, 0, 1, 103, 11, 5, 1, 5, 0, 71, 33, 0, 0, 1, 0, 8, 19, 1, 6, 0, 0, 1, 3, 10, 138, 0, 271, 0, 464, 4, 6, 0, 4, 5, 0, 69, 1, 3, 0, 3, 2, 0,2 993, 0, 0, 0, 0, 0, 2, 0, 0, 0, 2, 0, 0, 0, 12, 65, 0, 2, 204, 60, 6
Gouveia, 0, 0, 3, 0, 0, 26, 0, 0, 0, 4, 4, 0, 0, 14, 0, 88, 28, 0, 0, 2, 0, 1, 0, 0, 36, 0, 0, 0, 1, 5, 35, 0, 1, 0, 0, 0, 0, 0, 1, 0, 1, 0, 0, 0, 1, 0, 1, 0, 18, 0, 0, 0, 0, 0, 6, 1, 0, 0, 0, 0, 0, 0, 0, 1, 0, 0, 0, 11, 29
Grândola, 1, 0, 10, 1, 0, 0, 0, 0, 38, 1, 2, 0, 1, 1, 0, 3, 0, 0, 0, 24, 0, 21, 0, 0, 0, 0, 0, 0, 0, 2, 115, 0, 0, 0, 0, 0, 0, 0, 2, 0, 0, 1, 0, 0, 0, 0, 1, 0, 4, 0, 1, 0, 2, 0, 0, 26, 0, 0, 0, 0, 0, 0, 0, 0, 0, 0, 0, 0, 0
Guarda, 0, 2, 24, 0, 0, 67, 0, 1, 0, 7, 7, 7, 5, 53, 1, 300, 280, 0, 0, 14, 0, 8, 0, 0, 712, 0, 0, 15, 2, 10, 279, 0, 1, 0, 1, 0, 2, 0, 14, 0, 0, 4, 0, 0, 0, 0, 3, 0, 79, 0, 0, 0, 0, 0, 16, 3, 0, 0, 1, 0, 0, 0, 0, 0, 0, 0, 1, 25, 59
Guimarães, 1, 1, 12, 2, 0, 91, 283, 0, 1,2 132, 127, 7, 1, 7, 1, 267, 82, 0, 0, 10, 93, 14, 141, 0, 30, 35, 0, 2, 1, 19, 145, 0, 76, 0, 53, 8, 41, 0, 4, 2, 1, 24, 1, 6, 2, 10, 1, 0, 795, 6, 1, 0, 1, 1, 9, 2, 0, 2, 8, 0, 0, 8, 106, 54, 1, 152, 48, 263, 21
Horta, 1, 0, 6, 0, 7, 15, 1, 0, 2, 12, 8, 0, 0, 3, 0, 29, 1, 0, 0, 4, 1, 6, 0, 0, 4, 0, 14, 0, 0, 4, 133, 0, 1, 0, 2, 0, 1, 1, 3, 0, 0, 1, 0, 0, 33, 0, 2, 1, 18, 0, 2, 0, 4, 0, 0, 3, 0, 0, 4, 0, 0, 0, 0, 1, 0, 5, 3, 3, 2
Idanha-a-Nova, 0, 0, 3, 0, 0, 1, 0, 0, 0, 2, 2, 0, 0, 50, 0, 7, 16, 0, 0, 4, 0, 1, 0, 0, 1, 0, 0, 72, 0, 1, 18, 0, 0, 0, 0, 0, 0, 0, 0, 0, 0, 0, 0, 0, 0, 0, 2, 0, 0, 0, 0, 0, 1, 0, 0, 1, 0, 0, 0, 0, 0, 0, 0, 0, 0, 0, 0, 2, 0
Ílhavo, 0, 64, 6, 1, 1, 609, 4, 0, 0, 8, 5, 2, 2, 9, 0, 307, 19, 0, 0, 4, 0, 1, 0, 0, 13, 0, 0, 1, 3, 10, 85, 0, 5, 0, 1, 0, 3, 0, 16, 8, 2, 0, 1, 3, 1, 2, 2, 0, 108, 0, 2, 0, 0, 0, 0, 0, 0, 0, 1, 0, 0, 0, 1, 0, 0, 0, 9, 13, 38
Lagoa (Algarve), 0, 0, 18, 0, 0, 5, 0, 0, 5, 1, 1, 2, 0, 9, 0, 22, 5, 0, 0, 27, 0, 101, 0, 0, 0, 0, 0, 1, 2, 3, 126, 1, 0, 0, 0, 0, 0, 0, 9, 0, 0, 0, 0, 1, 0, 0, 4, 71, 5, 0, 2, 0, 0, 1, 0, 4, 13, 0, 1, 0, 0, 0, 0, 0, 0, 0, 0, 1, 0
Lagoa (R.A.A.), 0, 0, 3, 0, 7, 0, 0, 0, 0, 4, 1, 2, 0, 1, 0, 8, 1, 0, 0, 4, 0, 1, 1, 0, 0, 0, 0, 1, 0, 0, 59, 0, 0, 0, 1, 0, 0, 0, 0, 0, 0, 0, 0, 0, 139, 0, 3, 0, 19, 0, 1, 0, 0, 0, 0, 2, 0, 0, 0, 0, 0, 0, 0, 0, 0, 0, 2, 4, 0
Lagos, 0, 0, 37, 0, 0, 4, 2, 1, 13, 1, 1, 5, 4, 9, 0, 24, 4, 0, 0, 27, 0, 138, 0, 0, 0, 0, 0, 1, 0, 4, 228, 1, 0, 0, 0, 0, 0, 0, 9, 1, 0, 0, 0, 3, 0, 0, 2, 58, 13, 0, 2, 0, 2, 0, 0, 3, 5, 0, 6, 0, 0, 0, 0, 0, 0, 0, 0, 0, 1
Lajes das Flores, 0, 0, 1, 0, 0, 0, 0, 0, 0, 0, 0, 0, 0, 0, 0, 1, 0, 0, 0, 3, 0, 0, 0, 0, 0, 0, 0, 0, 0, 0, 5, 0, 0, 0, 0, 0, 0, 0, 0, 0, 0, 0, 0, 0, 6, 0, 0, 0, 1, 0, 0, 0, 0, 0, 0, 0, 0, 0, 0, 0, 0, 0, 0, 0, 0, 0, 0, 0, 0
Lajes do Pico, 0, 0, 1, 1, 10, 4, 0, 0, 1, 0, 1, 0, 0, 0, 0, 15, 2, 0, 0, 2, 0, 0, 0, 0, 0, 0, 0, 0, 0, 1, 23, 0, 0, 0, 0, 0, 0, 0, 2, 0, 0, 0, 0, 0, 8, 0, 0, 0, 5, 0, 0, 0, 1, 0, 0, 0, 0, 0, 5, 0, 0, 0, 0, 0, 0, 0, 1, 1, 1
Lamego, 1, 3, 8, 0, 0, 41, 0, 0, 0, 32, 36, 0, 1, 5, 0, 111, 48, 0, 0, 0, 0, 3, 0, 0, 11, 0, 0, 0, 122, 6, 52, 0, 2, 0, 9, 0, 6, 0, 3, 0, 1, 3, 0, 1, 0, 1, 0, 0, 192, 0, 0, 0, 1, 0, 1, 0, 0, 0, 1, 0, 0, 0, 1, 0, 0, 0, 11, 103, 75
Leiria, 3, 0, 86, 6, 1, 136, 1, 0, 8, 29, 6, 107, 20, 46, 0, 725, 76, 2, 0, 67, 0, 23, 0, 1, 5, 0, 0, 4, 0,2 323,1 084, 0, 4, 23, 4, 0, 4, 0, 46, 1, 1, 2, 0, 91, 2, 1, 16, 1, 88, 0, 29, 0, 30, 0, 2, 6, 0, 3, 19, 0, 0, 0, 0, 0, 0, 0, 6, 19, 18
Lisboa, 4, 0,1 081, 108, 2, 44, 5, 24, 13, 50, 13, 72, 296, 31, 0, 234, 54, 5, 0, 129, 0, 88, 0, 7, 16, 0, 0, 3, 0, 29,23 640, 0, 2, 0, 3, 0, 6, 71, 628, 1, 3, 6, 0, 24, 10, 0, 10, 4, 166, 0, 17, 0, 48, 0, 3, 73, 0, 11, 18, 0, 0, 0, 1, 1, 0, 0, 5, 18, 18
Loulé, 1, 0, 30, 0, 0, 10, 0, 0, 16, 7, 3, 2, 4, 8, 0, 44, 15, 0, 0, 35, 0, 731, 0, 0, 0, 0, 0, 3, 0, 7, 357, 18, 1, 0, 0, 0, 0, 0, 11, 0, 1, 0, 0, 2, 0, 0, 6, 19, 21, 0, 2, 0, 4, 0, 0, 8, 7, 0, 1, 0, 0, 0, 0, 0, 0, 0, 1, 2, 1
Loures, 4, 0, 250, 12, 2, 9, 0, 11, 6, 9, 4, 24, 69, 14, 0, 33, 15, 0, 0, 27, 0, 36, 0, 0, 6, 0, 0, 0, 0, 12,4 773, 0, 1, 0, 0, 0, 3, 58, 134, 0, 2, 0, 0, 14, 2, 0, 7, 1, 22, 0, 15, 0, 57, 0, 2, 70, 0, 3, 15, 0, 0, 0, 0, 1, 0, 0, 3, 3, 6
Lourinhã, 0, 0, 19, 0, 0, 5, 1, 1, 2, 4, 2, 10, 5, 1, 0, 26, 6, 0, 0, 17, 0, 6, 0, 0, 0, 0, 0, 0, 0, 40, 297, 0, 0, 0, 0, 0, 0, 4, 15, 0, 0, 0, 0, 28, 1, 0, 2, 1, 4, 0, 12, 0, 13, 0, 0, 1, 0, 1, 2, 0, 7, 0, 0, 0, 0, 0, 0, 3, 3
Lousã, 0, 0, 1, 0, 0, 11, 0, 0, 0, 1, 1, 1, 0, 4, 0, 425, 10, 0, 0, 2, 0, 0, 0, 0, 2, 0, 0, 0, 0, 4, 26, 0, 0, 0, 0, 1, 0, 0, 0, 1, 5, 0, 0, 0, 0, 0, 1, 0, 9, 0, 0, 0, 0, 0, 0, 0, 0, 0, 2, 0, 0, 0, 0, 0, 0, 0, 2, 3, 2
Lousada, 0, 1, 3, 0, 0, 21, 2, 0, 0, 81, 87, 3, 0, 1, 0, 72, 28, 0, 0, 2, 0, 4, 109, 0, 6, 0, 0, 0, 1, 4, 41, 0, 43, 0, 42, 0, 24, 0, 1, 1, 0, 54, 11, 0, 0, 0, 0, 0, 420, 0, 0, 0, 0, 0, 0, 0, 0, 0, 2, 0, 0, 1, 5, 7, 0, 2, 26, 45, 7
Mação, 4, 0, 4, 0, 0, 4, 0, 0, 0, 0, 0, 1, 0, 18, 0, 16, 7, 1, 0, 2, 0, 5, 0, 0, 1, 0, 0, 2, 0, 6, 43, 0, 0, 0, 0, 0, 0, 0, 0, 0, 0, 0, 0, 1, 0, 0, 10, 0, 2, 0, 5, 0, 12, 0, 0, 0, 0, 0, 21, 0, 0, 0, 0, 1, 0, 0, 0, 2, 0
Macedo de Cavaleiros, 0, 0, 4, 0, 0, 8, 3, 0, 1, 22, 178, 0, 0, 1, 1, 51, 18, 0, 0, 2, 0, 0, 0, 0, 3, 0, 0, 0, 0, 3, 35, 0, 3, 0, 1, 0, 28, 0, 0, 0, 0, 2, 0, 0, 0, 0, 1, 0, 61, 0, 0, 0, 0, 0, 0, 0, 0, 0, 1, 0, 0, 0, 0, 0, 0, 0, 1, 43, 7
Machico, 0, 0, 3, 2, 0, 9, 0, 1, 2, 12, 1, 1, 0, 17, 0, 53, 16, 0, 0, 7, 0, 7, 0, 223, 1, 0, 0, 0, 1, 10, 91, 0, 0, 0, 2, 0, 1, 0, 5, 0, 0, 0, 0, 3, 8, 0, 5, 0, 46, 0, 2, 0, 7, 0, 0, 2, 1, 0, 1, 0, 0, 0, 0, 2, 0, 1, 5, 2, 1
Madalena, 1, 1, 2, 0, 6, 3, 0, 0, 0, 2, 0, 0, 0, 2, 0, 15, 3, 0, 0, 3, 0, 2, 0, 0, 0, 0, 0, 0, 1, 4, 38, 0, 0, 0, 1, 0, 0, 1, 2, 0, 0, 0, 0, 0, 15, 0, 1, 0, 9, 0, 1, 0, 1, 0, 0, 3, 0, 0, 5, 0, 0, 0, 0, 0, 0, 1, 2, 3, 1
Mafra, 1, 0, 59, 5, 0, 4, 0, 2, 6, 4, 2, 19, 53, 6, 0, 18, 7, 1, 0, 29, 0, 12, 0, 0, 2, 0, 0, 0, 0, 17,1 688, 0, 0, 0, 0, 0, 0, 22, 78, 0, 2, 0, 0, 33, 0, 0, 7, 0, 13, 0, 16, 0, 23, 1, 0, 11, 0, 3, 6, 0, 11, 0, 0, 0, 0, 1, 0, 3, 1
Maia, 0, 3, 11, 7, 0, 81, 24, 0, 1, 148, 10, 2, 1, 9, 0, 82, 34, 0, 0, 3, 0, 8, 20, 0, 4, 0, 0, 0, 0, 4, 137, 0, 472, 0, 433, 2, 5, 0, 6, 5, 0, 35, 0, 3, 1, 6, 1, 1,3 044, 0, 1, 0, 1, 0, 0, 1, 0, 4, 1, 0, 0, 1, 11, 97, 0, 6, 165, 47, 7
Mangualde, 0, 0, 3, 0, 0, 47, 0, 0, 0, 5, 0, 0, 0, 6, 0, 95, 33, 0, 0, 5, 0, 2, 0, 1, 17, 0, 0, 2, 1, 3, 48, 0, 0, 0, 0, 0, 0, 0, 5, 0, 0, 0, 0, 0, 0, 0, 0, 0, 34, 0, 2, 0, 0, 0, 3, 0, 0, 0, 1, 0, 0, 0, 0, 0, 0, 0, 2, 6, 129
Manteigas, 0, 0, 0, 0, 0, 2, 0, 0, 0, 0, 0, 0, 1, 10, 0, 8, 23, 0, 0, 5, 0, 1, 0, 0, 18, 0, 0, 0, 0, 2, 6, 0, 0, 0, 0, 0, 0, 0, 2, 0, 0, 0, 0, 0, 1, 0, 0, 0, 6, 0, 0, 0, 0, 0, 1, 1, 0, 1, 0, 0, 0, 0, 0, 0, 0, 0, 0, 1, 1
Marco de Canaveses, 1, 1, 0, 0, 0, 43, 7, 0, 1, 72, 117, 4, 0, 3, 0, 105, 11, 0, 0, 2, 0, 1, 35, 0, 8, 0, 0, 0, 2, 4, 36, 0, 23, 0, 48, 0, 18, 0, 0, 1, 0, 26, 9, 0, 1, 1, 1, 0, 550, 0, 0, 0, 1, 0, 0, 0, 0, 0, 2, 0, 0, 0, 2, 15, 0, 0, 34, 191, 25
Marinha Grande, 1, 2, 15, 0, 0, 44, 4, 0, 1, 4, 3, 23, 4, 13, 0, 153, 10, 0, 0, 18, 0, 5, 0, 0, 3, 0, 0, 1, 1, 512, 244, 0, 1, 38, 0, 1, 2, 0, 12, 1, 1, 2, 0, 24, 2, 0, 3, 0, 23, 0, 11, 0, 14, 0, 0, 2, 0, 1, 8, 0, 0, 0, 0, 0, 0, 0, 0, 2, 3
Marvão, 0, 0, 7, 0, 0, 0, 0, 0, 0, 0, 0, 0, 0, 8, 0, 6, 2, 4, 0, 11, 0, 0, 0, 0, 0, 0, 0, 0, 0, 1, 18, 0, 0, 0, 0, 0, 0, 0, 0, 0, 0, 0, 1, 0, 0, 0, 27, 0, 0, 0, 0, 0, 0, 0, 0, 0, 0, 0, 0, 0, 0, 0, 0, 0, 0, 0, 0, 0, 0
Matosinhos, 0, 2, 5, 3, 0, 77, 10, 0, 0, 151, 28, 6, 8, 5, 0, 59, 40, 0, 0, 8, 0, 11, 6, 1, 3, 0, 0, 1, 0, 3, 225, 0, 386, 0, 547, 0, 5, 0, 4, 8, 0, 39, 0, 1, 0, 6, 0, 0,3 850, 0, 0, 0, 2, 0, 1, 1, 0, 1, 3, 0, 0, 0, 9, 139, 0, 8, 178, 59, 5
Mealhada, 0, 5, 4, 0, 0, 38, 0, 0, 0, 1, 0, 2, 0, 0, 0, 292, 8, 0, 0, 2, 0, 0, 0, 0, 2, 0, 0, 0, 0, 13, 14, 0, 2, 0, 1, 0, 0, 0, 2, 0, 0, 1, 0, 2, 0, 0, 0, 0, 21, 0, 1, 0, 0, 0, 0, 1, 0, 0, 0, 0, 0, 0, 0, 1, 0, 0, 0, 5, 1
Mêda, 0, 0, 1, 0, 0, 3, 0, 0, 0, 0, 3, 1, 2, 2, 0, 23, 10, 0, 0, 1, 0, 0, 0, 0, 18, 0, 0, 0, 1, 4, 14, 0, 0, 0, 0, 0, 0, 0, 0, 0, 0, 0, 0, 0, 0, 0, 0, 0, 5, 0, 0, 0, 0, 0, 0, 0, 0, 0, 0, 0, 0, 0, 0, 0, 0, 0, 1, 5, 20
Melgaço, 0, 1, 1, 0, 0, 11, 5, 0, 0, 24, 4, 1, 0, 1, 0, 17, 7, 0, 0, 2, 0, 0, 0, 0, 0, 0, 0, 0, 0, 1, 10, 0, 0, 0, 1, 7, 0, 0, 1, 0, 0, 0, 0, 2, 0, 5, 0, 0, 44, 1, 0, 0, 0, 0, 0, 0, 0, 1, 0, 0, 0, 13, 32, 0, 1, 1, 1, 7, 2
Mértola, 0, 0, 4, 0, 0, 0, 0, 0, 34, 0, 0, 0, 2, 0, 0, 9, 2, 0, 0, 9, 0, 24, 0, 0, 1, 0, 0, 0, 0, 0, 46, 0, 0, 0, 0, 0, 0, 0, 1, 0, 0, 0, 0, 0, 0, 0, 0, 0, 0, 0, 0, 0, 0, 0, 0, 3, 0, 0, 0, 0, 0, 0, 0, 0, 0, 0, 0, 0, 0
Mesão Frio, 0, 0, 0, 0, 0, 3, 0, 0, 0, 4, 11, 0, 0, 0, 0, 3, 1, 0, 0, 0, 1, 0, 2, 0, 0, 0, 0, 0, 8, 0, 3, 0, 0, 0, 1, 0, 0, 0, 0, 0, 0, 2, 0, 0, 0, 0, 0, 0, 23, 0, 0, 0, 0, 0, 0, 0, 0, 0, 0, 0, 0, 0, 0, 1, 0, 0, 2, 8, 6
Mira, 1, 5, 0, 0, 0, 63, 0, 0, 0, 2, 0, 4, 1, 3, 0, 214, 2, 0, 0, 2, 0, 1, 0, 0, 5, 0, 0, 0, 0, 6, 28, 0, 2, 0, 2, 0, 1, 0, 1, 2, 1, 2, 0, 2, 2, 0, 1, 0, 18, 0, 0, 0, 0, 0, 2, 0, 0, 0, 1, 0, 0, 0, 0, 0, 0, 0, 1, 3, 7
Miranda do Corvo, 1, 0, 1, 0, 0, 2, 0, 0, 0, 0, 0, 0, 0, 0, 0, 357, 7, 0, 0, 0, 0, 0, 0, 0, 1, 0, 0, 0, 0, 5, 16, 0, 0, 0, 0, 0, 0, 0, 0, 0, 0, 0, 0, 0, 0, 0, 0, 0, 7, 0, 0, 0, 1, 0, 2, 1, 0, 0, 2, 0, 0, 0, 0, 0, 0, 0, 0, 1, 4
Miranda do Douro, 0, 0, 1, 0, 0, 3, 0, 0, 0, 10, 52, 0, 0, 0, 0, 10, 6, 0, 0, 1, 0, 0, 0, 0, 1, 0, 0, 0, 0, 0, 14, 0, 2, 0, 0, 0, 5, 0, 1, 0, 1, 3, 0, 0, 0, 0, 0, 0, 33, 0, 0, 0, 0, 0, 0, 0, 0, 0, 0, 0, 0, 0, 0, 1, 0, 0, 3, 16, 2
Mirandela, 0, 0, 2, 0, 0, 14, 0, 0, 0, 34, 170, 0, 0, 8, 0, 79, 23, 0, 0, 4, 0, 3, 1, 0, 3, 0, 0, 1, 2, 0, 46, 0, 1, 0, 10, 0, 158, 0, 0, 0, 0, 4, 0, 0, 1, 0, 1, 0, 139, 0, 1, 0, 0, 0, 0, 0, 0, 0, 0, 0, 0, 0, 1, 0, 1, 1, 6, 95, 8
Mogadouro, 0, 0, 0, 0, 0, 2, 0, 0, 0, 9, 128, 0, 0, 1, 0, 25, 3, 0, 0, 2, 0, 1, 1, 0, 3, 0, 0, 0, 1, 2, 9, 0, 1, 0, 0, 0, 7, 0, 0, 1, 0, 2, 0, 0, 1, 0, 0, 0, 29, 0, 0, 0, 0, 0, 0, 0, 0, 0, 1, 0, 0, 0, 1, 1, 0, 0, 5, 15, 2
Moimenta da Beira, 0, 0, 0, 0, 0, 24, 0, 0, 0, 10, 4, 1, 0, 6, 0, 64, 23, 0, 0, 3, 0, 1, 1, 0, 6, 0, 0, 1, 9, 3, 17, 0, 0, 0, 1, 0, 1, 0, 1, 0, 0, 0, 0, 3, 1, 0, 1, 0, 15, 0, 1, 0, 0, 0, 0, 0, 0, 0, 1, 0, 0, 0, 0, 0, 0, 0, 2, 11, 66
Moita, 0, 0, 97, 1, 0, 4, 0, 70, 6, 1, 3, 1, 13, 3, 0, 11, 6, 1, 0, 24, 0, 13, 1, 1, 2, 0, 0, 1, 0, 5, 761, 0, 0, 0, 0, 0, 0, 5, 20, 0, 1, 0, 0, 2, 1, 0, 11, 4, 7, 0, 0, 0, 7, 0, 0, 398, 0, 0, 2, 0, 0, 0, 0, 1, 0, 0, 0, 0, 1
Monção, 0, 6, 5, 0, 0, 17, 5, 0, 0, 48, 23, 1, 1, 0, 0, 44, 6, 0, 0, 1, 0, 1, 5, 0, 0, 0, 0, 0, 1, 6, 18, 0, 8, 0, 13, 9, 1, 0, 0, 0, 2, 4, 0, 0, 0, 16, 0, 0, 116, 0, 1, 0, 0, 0, 0, 0, 0, 0, 0, 0, 0, 41, 39, 2, 0, 0, 5, 19, 3
Monchique, 0, 0, 7, 0, 0, 1, 0, 0, 5, 0, 0, 0, 0, 4, 0, 4, 0, 0, 0, 5, 0, 32, 0, 0, 0, 0, 0, 0, 0, 0, 33, 0, 0, 0, 0, 0, 0, 0, 5, 0, 0, 0, 0, 0, 0, 0, 0, 12, 2, 0, 1, 0, 0, 0, 0, 3, 2, 0, 0, 0, 0, 0, 0, 0, 0, 0, 0, 0, 0
Mondim de Basto, 0, 0, 1, 0, 0, 3, 0, 0, 0, 16, 25, 0, 0, 1, 0, 20, 0, 0, 0, 1, 2, 0, 6, 0, 1, 0, 0, 0, 1, 1, 5, 0, 2, 0, 1, 0, 6, 0, 0, 0, 0, 0, 0, 1, 0, 0, 0, 0, 31, 0, 0, 0, 0, 0, 0, 0, 0, 0, 0, 0, 0, 0, 1, 3, 0, 0, 6, 46, 0
Monforte, 0, 0, 5, 0, 0, 0, 0, 0, 7, 1, 0, 0, 0, 2, 0, 1, 0, 5, 0, 8, 0, 0, 0, 0, 0, 0, 0, 0, 0, 0, 13, 0, 0, 0, 0, 0, 0, 0, 0, 0, 0, 0, 0, 1, 0, 0, 22, 0, 0, 0, 0, 0, 0, 0, 0, 1, 0, 0, 0, 0, 0, 0, 0, 0, 0, 0, 0, 1, 1
Montalegre, 0, 0, 0, 0, 0, 4, 10, 0, 0, 40, 13, 0, 0, 0, 1, 17, 4, 0, 0, 1, 0, 0, 0, 0, 4, 0, 0, 0, 0, 1, 10, 0, 2, 0, 0, 1, 3, 0, 0, 0, 0, 0, 0, 0, 0, 2, 0, 0, 40, 1, 0, 0, 1, 0, 0, 0, 0, 0, 0, 0, 0, 0, 0, 0, 1, 1, 0, 29, 1
Montemor-o-Novo, 1, 0, 14, 1, 0, 1, 0, 5, 14, 1, 1, 0, 1, 6, 0, 7, 3, 6, 0, 138, 0, 8, 0, 0, 0, 0, 0, 0, 0, 4, 123, 0, 1, 0, 0, 0, 0, 0, 4, 0, 0, 0, 0, 0, 0, 0, 6, 0, 3, 0, 3, 0, 10, 0, 0, 10, 1, 0, 1, 0, 0, 0, 0, 0, 0, 0, 0, 1, 0
Montemor-o-Velho, 0, 1, 3, 0, 1, 18, 0, 0, 1, 2, 2, 3, 0, 6, 0, 636, 13, 0, 0, 2, 0, 1, 0, 0, 3, 0, 0, 0, 0, 17, 31, 0, 2, 0, 1, 0, 0, 0, 2, 1, 4, 0, 0, 3, 0, 0, 0, 0, 16, 0, 0, 0, 3, 0, 1, 2, 0, 1, 1, 0, 0, 0, 0, 2, 0, 0, 2, 4, 7
Montijo, 0, 1, 94, 2, 0, 1, 0, 14, 3, 4, 0, 1, 12, 6, 0, 8, 6, 0, 0, 40, 0, 8, 0, 0, 0, 0, 0, 0, 0, 6, 748, 0, 0, 0, 0, 0, 1, 3, 31, 0, 0, 0, 0, 0, 0, 0, 5, 1, 5, 0, 0, 0, 4, 0, 0, 185, 0, 1, 1, 0, 0, 0, 0, 0, 0, 0, 0, 0, 4
Mora, 0, 0, 2, 1, 0, 4, 0, 0, 2, 0, 0, 0, 1, 4, 0, 3, 0, 0, 0, 26, 0, 0, 0, 0, 1, 0, 0, 1, 0, 0, 26, 0, 0, 0, 0, 0, 0, 0, 0, 0, 0, 0, 0, 0, 0, 0, 3, 0, 1, 0, 0, 0, 3, 0, 0, 2, 0, 0, 0, 0, 0, 0, 0, 0, 0, 0, 0, 0, 0
Mortágua, 0, 2, 0, 0, 0, 13, 0, 0, 0, 2, 2, 1, 0, 2, 0, 118, 9, 0, 0, 2, 0, 1, 0, 0, 5, 0, 0, 0, 0, 4, 20, 0, 0, 0, 0, 0, 0, 0, 0, 0, 1, 0, 0, 0, 0, 0, 0, 0, 20, 0, 2, 0, 0, 0, 0, 0, 0, 0, 2, 0, 0, 0, 0, 0, 0, 0, 0, 3, 12
Moura, 0, 0, 13, 1, 0, 2, 0, 0, 85, 0, 1, 0, 1, 1, 0, 4, 2, 1, 0, 70, 0, 21, 0, 0, 2, 0, 0, 1, 0, 1, 83, 0, 0, 0, 0, 0, 0, 0, 4, 0, 0, 0, 0, 0, 0, 0, 2, 4, 3, 0, 3, 0, 6, 0, 0, 9, 0, 0, 0, 0, 0, 0, 0, 0, 0, 0, 0, 0, 2
Mourão, 0, 0, 1, 0, 0, 0, 0, 0, 10, 0, 0, 0, 0, 0, 0, 2, 0, 0, 0, 11, 0, 1, 0, 0, 0, 0, 0, 0, 0, 1, 5, 0, 0, 0, 0, 0, 0, 0, 0, 0, 0, 0, 0, 0, 0, 0, 1, 0, 0, 0, 0, 0, 0, 0, 0, 4, 0, 0, 0, 0, 0, 0, 0, 0, 0, 0, 0, 0, 0
Murça, 1, 0, 0, 0, 0, 2, 1, 0, 0, 11, 38, 1, 0, 3, 1, 12, 8, 0, 0, 0, 0, 1, 0, 0, 3, 0, 0, 0, 1, 2, 7, 0, 1, 0, 1, 0, 6, 0, 1, 0, 0, 1, 0, 0, 0, 0, 0, 0, 13, 0, 0, 0, 0, 0, 0, 0, 0, 0, 0, 0, 0, 0, 0, 0, 0, 0, 0, 49, 0
Murtosa, 0, 2, 2, 0, 0, 69, 1, 0, 1, 1, 3, 0, 0, 2, 0, 25, 10, 0, 0, 0, 0, 1, 0, 0, 5, 0, 0, 0, 0, 1, 10, 0, 0, 0, 1, 0, 0, 0, 2, 3, 0, 0, 0, 1, 0, 2, 1, 0, 33, 0, 0, 2, 0, 0, 0, 0, 0, 0, 0, 0, 0, 0, 0, 1, 0, 0, 3, 3, 12
Nazaré, 0, 0, 3, 0, 0, 10, 0, 0, 1, 3, 0, 11, 1, 4, 0, 52, 6, 1, 0, 12, 0, 7, 0, 0, 1, 0, 0, 2, 0, 93, 105, 0, 1, 4, 0, 0, 0, 0, 8, 0, 0, 0, 0, 18, 0, 1, 0, 0, 9, 0, 14, 0, 11, 0, 0, 0, 0, 0, 0, 0, 0, 0, 0, 0, 0, 0, 1, 1, 1
Nelas, 0, 0, 2, 0, 0, 24, 0, 0, 0, 6, 1, 0, 0, 1, 0, 113, 16, 0, 0, 0, 0, 1, 0, 0, 12, 0, 0, 0, 1, 7, 47, 0, 0, 0, 0, 0, 1, 0, 1, 0, 0, 0, 0, 0, 2, 0, 0, 0, 13, 0, 2, 0, 0, 0, 4, 0, 0, 0, 0, 0, 0, 0, 0, 0, 0, 0, 2, 2, 103
Nisa, 0, 0, 4, 0, 0, 1, 0, 0, 1, 0, 0, 1, 0, 24, 0, 7, 5, 1, 0, 30, 0, 2, 0, 0, 6, 0, 0, 3, 0, 1, 44, 0, 0, 0, 0, 0, 0, 0, 2, 0, 0, 0, 0, 1, 0, 0, 25, 0, 0, 0, 0, 0, 1, 0, 0, 0, 0, 0, 0, 0, 0, 0, 0, 0, 0, 0, 0, 0, 0
Nordeste, 0, 0, 0, 0, 5, 0, 0, 0, 0, 0, 3, 0, 0, 0, 0, 3, 0, 0, 0, 0, 0, 0, 0, 0, 0, 0, 0, 0, 0, 0, 8, 0, 0, 0, 0, 0, 0, 0, 0, 0, 0, 0, 0, 0, 57, 0, 0, 0, 3, 0, 0, 0, 1, 0, 0, 0, 0, 0, 0, 0, 0, 0, 0, 0, 0, 0, 0, 2, 1
Óbidos, 1, 0, 12, 1, 0, 7, 1, 0, 0, 1, 0, 18, 1, 2, 0, 20, 3, 1, 0, 6, 0, 1, 0, 0, 0, 0, 0, 0, 0, 55, 111, 0, 0, 0, 0, 0, 0, 0, 8, 0, 0, 0, 0, 13, 0, 0, 1, 0, 2, 0, 4, 0, 7, 0, 0, 0, 0, 1, 3, 0, 3, 0, 0, 1, 0, 0, 0, 1, 0
Odemira, 0, 0, 30, 0, 0, 6, 0, 0, 83, 1, 1, 1, 3, 3, 0, 7, 3, 1, 0, 16, 0, 87, 0, 0, 1, 0, 0, 0, 0, 1, 167, 0, 3, 0, 0, 0, 0, 1, 15, 0, 0, 0, 0, 1, 2, 0, 0, 9, 5, 0, 3, 0, 1, 0, 0, 10, 2, 0, 0, 0, 0, 0, 0, 1, 0, 0, 1, 0, 0
Odivelas, 0, 0, 201, 4, 0, 8, 0, 9, 0, 6, 4, 15, 55, 6, 0, 16, 13, 2, 0, 12, 0, 13, 0, 0, 3, 0, 0, 1, 0, 5,3 416, 0, 5, 0, 1, 0, 2, 100, 112, 0, 0, 0, 0, 11, 0, 0, 5, 0, 24, 0, 0, 0, 0, 1, 0, 9, 0, 0, 0, 0, 1, 0, 0, 0, 0, 0, 0, 8, 7
Oeiras, 1, 0, 431, 23, 1, 7, 1, 5, 3, 6, 2, 22, 185, 7, 0, 31, 19, 2, 0, 27, 0, 29, 0, 2, 1, 0, 0, 0, 1, 12,4 938, 0, 0, 1, 0, 0, 0, 20, 551, 0, 0, 0, 0, 7, 4, 0, 3, 1, 27, 0, 3, 0, 13, 1, 0, 17, 0, 1, 9, 0, 0, 0, 0, 0, 0, 0, 1, 4, 6
Oleiros, 0, 0, 1, 0, 0, 3, 0, 0, 0, 1, 1, 0, 0, 32, 0, 27, 9, 0, 0, 0, 0, 0, 0, 0, 1, 0, 0, 3, 0, 1, 12, 0, 1, 0, 0, 0, 0, 0, 1, 0, 0, 0, 0, 0, 0, 0, 0, 0, 0, 0, 0, 0, 1, 0, 0, 0, 0, 0, 1, 0, 0, 0, 0, 0, 0, 0, 1, 1, 0
Olhão, 1, 0, 10, 0, 0, 3, 0, 0, 11, 1, 0, 5, 0, 1, 0, 20, 6, 0, 0, 13, 0, 664, 0, 0, 3, 0, 0, 1, 0, 3, 153, 0, 2, 0, 0, 0, 0, 0, 4, 0, 1, 2, 0, 2, 0, 0, 2, 10, 9, 0, 2, 0, 3, 0, 0, 3, 3, 0, 0, 0, 0, 0, 0, 0, 0, 0, 1, 0, 2
Oliveira de Azeméis, 0, 12, 6, 0, 0, 319, 1, 0, 3, 41, 8, 7, 2, 14, 0, 304, 47, 0, 0, 7, 0, 5, 5, 0, 7, 0, 0, 1, 2, 15, 86, 0, 22, 0, 25, 1, 3, 0, 3, 105, 4, 5, 0, 4, 0, 1, 1, 0, 429, 0, 2, 75, 1, 0, 1, 0, 0, 0, 3, 0, 0, 2, 5, 9, 0, 0, 28, 33, 44
Oliveira de Frades, 0, 3, 2, 0, 0, 50, 0, 0, 0, 3, 2, 0, 0, 0, 0, 70, 9, 0, 0, 1, 0, 1, 2, 0, 8, 0, 0, 1, 0, 2, 30, 0, 0, 0, 3, 0, 0, 0, 1, 0, 0, 1, 0, 0, 0, 0, 0, 0, 16, 0, 0, 0, 0, 0, 3, 0, 0, 0, 0, 0, 0, 0, 0, 0, 0, 0, 3, 2, 51
Oliveira do Bairro, 0, 34, 3, 1, 0, 207, 1, 0, 0, 4, 3, 1, 0, 5, 0, 226, 11, 0, 0, 5, 0, 2, 0, 0, 1, 0, 0, 2, 1, 7, 36, 0, 3, 0, 0, 0, 0, 0, 2, 4, 3, 0, 0, 0, 0, 0, 0, 0, 59, 0, 1, 0, 3, 0, 1, 0, 0, 0, 2, 0, 0, 0, 0, 1, 0, 0, 9, 5, 26
Oliveira do Hospital, 0, 0, 2, 0, 0, 19, 0, 0, 0, 3, 0, 1, 1, 5, 0, 283, 16, 1, 0, 2, 0, 1, 0, 0, 14, 0, 0, 0, 1, 7, 50, 0, 0, 0, 0, 0, 0, 1, 6, 0, 79, 0, 0, 1, 0, 0, 0, 0, 19, 0, 1, 0, 0, 0, 14, 0, 0, 0, 3, 0, 0, 0, 1, 0, 0, 0, 3, 2, 31
Ourém, 2, 1, 50, 0, 0, 53, 0, 0, 1, 4, 1, 40, 3, 33, 0, 240, 40, 0, 0, 31, 0, 23, 0, 1, 4, 0, 0, 0, 0, 405, 428, 0, 1, 0, 0, 0, 1, 0, 18, 0, 0, 0, 0, 18, 0, 1, 16, 1, 31, 0, 10, 0, 13, 0, 1, 3, 0, 0, 59, 1, 0, 0, 0, 0, 0, 0, 2, 4, 7
Ourique, 0, 0, 3, 0, 0, 0, 0, 0, 22, 0, 0, 0, 1, 0, 0, 4, 0, 0, 0, 5, 0, 16, 0, 0, 0, 0, 0, 0, 0, 0, 28, 0, 0, 0, 0, 0, 0, 0, 0, 0, 0, 0, 0, 0, 0, 0, 0, 2, 0, 0, 0, 0, 0, 0, 0, 0, 0, 0, 0, 0, 0, 0, 0, 0, 0, 0, 0, 0, 0
Ovar, 0, 16, 1, 0, 1, 409, 3, 0, 2, 27, 4, 4, 0, 10, 0, 104, 26, 0, 2, 3, 0, 5, 0, 0, 7, 0, 0, 0, 2, 6, 43, 0, 24, 0, 47, 0, 1, 0, 1, 29, 0, 7, 0, 1, 1, 1, 1, 0, 583, 0, 0, 55, 0, 0, 2, 0, 0, 1, 2, 0, 0, 0, 1, 5, 0, 0, 54, 16, 27
Paços de Ferreira, 0, 3, 2, 0, 0, 40, 14, 0, 0, 122, 57, 1, 0, 4, 0, 82, 33, 0, 0, 1, 0, 4, 58, 0, 6, 1, 0, 0, 2, 3, 64, 0, 69, 0, 59, 4, 6, 0, 0, 2, 0, 45, 10, 0, 0, 1, 1, 1, 542, 0, 0, 0, 3, 0, 1, 1, 0, 0, 2, 0, 0, 1, 6, 18, 0, 2, 49, 83, 9
Palmela, 3, 0, 177, 3, 0, 5, 0, 30, 3, 3, 2, 9, 9, 4, 0, 17, 6, 1, 0, 62, 0, 21, 0, 0, 2, 0, 0, 1, 1, 2, 881, 0, 1, 0, 0, 0, 0, 2, 27, 0, 0, 0, 0, 2, 0, 0, 4, 0, 10, 0, 7, 0, 4, 0, 0, 411, 1, 2, 3, 0, 0, 0, 0, 0, 0, 0, 0, 2, 3
Pampilhosa da Serra, 0, 0, 0, 0, 0, 2, 0, 0, 0, 0, 0, 0, 0, 6, 0, 15, 7, 0, 0, 0, 0, 0, 0, 0, 4, 0, 0, 2, 0, 0, 2, 0, 0, 0, 0, 0, 0, 0, 0, 0, 0, 0, 0, 0, 0, 0, 0, 0, 1, 0, 1, 0, 0, 0, 0, 3, 0, 0, 0, 0, 0, 0, 0, 0, 0, 0, 0, 0, 0
Paredes, 1, 0, 1, 2, 0, 46, 11, 0, 1, 57, 56, 2, 1, 5, 0, 85, 17, 0, 0, 2, 0, 4, 75, 0, 9, 2, 0, 0, 0, 2, 62, 0, 77, 0, 122, 0, 13, 0, 2, 0, 1, 153, 8, 1, 0, 1, 0, 1, 988, 0, 0, 0, 1, 0, 3, 0, 0, 1, 1, 0, 0, 3, 4, 17, 0, 2, 71, 100, 10
Paredes de Coura, 0, 0, 1, 0, 0, 3, 7, 0, 0, 32, 3, 0, 0, 0, 0, 12, 3, 0, 0, 0, 0, 2, 0, 0, 0, 0, 0, 0, 0, 0, 13, 0, 0, 0, 0, 4, 1, 0, 0, 0, 1, 2, 0, 0, 0, 6, 0, 0, 22, 0, 0, 0, 0, 0, 0, 0, 0, 0, 0, 0, 0, 7, 39, 1, 0, 0, 0, 5, 0
Pedrógão Grande, 0, 0, 2, 0, 0, 3, 0, 0, 0, 1, 0, 1, 0, 5, 0, 26, 2, 0, 0, 0, 0, 0, 0, 0, 0, 0, 0, 0, 0, 13, 8, 0, 0, 0, 0, 0, 0, 0, 0, 0, 0, 0, 0, 1, 0, 0, 0, 0, 1, 0, 0, 0, 0, 0, 1, 0, 0, 0, 5, 0, 0, 0, 0, 0, 0, 0, 0, 0, 0
Penacova, 0, 0, 0, 0, 0, 5, 0, 0, 0, 1, 0, 1, 0, 3, 0, 284, 6, 0, 0, 1, 0, 6, 0, 0, 2, 0, 0, 1, 0, 3, 12, 0, 0, 0, 0, 0, 0, 0, 0, 1, 3, 0, 0, 1, 0, 0, 1, 0, 6, 0, 0, 0, 0, 0, 0, 0, 0, 0, 1, 0, 0, 0, 0, 0, 0, 0, 1, 2, 6
Penafiel, 0, 2, 0, 0, 0, 48, 9, 0, 0, 88, 117, 2, 0, 5, 0, 121, 37, 0, 0, 0, 0, 6, 48, 0, 11, 0, 0, 0, 2, 4, 77, 0, 44, 0, 79, 0, 34, 0, 0, 0, 1, 116, 30, 0, 0, 0, 0, 0, 913, 0, 0, 0, 1, 0, 0, 0, 0, 1, 0, 0, 0, 2, 7, 8, 0, 0, 67, 120, 16
Penalva do Castelo, 0, 0, 0, 0, 0, 21, 0, 0, 0, 1, 2, 0, 0, 3, 0, 22, 14, 0, 0, 0, 0, 0, 0, 0, 12, 0, 0, 1, 2, 2, 18, 0, 0, 0, 1, 0, 0, 0, 0, 0, 0, 0, 0, 0, 0, 0, 0, 0, 6, 0, 0, 0, 1, 0, 0, 0, 0, 0, 0, 0, 0, 0, 0, 0, 0, 0, 0, 3, 60
Penamacor, 1, 0, 2, 0, 0, 3, 0, 0, 0, 0, 0, 0, 0, 27, 0, 1, 21, 0, 0, 0, 0, 1, 0, 0, 7, 0, 0, 8, 0, 0, 5, 0, 0, 0, 0, 0, 0, 0, 0, 0, 1, 0, 0, 1, 0, 0, 3, 0, 0, 0, 0, 0, 0, 0, 2, 0, 0, 0, 0, 0, 0, 0, 0, 0, 0, 0, 0, 0, 2
Penedono, 0, 0, 0, 0, 0, 2, 0, 0, 0, 0, 3, 0, 1, 0, 0, 12, 0, 0, 0, 0, 0, 1, 0, 0, 3, 0, 0, 0, 2, 2, 4, 0, 0, 0, 0, 0, 0, 0, 0, 0, 0, 0, 0, 0, 0, 0, 0, 0, 4, 0, 0, 0, 0, 0, 0, 0, 0, 0, 1, 0, 0, 0, 0, 0, 0, 0, 0, 0, 19
Penela, 0, 0, 0, 0, 0, 3, 0, 0, 0, 0, 0, 0, 0, 1, 0, 139, 0, 0, 0, 1, 0, 0, 0, 0, 1, 0, 0, 0, 0, 9, 8, 0, 0, 0, 0, 0, 0, 0, 0, 0, 0, 0, 0, 1, 0, 0, 0, 0, 2, 0, 0, 0, 0, 0, 2, 0, 0, 1, 3, 0, 0, 0, 0, 0, 0, 0, 0, 0, 0
Peniche, 0, 0, 15, 0, 0, 13, 0, 0, 0, 1, 0, 21, 5, 1, 0, 39, 14, 2, 0, 4, 0, 6, 0, 0, 1, 0, 0, 0, 0, 112, 240, 0, 1, 0, 1, 0, 0, 3, 11, 0, 0, 0, 0, 153, 0, 0, 1, 0, 6, 0, 9, 0, 20, 0, 0, 0, 0, 1, 3, 0, 4, 0, 0, 0, 0, 0, 1, 0, 3
Peso da Régua, 1, 0, 1, 1, 0, 16, 0, 0, 0, 13, 52, 0, 1, 4, 1, 46, 6, 0, 0, 0, 0, 1, 2, 0, 3, 0, 0, 1, 22, 5, 20, 0, 7, 0, 4, 0, 8, 0, 1, 0, 2, 3, 0, 1, 1, 0, 0, 0, 95, 0, 0, 0, 2, 0, 1, 2, 0, 0, 0, 0, 0, 0, 1, 1, 0, 0, 6, 148, 29
Pinhel, 0, 1, 3, 0, 0, 8, 0, 0, 0, 1, 2, 0, 0, 16, 0, 32, 44, 1, 0, 1, 0, 2, 0, 0, 44, 0, 0, 3, 1, 3, 28, 0, 0, 0, 0, 0, 0, 0, 3, 0, 0, 0, 0, 0, 0, 0, 1, 0, 7, 0, 1, 0, 1, 0, 0, 0, 0, 0, 1, 0, 0, 0, 0, 0, 0, 0, 2, 3, 8
Pombal, 2, 1, 24, 2, 0, 82, 1, 1, 0, 8, 0, 21, 1, 25, 0, 503, 40, 0, 0, 18, 0, 6, 0, 0, 2, 0, 0, 0, 0, 401, 212, 0, 1, 3, 3, 0, 0, 0, 10, 0, 1, 6, 0, 20, 1, 0, 4, 0, 46, 0, 14, 0, 12, 0, 5, 0, 0, 1, 22, 0, 0, 1, 0, 0, 0, 0, 1, 5, 10
Ponta Delgada, 0, 0, 34, 1, 28, 16, 2, 0, 6, 23, 9, 11, 13, 7, 0, 126, 13, 1, 0, 13, 0, 7, 0, 0, 2, 0, 0, 2, 0, 13, 497, 0, 122, 0, 2, 1, 3, 0, 31, 2, 3, 2, 0, 2,1 002, 5, 5, 1, 139, 0, 3, 0, 4, 0, 2, 6, 0, 1, 5, 0, 0, 0, 4, 0, 0, 13, 7, 10, 11
Ponta do Sol, 0, 0, 1, 1, 1, 8, 0, 0, 0, 2, 0, 1, 0, 5, 0, 18, 6, 0, 0, 2, 0, 1, 0, 70, 2, 0, 0, 0, 0, 1, 34, 0, 1, 0, 0, 0, 0, 0, 2, 0, 0, 0, 0, 0, 0, 0, 0, 0, 19, 0, 0, 0, 1, 0, 0, 0, 0, 0, 3, 0, 0, 0, 0, 0, 0, 1, 1, 4, 0
Ponte da Barca, 0, 0, 0, 0, 0, 11, 15, 0, 0, 90, 8, 0, 0, 1, 0, 18, 4, 0, 0, 1, 0, 0, 0, 0, 1, 0, 0, 0, 0, 3, 8, 0, 0, 0, 1, 1, 2, 0, 0, 0, 0, 0, 0, 0, 0, 8, 1, 0, 31, 0, 0, 0, 0, 0, 0, 0, 0, 0, 0, 0, 0, 5, 65, 3, 0, 0, 2, 5, 1
Ponte de Lima, 0, 1, 6, 0, 0, 55, 52, 0, 1, 280, 23, 1, 2, 3, 0, 65, 34, 0, 0, 3, 0, 0, 2, 0, 1, 0, 0, 0, 2, 3, 50, 0, 8, 0, 7, 9, 2, 0, 1, 0, 1, 2, 0, 0, 0, 69, 1, 0, 197, 0, 0, 0, 1, 0, 1, 1, 0, 0, 2, 0, 0, 14, 205, 4, 7, 4, 17, 52, 9
Ponte de Sor, 4, 0, 19, 0, 0, 8, 0, 0, 3, 0, 0, 2, 6, 43, 0, 30, 14, 2, 0, 44, 0, 10, 0, 0, 0, 0, 0, 2, 0, 5, 150, 0, 1, 0, 0, 0, 0, 0, 3, 0, 1, 0, 0, 0, 1, 0, 39, 1, 0, 0, 2, 0, 10, 0, 0, 4, 0, 0, 5, 0, 0, 0, 0, 0, 0, 0, 0, 0, 1
Portalegre, 5, 0, 39, 0, 0, 5, 0, 0, 8, 3, 0, 4, 5, 26, 0, 39, 23, 16, 0, 55, 0, 3, 0, 0, 3, 0, 0, 2, 0, 12, 243, 0, 0, 0, 0, 0, 0, 0, 10, 0, 0, 0, 0, 1, 0, 0, 353, 0, 9, 0, 2, 0, 1, 0, 0, 3, 0, 0, 4, 0, 0, 0, 0, 0, 0, 0, 0, 3, 1
Portel, 0, 0, 3, 0, 0, 0, 0, 0, 28, 0, 0, 0, 0, 1, 0, 2, 2, 0, 0, 57, 0, 6, 0, 0, 0, 0, 0, 0, 0, 0, 15, 0, 0, 0, 0, 0, 0, 0, 0, 0, 0, 0, 0, 0, 0, 0, 2, 0, 0, 0, 0, 0, 0, 0, 0, 0, 0, 0, 0, 0, 0, 0, 0, 0, 0, 0, 0, 1, 0
Portimão, 0, 0, 40, 1, 0, 9, 0, 0, 48, 6, 3, 2, 7, 3, 0, 47, 14, 1, 0, 66, 0, 260, 0, 1, 0, 1, 0, 0, 0, 5, 382, 0, 0, 0, 0, 0, 0, 0, 15, 0, 1, 3, 0, 2, 0, 0, 4, 220, 21, 0, 5, 0, 2, 0, 0, 11, 27, 1, 0, 0, 0, 0, 1, 0, 0, 0, 2, 3, 2
Porto, 0, 2, 11, 7, 1, 145, 22, 0, 0, 291, 19, 12, 6, 5, 0, 372, 39, 0, 1, 13, 2, 18, 11, 1, 17, 6, 0, 0, 1, 7, 505, 0, 379, 0, 780, 1, 11, 0, 16, 6, 2, 88, 0, 3, 0, 30, 2, 0,9 880, 1, 1, 0, 5, 0, 8, 1, 0, 0, 0, 0, 1, 0, 12, 121, 0, 6, 315, 94, 13
Porto de Mós, 0, 0, 15, 0, 1, 25, 1, 0, 1, 5, 2, 17, 3, 8, 0, 107, 10, 1, 0, 8, 0, 8, 0, 0, 9, 0, 0, 0, 0, 258, 172, 0, 0, 1, 0, 0, 0, 2, 9, 0, 0, 0, 0, 15, 0, 0, 1, 0, 14, 0, 9, 0, 6, 1, 1, 2, 0, 0, 16, 0, 0, 0, 0, 1, 0, 0, 5, 2, 2
Porto Moniz, 0, 0, 3, 0, 0, 0, 0, 0, 0, 1, 2, 0, 0, 0, 0, 2, 1, 0, 0, 3, 0, 1, 0, 16, 0, 0, 0, 0, 0, 3, 21, 0, 0, 0, 0, 0, 0, 0, 0, 0, 0, 0, 0, 1, 0, 0, 0, 0, 7, 0, 0, 0, 1, 0, 0, 2, 0, 0, 0, 0, 0, 0, 0, 0, 0, 0, 0, 1, 1
Porto Santo, 0, 0, 5, 1, 0, 0, 0, 0, 0, 2, 1, 0, 0, 0, 0, 9, 1, 0, 0, 1, 0, 1, 0, 21, 0, 0, 0, 0, 0, 0, 37, 0, 0, 0, 1, 0, 0, 0, 0, 0, 0, 0, 0, 1, 0, 0, 3, 0, 2, 0, 0, 0, 1, 0, 0, 0, 0, 0, 1, 0, 0, 0, 0, 0, 0, 0, 1, 0, 0
Póvoa de Lanhoso, 0, 0, 2, 0, 0, 14, 54, 0, 1, 318, 22, 1, 1, 0, 0, 17, 3, 0, 0, 2, 6, 2, 1, 0, 1, 1, 0, 0, 0, 1, 16, 0, 2, 0, 2, 0, 1, 0, 1, 1, 0, 3, 0, 0, 2, 9, 1, 0, 50, 8, 0, 0, 1, 0, 1, 0, 0, 0, 2, 0, 0, 1, 28, 1, 0, 10, 6, 19, 1
Póvoa de Varzim, 0, 1, 4, 0, 0, 52, 98, 0, 0, 188, 11, 1, 0, 3, 0, 82, 28, 0, 0, 7, 0, 7, 6, 0, 3, 0, 0, 0, 0, 3, 75, 0, 107, 0, 62, 0, 0, 0, 8, 0, 0, 19, 0, 1, 0, 16, 1, 0, 873, 0, 0, 1, 2, 0, 1, 0, 0, 0, 0, 0, 0, 1, 75, 146, 0, 29, 48, 44, 4
Povoação, 0, 0, 3, 0, 0, 0, 0, 0, 0, 6, 0, 0, 0, 0, 0, 14, 0, 0, 0, 1, 0, 1, 0, 0, 0, 0, 0, 0, 0, 0, 13, 0, 0, 0, 0, 0, 0, 0, 0, 0, 0, 0, 0, 0, 54, 0, 0, 0, 7, 0, 1, 0, 0, 0, 0, 0, 0, 0, 2, 0, 0, 0, 0, 0, 0, 0, 0, 1, 0
Proença-a-Nova, 1, 0, 12, 0, 0, 4, 0, 0, 0, 0, 0, 0, 0, 66, 0, 37, 15, 0, 0, 3, 0, 4, 0, 0, 6, 0, 0, 4, 0, 7, 56, 0, 0, 0, 0, 0, 0, 0, 1, 0, 0, 0, 0, 3, 0, 0, 10, 0, 4, 0, 2, 0, 2, 0, 0, 1, 0, 0, 9, 2, 0, 0, 0, 0, 0, 0, 1, 1, 1
Redondo, 0, 0, 5, 0, 0, 1, 0, 0, 13, 0, 0, 0, 2, 3, 0, 1, 0, 4, 0, 56, 0, 4, 0, 0, 0, 0, 0, 0, 0, 3, 70, 0, 0, 0, 0, 0, 0, 0, 1, 0, 0, 0, 0, 0, 0, 0, 10, 0, 2, 0, 0, 0, 0, 0, 0, 3, 0, 0, 0, 0, 0, 0, 0, 1, 0, 0, 0, 0, 0
Reguengos de Monsaraz, 0, 0, 6, 0, 0, 0, 0, 1, 21, 0, 0, 0, 0, 0, 0, 5, 0, 0, 0, 82, 0, 10, 0, 0, 0, 0, 0, 0, 0, 1, 56, 0, 0, 0, 0, 0, 0, 0, 2, 0, 0, 0, 0, 1, 0, 0, 0, 0, 2, 0, 0, 0, 2, 0, 1, 6, 1, 0, 0, 0, 0, 0, 0, 0, 0, 0, 0, 0, 1
Resende, 0, 0, 0, 0, 0, 9, 1, 0, 0, 4, 23, 0, 0, 1, 0, 14, 10, 0, 0, 0, 0, 0, 2, 0, 7, 0, 0, 0, 30, 4, 7, 0, 1, 0, 3, 0, 3, 0, 0, 0, 0, 3, 0, 0, 0, 0, 0, 0, 56, 0, 0, 0, 0, 0, 1, 0, 0, 0, 0, 0, 0, 0, 0, 4, 0, 0, 6, 42, 28
Ribeira Brava, 0, 0, 8, 0, 1, 0, 2, 0, 1, 3, 0, 0, 0, 7, 0, 22, 5, 0, 0, 7, 0, 3, 1, 150, 2, 0, 0, 0, 0, 6, 58, 0, 0, 0, 1, 0, 0, 0, 0, 0, 0, 0, 0, 3, 2, 0, 2, 0, 14, 0, 1, 0, 2, 0, 0, 5, 0, 1, 0, 0, 0, 0, 0, 0, 0, 0, 0, 4, 1
Ribeira de Pena, 0, 0, 1, 0, 0, 2, 1, 0, 0, 3, 13, 0, 0, 1, 0, 12, 5, 0, 0, 0, 0, 0, 0, 0, 4, 0, 0, 0, 0, 1, 5, 0, 0, 0, 2, 0, 3, 0, 0, 0, 0, 0, 0, 0, 0, 0, 1, 0, 24, 0, 0, 0, 0, 0, 0, 0, 0, 0, 0, 0, 0, 0, 0, 0, 0, 0, 3, 50, 0
Ribeira Grande, 0, 1, 4, 1, 17, 15, 0, 0, 1, 12, 3, 3, 1, 4, 0, 31, 7, 0, 0, 6, 0, 2, 0, 0, 0, 0, 0, 0, 0, 8, 100, 0, 0, 0, 0, 0, 2, 0, 4, 2, 0, 2, 0, 1, 285, 0, 2, 0, 33, 0, 1, 0, 0, 0, 0, 1, 0, 0, 1, 0, 0, 0, 0, 0, 0, 4, 3, 9, 2
Rio Maior, 0, 0, 20, 0, 0, 6, 0, 0, 1, 3, 0, 11, 8, 7, 0, 26, 7, 0, 0, 15, 0, 8, 0, 0, 1, 0, 0, 0, 0, 81, 211, 0, 0, 0, 0, 0, 0, 0, 12, 0, 0, 0, 0, 10, 2, 0, 0, 3, 3, 0, 29, 0, 78, 0, 0, 3, 1, 0, 6, 0, 0, 0, 0, 0, 0, 0, 0, 4, 2
Sabrosa, 0, 0, 0, 0, 1, 2, 0, 0, 0, 2, 10, 0, 0, 0, 0, 8, 4, 0, 0, 1, 0, 0, 0, 0, 0, 0, 0, 0, 3, 0, 12, 0, 0, 0, 0, 0, 3, 0, 0, 0, 0, 1, 0, 0, 0, 0, 0, 0, 13, 0, 0, 0, 0, 0, 0, 1, 0, 0, 0, 0, 0, 0, 0, 2, 0, 0, 1, 70, 1
Sabugal, 0, 1, 5, 0, 0, 6, 0, 0, 0, 0, 2, 0, 0, 14, 0, 29, 39, 0, 0, 4, 0, 0, 0, 0, 35, 0, 0, 5, 1, 2, 39, 0, 0, 0, 0, 0, 0, 0, 1, 0, 0, 0, 0, 0, 0, 0, 1, 0, 7, 0, 3, 0, 4, 0, 1, 0, 0, 0, 0, 0, 0, 0, 1, 0, 0, 0, 0, 2, 8
Salvaterra de Magos, 3, 0, 24, 0, 0, 8, 0, 1, 1, 0, 0, 3, 2, 9, 0, 19, 6, 0, 0, 26, 0, 3, 0, 0, 2, 0, 0, 1, 0, 11, 225, 0, 0, 0, 0, 0, 0, 2, 7, 0, 0, 0, 0, 3, 0, 0, 0, 0, 5, 0, 16, 0, 93, 0, 0, 4, 0, 0, 5, 0, 0, 0, 0, 0, 0, 0, 0, 2, 0
Santa Comba Dão, 0, 2, 1, 0, 0, 21, 0, 0, 0, 3, 4, 0, 0, 10, 0, 91, 12, 0, 0, 3, 0, 2, 0, 0, 8, 0, 0, 0, 2, 7, 36, 0, 0, 0, 0, 0, 0, 0, 1, 0, 3, 0, 0, 0, 0, 0, 1, 1, 11, 0, 0, 0, 1, 0, 3, 2, 0, 0, 1, 0, 0, 0, 0, 0, 0, 0, 0, 3, 55
Santa Cruz, 0, 0, 8, 1, 0, 15, 3, 0, 1, 28, 5, 0, 0, 7, 0, 56, 14, 0, 0, 11, 0, 9, 0, 511, 3, 0, 0, 0, 1, 13, 271, 0, 1, 0, 0, 0, 1, 2, 6, 1, 0, 0, 0, 1, 6, 0, 2, 0, 80, 0, 5, 0, 3, 0, 0, 6, 0, 0, 1, 0, 0, 0, 0, 1, 0, 0, 8, 7, 7
Santa Cruz da Graciosa, 0, 0, 2, 0, 8, 1, 0, 0, 1, 3, 1, 0, 1, 0, 0, 8, 1, 1, 0, 0, 0, 2, 0, 0, 1, 0, 0, 0, 0, 4, 30, 0, 0, 0, 1, 0, 0, 0, 2, 0, 0, 0, 0, 2, 11, 0, 0, 0, 8, 0, 0, 0, 1, 0, 0, 1, 0, 0, 0, 0, 0, 0, 0, 0, 0, 0, 2, 0, 0
Santa Cruz das Flores, 0, 0, 1, 0, 2, 2, 1, 0, 0, 0, 0, 0, 1, 0, 0, 5, 1, 0, 0, 2, 0, 0, 0, 0, 0, 0, 0, 0, 0, 0, 13, 0, 0, 0, 0, 0, 1, 0, 2, 0, 0, 0, 0, 0, 9, 0, 0, 0, 2, 0, 0, 0, 1, 0, 0, 0, 0, 0, 2, 0, 0, 0, 0, 0, 0, 0, 0, 1, 0
Santa Maria da Feira, 0, 20, 3, 0, 1, 594, 4, 0, 1, 70, 25, 9, 5, 20, 0, 369, 82, 0, 0, 6, 0, 10, 4, 0, 11, 0, 0, 1, 9, 12, 120, 0, 111, 0, 136, 1, 2, 0, 4, 75, 2, 27, 0, 7, 1, 0, 2, 1,1 666, 0, 0, 176, 1, 0, 6, 0, 1, 1, 4, 0, 0, 0, 13, 17, 0, 0, 137, 83, 42
Santa Marta de Penaguião, 0, 0, 0, 0, 0, 5, 0, 0, 1, 2, 35, 0, 0, 2, 0, 11, 4, 0, 0, 0, 0, 1, 0, 0, 0, 0, 0, 0, 8, 1, 8, 0, 0, 0, 0, 0, 4, 0, 0, 0, 0, 0, 0, 0, 1, 0, 0, 0, 29, 0, 0, 0, 0, 0, 0, 0, 0, 0, 0, 0, 0, 0, 1, 0, 0, 0, 3, 59, 3
Santana, 0, 0, 6, 0, 0, 8, 0, 0, 3, 4, 1, 0, 0, 1, 0, 19, 7, 0, 0, 5, 0, 7, 0, 69, 0, 0, 0, 0, 0, 3, 37, 0, 0, 0, 2, 0, 0, 0, 0, 0, 0, 0, 0, 1, 1, 0, 1, 0, 11, 0, 1, 0, 1, 0, 0, 2, 0, 0, 0, 0, 0, 0, 0, 0, 0, 0, 1, 5, 0
Santarém, 5, 0, 76, 4, 0, 22, 0, 1, 2, 3, 3, 14, 19, 21, 0, 140, 24, 1, 0, 54, 0, 16, 0, 1, 8, 0, 0, 0, 0, 77, 895, 0, 0, 0, 0, 0, 1, 4, 36, 1, 0, 2, 0, 32, 0, 0, 4, 1, 17, 0, 49, 0, 505, 0, 0, 9, 1, 2, 30, 0, 0, 1, 1, 0, 0, 2, 3, 2, 1
Santiago do Cacém, 0, 0, 57, 0, 0, 5, 0, 3, 70, 0, 0, 1, 2, 2, 0, 8, 2, 0, 0, 34, 0, 45, 1, 0, 1, 0, 0, 1, 0, 4, 271, 0, 0, 0, 0, 0, 0, 0, 9, 0, 0, 0, 0, 1, 1, 0, 0, 4, 5, 0, 1, 0, 3, 47, 0, 87, 0, 1, 3, 0, 0, 0, 0, 0, 0, 0, 0, 0, 0
Santo Tirso, 0, 0, 2, 1, 0, 58, 36, 0, 0, 315, 51, 0, 1, 4, 0, 74, 17, 0, 0, 5, 3, 4, 36, 0, 6, 1, 0, 0, 0, 4, 72, 0, 89, 0, 66, 0, 3, 0, 2, 1, 1, 18, 0, 0, 0, 5, 1, 0, 841, 0, 0, 0, 1, 0, 0, 2, 0, 0, 0, 0, 0, 0, 15, 27, 0, 68, 45, 47, 12
São Brás de Alportel, 0, 0, 8, 0, 0, 1, 0, 0, 8, 0, 0, 0, 0, 3, 0, 5, 3, 1, 0, 7, 0, 130, 1, 0, 1, 0, 0, 0, 0, 0, 43, 3, 0, 0, 1, 0, 0, 0, 10, 0, 0, 0, 0, 0, 0, 0, 2, 1, 4, 0, 0, 0, 2, 0, 0, 1, 2, 0, 0, 0, 0, 0, 0, 0, 0, 0, 1, 0, 2
São João da Madeira, 0, 5, 4, 1, 2, 95, 0, 0, 0, 21, 4, 1, 0, 1, 0, 108, 21, 0, 0, 3, 0, 2, 3, 0, 6, 1, 0, 0, 2, 4, 34, 0, 13, 0, 19, 0, 3, 0, 1, 16, 2, 5, 0, 0, 0, 1, 0, 0, 220, 0, 1, 30, 0, 0, 2, 0, 0, 0, 1, 0, 0, 0, 0, 3, 0, 0, 14, 12, 15
São João da Pesqueira, 0, 0, 0, 0, 0, 1, 0, 0, 0, 2, 12, 0, 0, 0, 0, 44, 9, 0, 0, 0, 0, 1, 0, 0, 12, 0, 0, 0, 3, 2, 10, 0, 1, 0, 2, 0, 7, 0, 0, 0, 0, 4, 0, 0, 0, 0, 0, 0, 16, 0, 0, 0, 0, 0, 0, 0, 0, 0, 0, 0, 0, 0, 0, 0, 0, 0, 4, 29, 26
São Pedro do Sul, 0, 7, 6, 0, 0, 33, 0, 0, 0, 1, 4, 1, 1, 1, 0, 97, 19, 0, 0, 2, 0, 2, 0, 0, 14, 0, 0, 0, 2, 0, 48, 0, 0, 0, 3, 0, 0, 0, 3, 1, 0, 2, 0, 0, 0, 2, 0, 0, 37, 0, 0, 0, 0, 0, 3, 1, 0, 0, 0, 0, 0, 0, 0, 0, 0, 0, 6, 14, 78
São Roque do Pico, 0, 0, 0, 0, 6, 0, 0, 0, 0, 1, 0, 0, 0, 1, 0, 6, 1, 0, 0, 2, 0, 0, 0, 0, 0, 0, 0, 0, 0, 3, 33, 0, 0, 0, 0, 0, 0, 0, 3, 0, 0, 0, 0, 0, 13, 0, 0, 0, 8, 0, 0, 0, 3, 0, 0, 1, 0, 0, 1, 0, 0, 0, 0, 0, 0, 0, 0, 0, 0
São Vicente, 0, 0, 0, 0, 0, 0, 1, 0, 0, 3, 1, 1, 0, 3, 0, 5, 2, 0, 0, 1, 0, 1, 0, 37, 1, 0, 0, 0, 0, 1, 24, 0, 0, 0, 0, 0, 0, 0, 1, 1, 0, 1, 0, 0, 0, 0, 0, 0, 7, 0, 1, 0, 0, 0, 0, 0, 0, 0, 0, 0, 0, 0, 0, 1, 0, 0, 0, 3, 0
Sardoal, 6, 0, 2, 0, 0, 1, 0, 1, 0, 0, 0, 0, 1, 5, 0, 7, 17, 0, 0, 1, 0, 0, 0, 0, 0, 0, 0, 0, 0, 4, 27, 0, 0, 0, 0, 0, 0, 0, 1, 0, 0, 0, 0, 3, 0, 0, 1, 0, 0, 0, 0, 0, 6, 0, 0, 0, 0, 0, 21, 0, 0, 0, 0, 0, 0, 0, 0, 0, 0
Sátão, 0, 0, 7, 0, 0, 19, 0, 0, 0, 2, 2, 0, 0, 1, 0, 72, 12, 0, 0, 1, 0, 1, 0, 0, 7, 0, 0, 0, 6, 3, 30, 0, 0, 0, 0, 0, 2, 0, 1, 0, 0, 1, 0, 0, 0, 0, 0, 0, 22, 0, 0, 0, 0, 0, 1, 0, 0, 0, 1, 0, 0, 0, 0, 0, 0, 0, 4, 5, 102
Seia, 1, 0, 5, 0, 0, 31, 1, 0, 0, 1, 13, 2, 0, 9, 0, 189, 51, 0, 0, 6, 0, 6, 0, 1, 29, 0, 0, 0, 1, 6, 74, 0, 2, 0, 1, 0, 0, 1, 4, 0, 16, 4, 0, 1, 0, 0, 1, 1, 23, 0, 1, 0, 2, 0, 27, 0, 0, 0, 2, 0, 0, 0, 1, 0, 0, 0, 2, 3, 77
Seixal, 0, 0, 808, 12, 1, 6, 1, 46, 7, 2, 3, 8, 51, 13, 0, 21, 14, 4, 0, 46, 0, 30, 0, 1, 4, 0, 0, 3, 1, 9,2 697, 0, 1, 0, 0, 1, 2, 13, 84, 0, 0, 1, 0, 9, 4, 1, 8, 1, 17, 0, 7, 0, 6, 0, 1, 545, 0, 4, 0, 0, 0, 0, 2, 0, 0, 0, 0, 1, 3
Sernancelhe, 0, 0, 0, 0, 0, 6, 0, 0, 0, 4, 2, 0, 1, 8, 0, 15, 2, 0, 0, 0, 0, 0, 0, 0, 4, 0, 0, 0, 7, 0, 7, 0, 0, 0, 0, 0, 0, 0, 0, 0, 0, 1, 0, 0, 0, 0, 0, 0, 6, 0, 0, 0, 0, 0, 0, 0, 0, 0, 0, 0, 0, 0, 0, 1, 0, 0, 4, 2, 33
Serpa, 0, 0, 16, 1, 0, 0, 0, 0, 161, 1, 1, 2, 3, 2, 0, 6, 1, 0, 0, 47, 0, 42, 0, 0, 1, 0, 0, 0, 0, 1, 88, 0, 0, 0, 0, 0, 0, 0, 3, 0, 0, 0, 0, 0, 0, 0, 2, 1, 4, 0, 3, 0, 1, 0, 1, 4, 0, 0, 0, 0, 0, 0, 0, 0, 0, 0, 0, 0, 0
Sertã, 3, 0, 2, 1, 1, 13, 0, 0, 1, 1, 0, 0, 3, 109, 0, 135, 16, 0, 0, 3, 0, 1, 0, 0, 2, 0, 0, 3, 0, 30, 62, 0, 0, 0, 0, 0, 0, 1, 4, 1, 3, 0, 0, 1, 0, 0, 4, 0, 5, 0, 0, 0, 0, 0, 2, 1, 0, 0, 24, 0, 0, 0, 0, 0, 0, 0, 0, 3, 0
Sesimbra, 1, 1, 187, 5, 1, 2, 0, 14, 2, 2, 0, 3, 11, 6, 0, 7, 3, 0, 0, 30, 0, 11, 0, 0, 0, 0, 0, 1, 0, 2, 646, 0, 1, 0, 0, 0, 0, 1, 32, 0, 0, 1, 0, 2, 1, 0, 5, 1, 6, 0, 2, 0, 3, 0, 0, 262, 0, 0, 4, 0, 0, 0, 0, 0, 0, 0, 1, 2, 1
Setúbal, 3, 0, 366, 9, 0, 10, 1, 65, 17, 9, 0, 8, 22, 14, 0, 37, 23, 3, 0, 117, 0, 37, 0, 1, 3, 0, 0, 1, 0, 4,1 784, 0, 1, 0, 0, 0, 2, 1, 64, 0, 0, 0, 0, 7, 1, 0, 22, 0, 26, 0, 12, 0, 12, 0, 0,1 316, 0, 8, 9, 0, 0, 1, 0, 0, 0, 0, 2, 1, 1
Sever do Vouga, 0, 7, 1, 0, 0, 111, 1, 0, 0, 2, 2, 2, 1, 3, 0, 74, 19, 0, 0, 0, 0, 0, 0, 0, 6, 0, 0, 0, 1, 3, 17, 0, 4, 0, 0, 0, 0, 0, 1, 5, 0, 1, 0, 1, 1, 0, 0, 0, 43, 0, 0, 0, 0, 0, 0, 0, 0, 1, 2, 0, 0, 0, 0, 1, 0, 0, 1, 6, 25
Silves, 0, 0, 22, 0, 0, 6, 0, 1, 20, 1, 0, 4, 3, 7, 0, 31, 7, 0, 0, 38, 0, 212, 0, 0, 0, 0, 0, 0, 0, 6, 167, 3, 0, 0, 0, 0, 1, 1, 6, 0, 0, 0, 0, 1, 2, 0, 2, 59, 6, 0, 6, 0, 3, 0, 0, 7, 17, 1, 0, 0, 0, 0, 0, 0, 0, 0, 0, 2, 1
Sines, 0, 1, 20, 1, 0, 0, 0, 3, 16, 1, 0, 3, 0, 3, 0, 2, 4, 0, 0, 8, 0, 25, 0, 0, 0, 0, 0, 0, 0, 0, 151, 0, 2, 0, 0, 0, 0, 0, 9, 0, 0, 0, 0, 1, 0, 0, 0, 5, 0, 0, 2, 0, 0, 5, 0, 55, 0, 0, 1, 0, 0, 0, 0, 0, 0, 0, 0, 0, 0
Sintra, 4, 0, 538, 38, 0, 30, 2, 23, 13, 10, 13, 37, 319, 33, 0, 69, 36, 10, 0, 88, 0, 37, 0, 1, 11, 0, 0, 5, 0, 31,9 141, 0, 0, 0, 2, 0, 2, 82, 748, 0, 1, 2, 0, 30, 3, 0, 13, 1, 35, 0, 18, 0, 40, 0, 0, 84, 0, 17, 17, 0, 0, 1, 1, 1, 0, 4, 2, 5, 17
Sobral de Monte Agraço, 0, 0, 11, 1, 0, 3, 0, 0, 2, 0, 0, 7, 2, 0, 0, 3, 0, 3, 0, 4, 0, 3, 0, 0, 0, 0, 0, 0, 0, 3, 156, 0, 0, 0, 0, 0, 1, 1, 2, 0, 0, 0, 0, 3, 0, 0, 0, 0, 1, 0, 0, 0, 6, 0, 0, 3, 0, 0, 0, 0, 0, 0, 0, 0, 0, 0, 0, 0, 1
Soure, 0, 1, 4, 1, 0, 20, 0, 0, 0, 0, 1, 2, 0, 3, 0, 405, 5, 1, 0, 5, 0, 1, 0, 0, 3, 0, 0, 0, 0, 26, 22, 0, 1, 0, 0, 0, 0, 0, 0, 1, 4, 0, 0, 6, 0, 0, 0, 0, 10, 0, 2, 0, 0, 0, 1, 2, 0, 0, 3, 0, 0, 0, 0, 1, 0, 0, 1, 1, 3
Sousel, 0, 0, 4, 0, 0, 1, 0, 0, 3, 1, 0, 0, 0, 2, 0, 4, 0, 7, 0, 21, 0, 4, 0, 0, 0, 0, 0, 0, 0, 0, 41, 0, 0, 0, 0, 0, 0, 0, 1, 0, 0, 0, 0, 0, 0, 0, 13, 1, 0, 0, 3, 0, 1, 0, 0, 1, 0, 0, 1, 0, 0, 0, 0, 0, 0, 0, 0, 0, 0
Tábua, 0, 0, 0, 0, 0, 5, 0, 0, 0, 1, 0, 0, 0, 0, 0, 146, 14, 0, 0, 1, 0, 0, 0, 0, 3, 0, 0, 0, 2, 2, 11, 0, 0, 0, 0, 0, 0, 0, 1, 0, 19, 0, 0, 0, 0, 2, 1, 0, 3, 0, 0, 0, 0, 0, 4, 1, 0, 0, 1, 0, 0, 0, 0, 0, 0, 0, 0, 1, 22
Tabuaço, 0, 1, 0, 0, 0, 6, 1, 0, 0, 5, 7, 0, 0, 0, 0, 10, 5, 0, 0, 1, 0, 1, 0, 0, 5, 0, 0, 0, 7, 5, 7, 0, 0, 0, 0, 0, 3, 0, 0, 0, 0, 1, 0, 1, 0, 0, 0, 0, 6, 0, 1, 0, 1, 0, 0, 0, 0, 0, 0, 0, 0, 0, 0, 0, 0, 0, 0, 16, 13
Tarouca, 0, 0, 1, 0, 0, 6, 0, 0, 0, 9, 5, 0, 0, 3, 0, 26, 7, 0, 0, 0, 0, 0, 1, 0, 1, 0, 0, 0, 26, 1, 12, 0, 0, 0, 0, 0, 2, 0, 0, 0, 0, 1, 0, 0, 0, 0, 0, 0, 19, 0, 0, 0, 1, 0, 0, 0, 0, 0, 0, 0, 0, 0, 0, 0, 0, 0, 1, 28, 11
Tavira, 1, 0, 12, 0, 0, 2, 1, 0, 30, 0, 0, 2, 1, 2, 0, 12, 1, 0, 0, 20, 0, 302, 0, 0, 0, 0, 0, 0, 0, 4, 151, 0, 0, 0, 0, 0, 0, 0, 5, 0, 0, 0, 0, 0, 0, 0, 1, 1, 12, 0, 0, 0, 0, 0, 0, 1, 2, 0, 0, 0, 0, 0, 0, 0, 0, 0, 0, 0, 1
Terras de Bouro, 0, 0, 2, 0, 0, 2, 22, 0, 0, 67, 5, 0, 0, 0, 0, 7, 1, 0, 0, 0, 0, 1, 3, 0, 0, 0, 0, 0, 1, 0, 13, 0, 7, 0, 1, 2, 0, 0, 0, 0, 0, 1, 0, 0, 0, 0, 0, 0, 13, 3, 0, 0, 1, 0, 0, 1, 0, 0, 1, 0, 0, 2, 4, 1, 0, 2, 1, 6, 1
Tomar, 20, 0, 33, 1, 0, 32, 0, 1, 0, 1, 1, 12, 3, 27, 0, 196, 27, 4, 0, 22, 0, 4, 0, 0, 2, 0, 0, 1, 0, 87, 396, 0, 0, 0, 0, 0, 1, 0, 17, 0, 0, 1, 0, 7, 2, 0, 8, 0, 16, 0, 12, 0, 50, 0, 0, 4, 0, 3, 491, 3, 0, 0, 0, 0, 0, 0, 1, 8, 3
Tondela, 0, 4, 3, 0, 0, 73, 0, 0, 1, 3, 3, 4, 4, 7, 0, 177, 26, 0, 0, 1, 0, 1, 0, 0, 10, 0, 0, 2, 6, 10, 64, 0, 0, 0, 3, 0, 2, 0, 2, 2, 1, 0, 0, 0, 0, 0, 2, 0, 50, 0, 0, 0, 0, 0, 3, 1, 0, 0, 3, 0, 0, 0, 1, 0, 0, 0, 4, 10, 217
Torre de Moncorvo, 0, 0, 2, 0, 0, 4, 0, 0, 0, 1, 75, 0, 1, 6, 0, 20, 7, 0, 0, 1, 0, 2, 0, 0, 4, 0, 0, 0, 0, 0, 6, 0, 1, 0, 0, 0, 11, 0, 0, 0, 0, 1, 0, 1, 0, 0, 0, 0, 39, 0, 0, 0, 0, 0, 0, 0, 0, 0, 0, 0, 0, 0, 0, 1, 0, 0, 2, 23, 11
Torres Novas, 11, 1, 38, 2, 0, 29, 3, 0, 0, 6, 4, 12, 5, 16, 0, 106, 29, 0, 0, 27, 0, 10, 0, 1, 2, 0, 0, 0, 0, 64, 415, 0, 2, 0, 0, 0, 0, 0, 18, 0, 2, 0, 0, 20, 1, 0, 5, 0, 21, 0, 9, 0, 58, 0, 0, 2, 0, 2, 117, 5, 0, 0, 0, 0, 0, 0, 0, 3, 2
Torres Vedras, 5, 0, 74, 2, 0, 18, 1, 3, 1, 6, 1, 48, 18, 8, 0, 37, 17, 2, 0, 31, 0, 14, 0, 0, 2, 0, 0, 2, 0, 113,1 245, 0, 0, 0, 0, 0, 0, 8, 57, 0, 0, 0, 0, 52, 0, 0, 4, 2, 16, 0, 32, 0, 30, 0, 1, 6, 0, 0, 7, 0, 49, 0, 0, 0, 0, 0, 1, 4, 5
Trancoso, 1, 0, 2, 0, 0, 10, 0, 0, 0, 5, 1, 1, 2, 5, 0, 61, 23, 0, 0, 2, 0, 1, 0, 0, 43, 0, 0, 1, 1, 4, 38, 0, 0, 0, 0, 0, 1, 0, 4, 0, 0, 0, 0, 0, 0, 0, 0, 0, 12, 0, 0, 0, 0, 0, 4, 0, 0, 0, 0, 0, 0, 0, 0, 0, 0, 0, 0, 8, 22
Trofa, 0, 1, 3, 0, 0, 17, 38, 0, 0, 176, 3, 0, 0, 4, 0, 22, 20, 1, 0, 2, 0, 2, 3, 0, 0, 0, 0, 0, 0, 3, 38, 0, 0, 0, 43, 0, 0, 0, 1, 0, 0, 5, 0, 0, 0, 4, 0, 0, 461, 0, 0, 0, 0, 0, 0, 0, 0, 0, 0, 0, 0, 1, 9, 20, 0, 38, 37, 7, 0
Vagos, 1, 28, 4, 0, 0, 232, 1, 0, 3, 6, 3, 5, 2, 3, 0, 139, 20, 0, 0, 6, 0, 5, 0, 0, 11, 0, 0, 0, 4, 9, 32, 0, 4, 0, 1, 0, 1, 0, 0, 4, 2, 4, 0, 2, 0, 1, 1, 0, 68, 0, 2, 2, 1, 0, 1, 1, 0, 0, 0, 0, 0, 0, 0, 1, 0, 0, 7, 4, 19
Vale de Cambra, 0, 5, 2, 0, 0, 140, 0, 0, 0, 19, 5, 1, 1, 2, 0, 115, 13, 0, 0, 2, 0, 3, 0, 0, 9, 0, 0, 0, 1, 5, 28, 0, 8, 0, 9, 0, 0, 0, 0, 13, 1, 3, 0, 0, 0, 0, 1, 1, 215, 0, 1, 22, 0, 0, 2, 0, 0, 0, 2, 0, 0, 0, 1, 3, 0, 0, 12, 10, 36
Valença, 0, 0, 2, 0, 0, 5, 5, 0, 0, 34, 7, 1, 1, 2, 0, 20, 7, 0, 0, 1, 0, 4, 0, 0, 1, 0, 0, 0, 0, 2, 16, 0, 3, 0, 3, 6, 1, 0, 0, 0, 0, 0, 0, 0, 0, 9, 0, 0, 52, 0, 0, 0, 1, 0, 1, 0, 0, 0, 0, 0, 0, 91, 49, 1, 3, 0, 6, 15, 1
Valongo, 0, 1, 5, 1, 0, 43, 11, 0, 0, 93, 20, 7, 0, 2, 0, 44, 24, 0, 0, 3, 1, 1, 12, 0, 5, 2, 0, 0, 2, 2, 82, 0, 177, 0, 188, 1, 2, 0, 0, 5, 0, 70, 1, 2, 0, 3, 0, 0,1 623, 0, 0, 1, 0, 0, 0, 0, 0, 1, 0, 0, 0, 1, 8, 39, 0, 5, 88, 43, 5
Valpaços, 0, 0, 1, 0, 0, 8, 0, 0, 0, 21, 113, 1, 0, 6, 5, 29, 7, 0, 0, 1, 0, 1, 1, 0, 1, 0, 0, 0, 0, 1, 23, 0, 5, 0, 3, 0, 28, 0, 1, 0, 0, 2, 0, 0, 0, 0, 0, 0, 59, 0, 1, 0, 0, 0, 0, 1, 0, 0, 0, 0, 0, 0, 0, 0, 0, 0, 0, 65, 6
Velas, 0, 0, 1, 0, 6, 4, 0, 0, 0, 0, 0, 1, 0, 0, 0, 8, 1, 0, 0, 2, 0, 2, 0, 0, 0, 0, 0, 0, 1, 1, 29, 0, 0, 0, 1, 0, 0, 0, 2, 0, 0, 0, 0, 1, 28, 0, 0, 0, 7, 0, 1, 0, 2, 0, 0, 3, 0, 0, 1, 0, 0, 0, 0, 0, 0, 0, 2, 1, 5
Vendas Novas, 2, 0, 28, 1, 0, 4, 0, 1, 11, 0, 0, 1, 1, 0, 0, 4, 1, 0, 0, 36, 0, 7, 0, 0, 0, 0, 0, 1, 0, 3, 120, 0, 0, 0, 0, 0, 0, 0, 3, 0, 0, 0, 0, 0, 0, 0, 4, 0, 1, 0, 2, 0, 2, 0, 0, 33, 0, 0, 3, 0, 0, 1, 0, 0, 0, 0, 0, 0, 0
Viana do Alentejo, 0, 0, 3, 0, 0, 0, 0, 0, 16, 0, 0, 1, 4, 0, 0, 4, 0, 2, 0, 70, 0, 6, 0, 0, 0, 0, 0, 0, 0, 0, 29, 0, 0, 0, 0, 0, 1, 0, 1, 0, 0, 0, 0, 0, 0, 0, 0, 1, 0, 0, 0, 0, 0, 0, 0, 2, 0, 0, 0, 0, 0, 0, 0, 0, 0, 0, 0, 0, 1
Viana do Castelo, 0, 2, 10, 3, 1, 86, 96, 0, 1, 404, 26, 9, 2, 16, 0, 207, 56, 0, 0, 8, 1, 13, 4, 0, 8, 0, 0, 3, 0, 11, 171, 0, 24, 0, 49, 27, 1, 0, 15, 5, 1, 14, 0, 3, 1, 60, 1, 0, 765, 0, 0, 0, 2, 0, 1, 3, 0, 1, 4, 0, 0, 24, 849, 13, 15, 7, 36, 72, 14
Vidigueira, 0, 0, 7, 0, 0, 2, 0, 0, 57, 0, 0, 1, 0, 1, 0, 3, 1, 1, 0, 19, 0, 7, 0, 0, 0, 1, 0, 0, 0, 1, 32, 0, 0, 0, 0, 0, 0, 0, 0, 0, 0, 0, 0, 1, 0, 0, 0, 1, 0, 0, 0, 0, 0, 0, 0, 3, 1, 0, 1, 0, 0, 0, 0, 0, 0, 0, 0, 1, 0
Vieira do Minho, 0, 0, 0, 0, 0, 6, 15, 0, 0, 180, 16, 0, 0, 0, 0, 7, 1, 0, 0, 0, 3, 0, 2, 0, 0, 0, 0, 0, 1, 1, 21, 0, 5, 0, 1, 2, 0, 0, 0, 0, 0, 6, 0, 0, 0, 9, 0, 0, 28, 3, 0, 0, 0, 0, 0, 0, 0, 0, 1, 0, 0, 0, 9, 0, 0, 5, 3, 17, 1
Vila da Praia da Vitória, 0, 0, 11, 1, 68, 10, 0, 0, 1, 5, 5, 2, 0, 4, 0, 28, 3, 0, 0, 2, 0, 2, 1, 0, 0, 0, 0, 0, 0, 19, 121, 0, 0, 0, 0, 0, 0, 0, 4, 0, 0, 0, 0, 2, 60, 0, 1, 0, 32, 0, 2, 0, 4, 0, 0, 3, 0, 0, 0, 0, 0, 0, 0, 0, 0, 0, 5, 1, 0
Vila de Rei, 4, 0, 0, 0, 1, 1, 0, 0, 0, 0, 0, 1, 0, 36, 0, 6, 8, 0, 0, 0, 0, 0, 0, 0, 1, 0, 0, 1, 0, 17, 28, 0, 0, 0, 0, 0, 0, 0, 0, 0, 0, 0, 0, 0, 0, 0, 8, 0, 0, 0, 2, 0, 1, 0, 0, 0, 0, 0, 17, 0, 0, 0, 0, 0, 0, 0, 0, 1, 0
Vila do Bispo, 0, 0, 4, 0, 0, 0, 0, 0, 2, 1, 0, 1, 0, 1, 0, 0, 1, 1, 0, 4, 0, 18, 0, 0, 0, 0, 0, 0, 0, 2, 20, 0, 0, 0, 0, 0, 0, 0, 2, 0, 0, 1, 0, 1, 0, 0, 0, 7, 2, 0, 0, 0, 0, 0, 0, 0, 2, 0, 1, 0, 0, 0, 0, 0, 0, 0, 0, 0, 0
Vila do Conde, 0, 2, 6, 0, 1, 47, 44, 0, 0, 123, 13, 4, 2, 2, 0, 64, 10, 0, 0, 2, 0, 7, 2, 0, 4, 0, 0, 1, 1, 2, 50, 0, 180, 0, 67, 1, 3, 0, 3, 0, 0, 10, 0, 2, 1, 13, 1, 0,1 154, 0, 0, 0, 0, 0, 0, 0, 0, 0, 0, 0, 0, 4, 46, 187, 0, 27, 60, 53, 9
Vila do Porto, 1, 0, 2, 0, 6, 10, 0, 0, 3, 3, 0, 0, 0, 2, 0, 17, 3, 0, 0, 2, 0, 1, 0, 0, 0, 0, 1, 0, 0, 5, 42, 0, 2, 0, 0, 0, 0, 0, 3, 3, 0, 0, 0, 0, 37, 0, 0, 0, 6, 0, 1, 0, 0, 0, 0, 0, 0, 0, 1, 0, 0, 0, 0, 0, 0, 0, 0, 1, 0
Vila Flor, 0, 0, 5, 0, 0, 6, 0, 0, 0, 3, 57, 0, 0, 2, 0, 16, 2, 0, 0, 1, 0, 0, 0, 0, 0, 0, 0, 0, 0, 0, 14, 0, 1, 0, 2, 0, 19, 0, 0, 0, 0, 0, 0, 0, 0, 0, 0, 0, 25, 0, 0, 0, 0, 0, 0, 0, 0, 0, 0, 0, 0, 0, 0, 1, 0, 0, 0, 24, 0
Vila Franca de Xira, 4, 0, 179, 9, 2, 11, 1, 5, 9, 6, 4, 20, 41, 12, 0, 21, 13, 1, 0, 31, 0, 19, 1, 0, 3, 0, 0, 4, 1, 9,2 912, 0, 1, 0, 0, 0, 2, 15, 76, 0, 0, 0, 0, 23, 1, 0, 9, 1, 13, 0, 20, 0, 150, 0, 0, 34, 0, 3, 4, 0, 0, 0, 1, 0, 0, 0, 0, 3, 2
Vila Franca do Campo, 1, 0, 1, 0, 5, 0, 0, 0, 0, 2, 2, 0, 0, 4, 0, 9, 1, 0, 0, 3, 0, 5, 0, 0, 0, 0, 0, 0, 0, 0, 27, 0, 0, 0, 0, 0, 0, 0, 3, 0, 0, 0, 0, 0, 137, 0, 0, 0, 9, 0, 0, 0, 0, 0, 0, 0, 0, 0, 0, 0, 0, 0, 0, 0, 0, 0, 0, 2, 0
Vila Nova da Barquinha, 8, 0, 8, 0, 0, 5, 0, 0, 1, 1, 1, 3, 4, 2, 0, 18, 12, 1, 0, 3, 0, 0, 0, 0, 0, 0, 0, 0, 0, 7, 62, 0, 0, 0, 0, 0, 0, 0, 3, 0, 0, 0, 0, 3, 1, 0, 1, 0, 0, 0, 1, 0, 11, 0, 0, 0, 0, 0, 39, 1, 0, 0, 1, 0, 0, 0, 1, 0, 0
Vila Nova de Cerveira, 0, 0, 1, 0, 0, 4, 4, 0, 0, 22, 0, 0, 0, 0, 0, 18, 0, 0, 0, 1, 0, 2, 0, 0, 1, 0, 0, 1, 0, 2, 10, 0, 6, 0, 7, 7, 2, 0, 0, 0, 0, 0, 0, 0, 0, 1, 0, 0, 33, 0, 0, 0, 0, 0, 1, 2, 0, 0, 1, 0, 0, 27, 55, 0, 4, 0, 2, 7, 0
Vila Nova de Famalicão, 0, 5, 10, 1, 0, 94, 283, 0, 1,1 052, 60, 7, 4, 9, 0, 151, 58, 0, 0, 8, 1, 12, 24, 0, 17, 2, 0, 2, 1, 10, 243, 0, 183, 0, 78, 7, 13, 0, 2, 1, 1, 26, 0, 5, 0, 16, 0, 0,1 076, 3, 1, 0, 1, 0, 0, 1, 0, 0, 3, 0, 1, 6, 131, 75, 0, 338, 73, 104, 20
Vila Nova de Foz Côa, 0, 0, 2, 0, 0, 6, 0, 0, 0, 3, 15, 0, 0, 4, 0, 42, 12, 0, 0, 2, 1, 0, 0, 0, 20, 0, 0, 0, 1, 1, 11, 0, 1, 0, 1, 0, 4, 0, 1, 0, 0, 0, 0, 0, 0, 0, 0, 0, 23, 0, 0, 0, 0, 0, 0, 1, 0, 0, 0, 0, 0, 0, 0, 1, 0, 0, 1, 8, 16
Vila Nova de Gaia, 0, 14, 16, 9, 0, 559, 19, 0, 0, 211, 44, 12, 9, 17, 0, 195, 67, 0, 0, 10, 0, 21, 17, 1, 10, 1, 0, 2, 2, 15, 280, 0, 324, 0, 666, 1, 6, 1, 4, 22, 1, 52, 0, 3, 2, 16, 0, 0,5 751, 0, 1, 7, 3, 0, 4, 1, 0, 6, 1, 0, 0, 0, 16, 112, 0, 4, 969, 142, 26
Vila Nova de Paiva, 0, 0, 1, 0, 0, 7, 0, 0, 0, 1, 2, 0, 0, 2, 0, 19, 5, 0, 0, 0, 0, 0, 0, 0, 5, 0, 0, 0, 3, 2, 14, 0, 0, 0, 1, 0, 0, 0, 0, 0, 0, 0, 0, 0, 0, 0, 0, 0, 6, 0, 0, 0, 0, 0, 0, 0, 0, 0, 0, 0, 0, 0, 1, 0, 0, 0, 2, 3, 52
Vila Nova de Poiares, 0, 0, 0, 0, 0, 5, 0, 0, 0, 0, 0, 3, 0, 1, 0, 131, 2, 0, 0, 1, 0, 0, 0, 0, 1, 0, 0, 0, 0, 0, 5, 0, 0, 0, 0, 0, 0, 0, 0, 0, 2, 0, 0, 0, 0, 0, 0, 0, 2, 0, 1, 0, 0, 0, 0, 0, 0, 0, 0, 0, 0, 0, 0, 0, 0, 0, 0, 1, 2
Vila Pouca de Aguiar, 0, 0, 0, 1, 0, 11, 2, 0, 0, 21, 22, 2, 0, 1, 0, 32, 7, 0, 0, 0, 0, 1, 0, 0, 2, 0, 0, 0, 4, 0, 16, 0, 2, 0, 1, 0, 6, 0, 1, 0, 0, 3, 0, 0, 0, 0, 0, 0, 45, 0, 0, 0, 1, 0, 0, 0, 0, 0, 0, 0, 0, 0, 1, 1, 0, 1, 2, 118, 5
Vila Real, 0, 1, 8, 0, 0, 28, 5, 0, 0, 71, 98, 6, 1, 6, 2, 122, 59, 0, 0, 1, 1, 7, 2, 0, 10, 0, 0, 0, 19, 1, 148, 0, 7, 0, 9, 1, 27, 0, 5, 2, 0, 14, 0, 1, 0, 0, 0, 0, 364, 0, 0, 0, 0, 0, 2, 0, 0, 0, 0, 0, 0, 0, 1, 1, 0, 0, 23,1 340, 18
Vila Real de Santo António, 0, 0, 8, 1, 0, 2, 0, 0, 34, 0, 1, 1, 1, 0, 0, 9, 3, 1, 0, 13, 0, 137, 0, 0, 0, 0, 0, 1, 0, 4, 81, 0, 0, 0, 0, 0, 0, 0, 6, 0, 0, 0, 0, 0, 0, 0, 5, 1, 3, 0, 5, 0, 1, 0, 0, 3, 0, 0, 1, 0, 0, 0, 0, 0, 0, 0, 0, 0, 1
Vila Velha de Ródão, 0, 0, 0, 0, 0, 1, 0, 0, 0, 0, 0, 0, 0, 0, 0, 4, 8, 0, 0, 1, 0, 0, 0, 0, 0, 0, 0, 0, 0, 2, 2, 0, 0, 0, 0, 0, 0, 0, 0, 0, 0, 0, 0, 0, 0, 0, 0, 0, 2, 0, 0, 0, 0, 0, 0, 0, 0, 0, 0, 0, 0, 0, 0, 0, 0, 0, 0, 0, 0
Vila Verde, 1, 0, 3, 1, 0, 21, 214, 0, 0, 601, 17, 2, 0, 1, 0, 31, 15, 0, 0, 1, 2, 1, 3, 0, 1, 0, 0, 0, 0, 2, 31, 0, 5, 0, 2, 6, 3, 0, 1, 1, 0, 3, 0, 0, 0, 27, 1, 0, 98, 7, 0, 0, 2, 0, 0, 2, 0, 0, 5, 1, 0, 4, 94, 3, 0, 21, 18, 22, 3
Vila Viçosa, 1, 0, 12, 0, 0, 0, 0, 0, 12, 0, 1, 0, 1, 5, 0, 10, 6, 9, 0, 50, 0, 5, 0, 0, 0, 0, 0, 1, 0, 0, 60, 0, 0, 0, 0, 0, 0, 0, 3, 0, 0, 0, 0, 0, 0, 0, 13, 0, 1, 0, 0, 0, 0, 0, 0, 5, 0, 0, 0, 0, 0, 0, 0, 0, 0, 0, 0, 1, 0
Vimioso, 0, 0, 1, 0, 0, 2, 0, 0, 0, 3, 54, 0, 0, 1, 0, 5, 7, 0, 0, 0, 0, 1, 0, 0, 0, 0, 0, 0, 0, 0, 7, 0, 0, 0, 0, 0, 0, 0, 0, 0, 0, 0, 0, 0, 0, 0, 0, 0, 7, 0, 0, 0, 0, 0, 0, 0, 0, 1, 0, 0, 0, 0, 0, 0, 1, 0, 0, 4, 0
Vinhais, 0, 0, 1, 0, 0, 1, 0, 0, 0, 4, 69, 0, 0, 2, 1, 10, 7, 0, 0, 0, 0, 0, 1, 0, 0, 0, 0, 0, 0, 0, 4, 0, 0, 0, 0, 0, 12, 0, 1, 0, 0, 0, 0, 0, 0, 0, 0, 0, 15, 0, 0, 0, 0, 0, 0, 0, 0, 2, 0, 0, 0, 0, 0, 0, 0, 0, 0, 18, 3
Viseu, 1, 4, 15, 0, 1, 244, 1, 0, 3, 24, 21, 14, 13, 31, 0, 765, 193, 0, 0, 9, 0, 8, 0, 0, 45, 0, 0, 3, 12, 26, 466, 0, 4, 0, 5, 0, 3, 1, 17, 2, 2, 9, 0, 1, 1, 1, 4, 0, 385, 0, 5, 0, 2, 0, 12, 0, 0, 2, 4, 0, 0, 0, 0, 0, 0, 1, 18, 50,1 588
Vizela, 0, 1, 1, 0, 0, 20, 8, 0, 0, 171, 21, 1, 0, 2, 0, 38, 10, 0, 0, 4, 5, 3, 54, 0, 0, 0, 0, 0, 1, 2, 21, 0, 0, 0, 14, 4, 6, 0, 1, 1, 0, 5, 1, 1, 0, 2, 0, 0, 147, 1, 0, 0, 0, 0, 0, 0, 0, 1, 0, 0, 0, 0, 11, 5, 0, 15, 12, 63, 4
Vouzela, 0, 0, 2, 0, 0, 30, 0, 1, 0, 4, 2, 0, 0, 2, 0, 38, 13, 0, 0, 0, 0, 0, 2, 0, 8, 0, 0, 1, 1, 0, 26, 0, 0, 0, 0, 0, 0, 0, 0, 1, 0, 2, 0, 2, 1, 0, 0, 0, 18, 0, 0, 0, 0, 0, 3, 0, 0, 0, 0, 0, 0, 0, 0, 0, 0, 0, 1, 6, 68
Desconhecido, 2, 0, 316, 0, 0, 35, 1, 1, 0, 2, 0, 0, 0, 8, 0, 6, 0, 0, 0, 67, 0, 0, 0, 0, 0, 0, 0, 1, 0, 1, 756, 0, 0, 0, 70, 0, 0, 75, 5, 2, 0, 0, 0, 0, 1, 0, 0, 0, 478, 0, 75, 0, 197, 0, 0, 0, 0, 0, 0, 0, 0, 0, 0, 0, 0, 0, 0, 46, 0
"Fonte: Inquérito ao Registo de Alunos Inscritos e Diplomados do Ensino Superior, DGEEC",,,,,,,,,,,,,,,,,,,,,,,,,,,,,,,,,,,,,,,,,,,,,,,,,,,,,,,,,,,,,,,,,,,,,
,,,,,,,,,,,,,,,,,,,,,,,,,,,,,,,,,,,,,,,,,,,,,,,,,,,,,,,,,,,,,,,,,,,,,
Nota:,,,,,,,,,,,,,,,,,,,,,,,,,,,,,,,,,,,,,,,,,,,,,,,,,,,,,,,,,,,,,,,,,,,,,
- Inclui os inscritos em cursos de especialização tecnológica.,,,,,,,,,,,,,,,,,,,,,,,,,,,,,,,,,,,,,,,,,,,,,,,,,,,,,,,,,,,,,,,,,,,,,