Tabela 3.1 - Inscritos em estabelecimentos de ensino superior residentes em Portugal por município do estabelecimento de ensino superior e município da residência permanente do aluno, em 2013/14 - Todos os cursos/ciclos de estudos;;;;;;;;;;;;;;;;;;;;;;;;;;;;;;;;;;;;;;;;;;;;;;;;;;;;;;;;;;;;;;;;;;;;;;;
;;;;;;;;;;;;;;;;;;;;;;;;;;;;;;;;;;;;;;;;;;;;;;;;;;;;;;;;;;;;;;;;;;;;;;;
"                                 Município do
Município                             estab.
de residência";;;16I1401;16D0101;1701503;1701115;2004301;16D0105;1120302;1701504;1840205;1120303;11E0402;16B1006;1701105;16H0502;11B1703;16E0603;16J0503;1861207;11A0107;1870705;1190307;1500805;11C1303;3003103;16J0907;1190308;2004701;16H0505;11D1805;16F1009;1701106;1500808;11E0405;11A1306;16F1010;11A1308;1111603;11E0407;1701116;1701110;11A0113;16E0611;11A1310;16B1014;2004203;1111607;1861214;1500811;11A1312;1190309;1851414;11A0109;1851416;1811509;16J0912;1701512;1500813;1701111;16I1418;16I1419;16B1113;1111608;1111609;11A1316;1111610;1190312;11A1317;11D1714;16G1823
;;Portugal;Abrantes;Águeda;Almada;Amadora;Angra do Heroísmo;Aveiro;Barcelos;Barreiro;Beja;Braga;Bragança;Caldas da Rainha;Cascais;Castelo Branco;Chaves;Coimbra;Covilhã;Elvas;Espinho;Évora;Fafe;Faro;Felgueiras;Funchal;Guarda;Guimarães;Horta;Idanha-a-Nova;Lamego;Leiria;Lisboa;Loulé;Macedo de Cavaleiros;Maia;Marinha Grande;Matosinhos;Melgaço;Mirandela;Odivelas;Oeiras;Oliveira de Azeméis;Oliveira do Hospital;Paredes;Peniche;Ponta Delgada;Ponte de Lima;Portalegre;Portimão;Porto;Póvoa de Lanhoso;Rio Maior;Santa Maria da Feira;Santarém;Santiago do Cacém;Seia;Setúbal;Silves;Sintra;Tomar;Torres Novas;Torres Vedras;Valença;Viana do Castelo;Vila do Conde;Vila Nova de Cerveira;Vila Nova de Famalicão;Vila Nova de Gaia;Vila Real;Viseu
;Portugal;350 133; 390; 868;10 032; 440; 645;12 392;3 161; 503;2 549;17 927;4 926;1 280;2 340;3 436; 268;33 584;6 480; 271; 61;5 802; 334;7 450;1 373;3 069;2 310; 57; 23; 414; 456;8 106;106 811; 174; 26;4 214; 121;4 710; 144; 840; 668;4 873; 446; 290;1 688;1 048;2 441; 563;1 509; 789;56 252; 182; 721; 457;2 641; 52; 270;5 138; 194; 163;1 940; 96; 106; 323;3 114;1 455; 81;1 349;1 240;6 711;5 346
16I1401;Abrantes;1 250; 134; 2; 31; 2; 0; 33; 0; 0; 6; 3; 3; 4; 8; 65; 0; 106; 51; 2; 0; 39; 0; 9; 0; 0; 2; 0; 0; 5; 0; 49; 465; 0; 0; 1; 0; 0; 0; 0; 1; 12; 0; 0; 0; 9; 0; 0; 26; 1; 20; 0; 12; 0; 38; 0; 0; 3; 0; 0; 93; 11; 0; 0; 0; 0; 0; 0; 0; 3; 1
16D0101;Águeda;1 435; 0; 190; 4; 0; 0; 409; 1; 0; 0; 16; 2; 0; 0; 11; 0; 335; 43; 0; 0; 8; 0; 7; 1; 0; 25; 0; 0; 1; 1; 17; 117; 1; 0; 1; 0; 5; 0; 2; 0; 4; 12; 3; 8; 3; 0; 0; 3; 0; 101; 0; 0; 0; 1; 0; 4; 2; 0; 0; 3; 0; 0; 0; 4; 3; 0; 1; 1; 16; 69
16G0901;Aguiar da Beira; 136; 0; 0; 2; 0; 0; 9; 0; 0; 0; 3; 1; 0; 0; 3; 0; 18; 23; 0; 0; 2; 0; 1; 0; 0; 6; 0; 0; 0; 1; 0; 12; 0; 0; 1; 0; 0; 0; 1; 0; 0; 0; 0; 1; 0; 0; 0; 0; 0; 4; 0; 1; 0; 3; 0; 0; 0; 0; 0; 1; 0; 0; 0; 0; 0; 0; 0; 0; 3; 40
1870701;Alandroal; 73; 0; 0; 5; 0; 0; 0; 0; 0; 6; 0; 0; 0; 0; 1; 0; 3; 0; 2; 0; 24; 0; 4; 0; 0; 0; 0; 0; 0; 0; 0; 15; 0; 0; 0; 0; 0; 0; 0; 1; 0; 0; 0; 0; 0; 0; 0; 10; 0; 1; 0; 0; 0; 0; 0; 0; 1; 0; 0; 0; 0; 0; 0; 0; 0; 0; 0; 0; 0; 0
16D0102;Albergaria-a-Velha; 638; 0; 42; 3; 2; 0; 226; 1; 0; 0; 9; 0; 3; 0; 3; 0; 96; 46; 0; 0; 3; 0; 1; 2; 0; 8; 0; 0; 0; 0; 5; 26; 0; 0; 1; 0; 2; 0; 3; 0; 2; 15; 0; 1; 1; 1; 0; 1; 0; 95; 0; 0; 2; 0; 0; 1; 0; 0; 0; 0; 0; 0; 0; 0; 3; 0; 0; 2; 7; 25
1500801;Albufeira; 938; 0; 0; 24; 0; 0; 6; 1; 0; 28; 2; 0; 4; 3; 4; 0; 17; 16; 1; 0; 40; 0; 428; 0; 0; 0; 0; 0; 1; 0; 4; 222; 18; 0; 0; 0; 1; 0; 2; 0; 12; 1; 0; 3; 0; 0; 0; 3; 39; 19; 0; 3; 0; 2; 0; 0; 5; 20; 0; 4; 0; 0; 0; 0; 0; 0; 0; 0; 2; 3
1811501;Alcácer do Sal; 235; 0; 0; 11; 0; 0; 3; 0; 0; 26; 0; 0; 0; 2; 0; 0; 2; 4; 0; 0; 48; 0; 12; 0; 0; 0; 0; 0; 0; 0; 0; 75; 0; 0; 0; 0; 0; 0; 0; 0; 4; 0; 0; 0; 0; 0; 0; 2; 1; 0; 0; 0; 0; 3; 1; 0; 37; 2; 1; 1; 0; 0; 0; 0; 0; 0; 0; 0; 0; 0
16I1402;Alcanena; 381; 3; 0; 15; 1; 0; 16; 0; 0; 0; 0; 2; 6; 4; 6; 0; 27; 11; 1; 0; 14; 0; 7; 0; 0; 0; 0; 0; 1; 0; 43; 143; 0; 0; 0; 0; 0; 0; 0; 0; 6; 0; 3; 0; 6; 0; 1; 3; 0; 6; 0; 5; 0; 25; 0; 0; 1; 0; 0; 19; 4; 0; 0; 0; 0; 0; 0; 0; 1; 1
16B1001;Alcobaça;2 221; 5; 1; 59; 2; 0; 67; 0; 0; 6; 9; 3; 51; 14; 18; 0; 277; 34; 1; 0; 57; 0; 18; 1; 1; 5; 0; 0; 1; 0; 496; 862; 0; 0; 0; 10; 0; 0; 2; 2; 34; 0; 1; 0; 46; 1; 0; 13; 0; 31; 0; 28; 0; 29; 0; 1; 6; 0; 0; 14; 0; 0; 0; 0; 0; 0; 1; 1; 8; 5
1701502;Alcochete; 506; 0; 0; 34; 3; 0; 1; 0; 2; 0; 1; 0; 3; 8; 0; 0; 2; 0; 1; 0; 8; 0; 1; 0; 1; 1; 0; 0; 0; 0; 0; 363; 0; 0; 0; 0; 0; 0; 0; 1; 13; 0; 0; 0; 0; 0; 0; 1; 1; 3; 0; 0; 0; 1; 0; 0; 55; 0; 1; 1; 0; 0; 0; 0; 0; 0; 0; 0; 0; 0
1500802;Alcoutim; 34; 0; 0; 1; 0; 0; 0; 0; 0; 5; 0; 0; 0; 0; 1; 0; 2; 0; 0; 0; 3; 0; 17; 0; 0; 0; 0; 0; 0; 0; 0; 4; 0; 0; 0; 0; 0; 0; 0; 0; 0; 0; 0; 0; 0; 0; 0; 0; 0; 1; 0; 0; 0; 0; 0; 0; 0; 0; 0; 0; 0; 0; 0; 0; 0; 0; 0; 0; 0; 0
16B1101;Alenquer; 964; 1; 0; 47; 1; 0; 3; 1; 1; 4; 2; 1; 10; 5; 4; 0; 17; 3; 1; 0; 15; 0; 7; 0; 1; 0; 0; 0; 0; 0; 8; 655; 0; 0; 0; 0; 0; 0; 0; 6; 21; 0; 0; 0; 10; 3; 0; 4; 0; 7; 0; 18; 0; 85; 0; 0; 7; 0; 0; 7; 0; 3; 0; 1; 0; 0; 0; 0; 3; 2
11E0401;Alfândega da Fé; 264; 0; 0; 0; 0; 0; 6; 0; 0; 1; 7; 73; 0; 0; 0; 0; 122; 2; 0; 0; 1; 0; 0; 0; 0; 1; 0; 0; 0; 1; 1; 10; 0; 0; 1; 0; 0; 0; 5; 0; 1; 0; 0; 0; 0; 0; 0; 0; 0; 15; 0; 1; 0; 0; 0; 0; 0; 0; 0; 2; 0; 0; 0; 0; 2; 0; 0; 0; 12; 0
11D1701;Alijó; 278; 0; 0; 1; 0; 0; 7; 0; 0; 0; 4; 54; 0; 0; 1; 2; 11; 4; 0; 0; 1; 0; 1; 0; 0; 2; 0; 0; 0; 2; 3; 11; 0; 1; 1; 0; 1; 0; 16; 0; 0; 0; 0; 3; 0; 0; 0; 1; 0; 38; 0; 0; 0; 1; 0; 0; 0; 0; 0; 0; 0; 0; 0; 0; 1; 0; 0; 2; 107; 2
1500803;Aljezur; 92; 0; 0; 5; 1; 0; 0; 0; 0; 2; 0; 0; 0; 0; 3; 0; 2; 1; 0; 0; 2; 0; 21; 0; 0; 0; 0; 0; 0; 0; 0; 38; 0; 0; 0; 0; 0; 0; 0; 0; 1; 0; 0; 0; 0; 0; 0; 0; 11; 1; 0; 0; 0; 0; 0; 0; 0; 3; 0; 0; 0; 0; 0; 0; 0; 0; 0; 0; 0; 1
1840201;Aljustrel; 220; 1; 0; 8; 0; 0; 1; 0; 1; 86; 1; 0; 0; 1; 0; 0; 3; 1; 0; 0; 10; 0; 28; 0; 0; 0; 0; 0; 0; 0; 0; 59; 0; 0; 0; 0; 0; 0; 0; 0; 3; 0; 0; 0; 1; 0; 0; 1; 1; 4; 0; 0; 0; 1; 0; 0; 7; 2; 0; 0; 0; 0; 0; 0; 0; 0; 0; 0; 0; 0
1701503;Almada;5 642; 0; 0;1 292; 12; 0; 10; 0; 28; 8; 6; 1; 14; 63; 15; 0; 28; 21; 1; 0; 43; 0; 12; 0; 2; 7; 0; 0; 1; 1; 9;3 570; 0; 0; 0; 0; 1; 0; 2; 9; 89; 0; 0; 2; 4; 0; 1; 4; 2; 21; 0; 2; 0; 10; 0; 1; 324; 0; 3; 6; 0; 0; 0; 1; 1; 0; 1; 2; 6; 6
16J0902;Almeida; 174; 0; 0; 3; 0; 0; 5; 0; 1; 0; 0; 7; 1; 3; 9; 0; 19; 22; 0; 0; 1; 0; 0; 0; 0; 52; 0; 0; 3; 1; 2; 24; 0; 0; 0; 0; 0; 0; 0; 0; 1; 0; 0; 0; 1; 0; 0; 0; 0; 8; 0; 0; 0; 0; 0; 0; 0; 0; 0; 0; 0; 0; 0; 0; 0; 0; 0; 0; 3; 8
1851403;Almeirim; 548; 1; 0; 30; 0; 1; 14; 0; 0; 2; 2; 1; 7; 2; 3; 0; 40; 4; 0; 0; 29; 0; 6; 0; 0; 2; 0; 0; 0; 0; 11; 169; 0; 0; 0; 0; 0; 0; 1; 0; 8; 1; 2; 0; 6; 0; 0; 2; 0; 4; 0; 20; 0; 159; 0; 0; 5; 0; 0; 13; 0; 0; 0; 0; 0; 0; 0; 0; 2; 1
1840202;Almodôvar; 141; 0; 0; 4; 0; 0; 0; 0; 0; 46; 0; 0; 0; 1; 0; 0; 6; 0; 0; 0; 5; 0; 34; 0; 0; 0; 0; 0; 0; 0; 0; 36; 0; 0; 0; 0; 0; 0; 0; 0; 0; 0; 0; 0; 0; 1; 0; 0; 1; 2; 0; 0; 0; 1; 0; 0; 2; 1; 0; 1; 0; 0; 0; 0; 0; 0; 0; 0; 0; 0
1851404;Alpiarça; 165; 0; 0; 12; 0; 0; 2; 0; 0; 0; 0; 2; 0; 3; 2; 0; 8; 2; 1; 0; 7; 0; 1; 0; 0; 1; 0; 0; 1; 0; 6; 63; 0; 0; 0; 0; 0; 0; 0; 0; 1; 0; 1; 1; 1; 0; 0; 1; 0; 1; 0; 1; 0; 38; 0; 0; 1; 1; 0; 5; 1; 0; 0; 0; 0; 0; 0; 0; 1; 0
1861201;Alter do Chão; 71; 0; 0; 1; 0; 0; 1; 0; 0; 3; 0; 0; 0; 1; 9; 0; 1; 2; 4; 0; 9; 0; 2; 0; 0; 0; 0; 0; 1; 0; 0; 16; 0; 0; 0; 0; 0; 0; 0; 0; 1; 0; 0; 0; 0; 0; 0; 16; 0; 1; 0; 1; 0; 1; 0; 0; 0; 0; 0; 0; 0; 0; 0; 0; 0; 0; 0; 0; 1; 0
16F1002;Alvaiázere; 233; 0; 0; 1; 0; 0; 5; 0; 0; 0; 1; 0; 1; 0; 9; 0; 72; 4; 0; 0; 4; 0; 1; 0; 0; 1; 0; 0; 0; 0; 27; 76; 0; 0; 0; 0; 0; 1; 0; 0; 1; 0; 0; 0; 2; 0; 0; 2; 0; 3; 0; 2; 0; 0; 0; 0; 1; 0; 0; 17; 0; 0; 0; 0; 0; 0; 0; 0; 1; 1
1840203;Alvito; 50; 0; 0; 4; 0; 0; 0; 0; 0; 10; 0; 0; 0; 0; 0; 0; 0; 1; 0; 0; 14; 0; 2; 0; 0; 0; 0; 0; 0; 0; 0; 17; 0; 0; 0; 0; 0; 0; 0; 0; 0; 0; 0; 0; 0; 0; 0; 1; 0; 0; 0; 0; 0; 0; 0; 0; 0; 1; 0; 0; 0; 0; 0; 0; 0; 0; 0; 0; 0; 0
1701115;Amadora;5 169; 4; 0; 289; 13; 2; 11; 1; 8; 4; 15; 6; 12; 92; 10; 0; 31; 12; 1; 0; 22; 0; 16; 0; 2; 2; 0; 0; 3; 2; 10;4 227; 0; 0; 2; 0; 0; 0; 0; 57; 218; 0; 0; 1; 4; 1; 0; 5; 1; 17; 0; 2; 0; 25; 0; 1; 25; 0; 2; 9; 0; 0; 1; 0; 0; 0; 0; 0; 2; 1
11C1301;Amarante;1 764; 0; 2; 1; 0; 0; 31; 15; 0; 1; 108; 114; 4; 0; 3; 1; 111; 34; 0; 0; 2; 5; 4; 136; 0; 8; 0; 0; 0; 5; 1; 38; 0; 2; 38; 0; 55; 0; 24; 2; 2; 2; 1; 34; 1; 1; 1; 0; 0; 637; 3; 0; 0; 0; 0; 0; 0; 0; 0; 1; 0; 0; 0; 6; 10; 0; 2; 12; 278; 28
1120301;Amares; 728; 0; 0; 0; 0; 0; 11; 77; 0; 0; 279; 22; 0; 1; 5; 1; 173; 4; 0; 0; 2; 2; 0; 3; 0; 0; 0; 0; 0; 1; 1; 17; 0; 0; 0; 0; 3; 4; 2; 0; 0; 2; 0; 0; 0; 1; 3; 0; 0; 45; 10; 0; 0; 0; 0; 0; 1; 0; 0; 0; 0; 0; 1; 17; 4; 0; 12; 0; 17; 7
16D0103;Anadia; 801; 0; 29; 4; 0; 0; 146; 0; 1; 1; 7; 5; 3; 2; 6; 0; 368; 20; 0; 0; 4; 0; 2; 0; 0; 3; 0; 0; 0; 0; 8; 59; 0; 0; 0; 0; 2; 0; 1; 0; 4; 6; 3; 0; 5; 0; 1; 3; 1; 55; 0; 2; 0; 1; 0; 4; 0; 0; 0; 5; 0; 0; 0; 0; 1; 0; 0; 0; 5; 34
2004301;Angra do Heroísmo;1 173; 0; 0; 28; 0; 314; 31; 1; 0; 5; 16; 4; 4; 3; 3; 0; 53; 20; 0; 0; 6; 0; 11; 0; 1; 0; 1; 0; 0; 0; 12; 325; 0; 0; 5; 0; 2; 0; 5; 0; 8; 1; 0; 0; 4; 194; 0; 1; 0; 80; 0; 3; 0; 5; 0; 1; 10; 0; 0; 3; 0; 0; 0; 0; 1; 0; 0; 1; 10; 1
16F1003;Ansião; 323; 0; 0; 1; 0; 0; 1; 0; 0; 2; 0; 1; 1; 0; 6; 0; 199; 7; 0; 0; 3; 0; 2; 0; 0; 4; 0; 0; 0; 0; 48; 20; 0; 0; 1; 0; 0; 0; 1; 0; 0; 0; 1; 0; 5; 0; 0; 2; 0; 3; 0; 0; 0; 0; 0; 1; 0; 0; 2; 8; 0; 0; 0; 0; 0; 0; 0; 0; 1; 3
1111601;Arcos de Valdevez; 452; 0; 0; 1; 0; 0; 8; 11; 0; 0; 144; 16; 0; 0; 1; 0; 26; 3; 0; 0; 1; 0; 1; 0; 0; 1; 0; 0; 0; 0; 3; 18; 0; 0; 4; 0; 2; 0; 0; 0; 0; 0; 0; 4; 0; 1; 17; 0; 0; 72; 0; 0; 0; 0; 0; 0; 0; 0; 0; 0; 0; 0; 8; 99; 1; 2; 2; 0; 5; 1
16E0601;Arganil; 273; 0; 1; 0; 0; 0; 6; 0; 0; 0; 0; 0; 0; 0; 0; 0; 189; 5; 0; 0; 0; 0; 0; 0; 0; 4; 0; 0; 0; 1; 7; 17; 0; 0; 0; 0; 0; 0; 0; 0; 0; 0; 16; 2; 1; 0; 0; 0; 0; 7; 0; 1; 0; 0; 0; 2; 1; 0; 0; 2; 0; 0; 0; 0; 0; 0; 0; 0; 1; 10
11D1801;Armamar; 134; 0; 1; 0; 0; 0; 6; 2; 0; 0; 0; 9; 0; 0; 2; 2; 25; 4; 0; 0; 0; 0; 0; 0; 0; 1; 0; 0; 0; 13; 2; 4; 0; 0; 1; 0; 2; 0; 0; 0; 1; 0; 0; 3; 0; 0; 0; 0; 0; 16; 0; 0; 0; 1; 0; 0; 0; 0; 0; 0; 0; 0; 0; 0; 1; 0; 0; 0; 19; 19
11A0104;Arouca; 550; 1; 1; 0; 0; 0; 72; 2; 0; 0; 16; 7; 1; 1; 2; 0; 74; 9; 0; 0; 0; 0; 0; 2; 0; 2; 0; 0; 0; 0; 4; 15; 0; 0; 4; 0; 26; 0; 0; 0; 0; 8; 2; 4; 1; 0; 0; 0; 0; 231; 0; 0; 15; 0; 0; 0; 1; 0; 0; 2; 0; 0; 0; 4; 2; 0; 0; 6; 12; 23
1870702;Arraiolos; 175; 0; 0; 9; 0; 0; 0; 0; 0; 7; 0; 2; 0; 0; 2; 0; 3; 1; 0; 0; 106; 0; 2; 0; 0; 0; 0; 0; 0; 0; 0; 33; 0; 0; 0; 0; 0; 0; 0; 0; 2; 0; 0; 0; 0; 0; 0; 2; 0; 1; 0; 1; 0; 0; 0; 0; 4; 0; 0; 0; 0; 0; 0; 0; 0; 0; 0; 0; 0; 0
1861202;Arronches; 67; 0; 0; 3; 0; 0; 0; 0; 0; 0; 0; 0; 0; 0; 2; 0; 1; 0; 1; 0; 10; 0; 2; 0; 0; 0; 0; 0; 0; 0; 0; 9; 0; 0; 0; 0; 0; 0; 0; 0; 0; 0; 0; 0; 0; 0; 0; 38; 0; 0; 0; 0; 0; 1; 0; 0; 0; 0; 0; 0; 0; 0; 0; 0; 0; 0; 0; 0; 0; 0
16B1102;Arruda dos Vinhos; 397; 0; 0; 24; 0; 0; 3; 0; 0; 1; 0; 0; 3; 9; 2; 0; 6; 2; 1; 0; 2; 0; 1; 0; 0; 0; 0; 0; 0; 0; 2; 300; 0; 0; 0; 0; 0; 0; 0; 3; 11; 0; 0; 1; 3; 0; 0; 3; 0; 2; 0; 2; 0; 11; 0; 0; 3; 0; 0; 2; 0; 0; 0; 0; 0; 0; 0; 0; 0; 0
16D0105;Aveiro;4 037; 3; 152; 8; 5; 0;2 290; 2; 0; 1; 58; 15; 4; 7; 8; 0; 460; 42; 0; 0; 18; 0; 9; 0; 0; 27; 1; 0; 0; 3; 17; 239; 0; 0; 27; 0; 18; 0; 0; 1; 14; 26; 2; 12; 2; 0; 0; 3; 0; 407; 2; 2; 17; 1; 0; 9; 1; 0; 0; 12; 0; 0; 0; 1; 2; 0; 5; 6; 29; 69
1861203;Avis; 93; 0; 0; 1; 0; 0; 3; 0; 0; 0; 0; 0; 2; 0; 3; 0; 5; 1; 2; 0; 29; 0; 3; 0; 0; 0; 0; 0; 1; 0; 0; 16; 0; 0; 0; 0; 0; 0; 0; 1; 2; 0; 0; 0; 0; 0; 0; 22; 0; 1; 0; 0; 0; 1; 0; 0; 0; 0; 0; 0; 0; 0; 0; 0; 0; 0; 0; 0; 0; 0
1851103;Azambuja; 418; 0; 1; 12; 1; 1; 1; 0; 0; 1; 0; 0; 5; 6; 5; 0; 6; 5; 1; 0; 11; 0; 5; 0; 0; 1; 0; 0; 0; 0; 16; 237; 0; 0; 0; 0; 0; 0; 0; 0; 8; 0; 0; 0; 10; 0; 0; 1; 1; 2; 0; 8; 0; 63; 0; 0; 2; 0; 0; 7; 0; 0; 0; 0; 0; 0; 0; 0; 1; 0
11C1302;Baião; 432; 1; 0; 0; 0; 0; 25; 1; 0; 0; 6; 29; 2; 0; 2; 0; 28; 14; 0; 0; 0; 0; 0; 8; 0; 3; 0; 0; 2; 7; 2; 10; 0; 0; 18; 0; 20; 0; 4; 0; 0; 0; 1; 7; 0; 0; 3; 0; 0; 149; 1; 0; 0; 0; 0; 0; 0; 0; 0; 1; 0; 0; 0; 1; 4; 0; 2; 4; 68; 9
1120302;Barcelos;4 268; 0; 2; 7; 0; 2; 110; 830; 0; 0; 981; 57; 6; 1; 6; 2; 427; 72; 0; 0; 9; 1; 9; 5; 0; 22; 0; 0; 0; 2; 19; 113; 0; 0; 47; 0; 33; 14; 2; 0; 1; 1; 0; 39; 2; 0; 58; 5; 0; 735; 2; 0; 0; 3; 0; 4; 0; 0; 1; 5; 0; 0; 15; 268; 35; 3; 95; 5; 191; 21
1840204;Barrancos; 17; 0; 0; 2; 0; 0; 0; 0; 0; 3; 0; 0; 0; 0; 0; 0; 1; 0; 0; 0; 4; 0; 1; 0; 0; 0; 0; 0; 0; 0; 0; 4; 0; 0; 0; 0; 0; 0; 0; 0; 0; 0; 0; 0; 0; 0; 0; 1; 0; 0; 0; 0; 0; 0; 0; 0; 1; 0; 0; 0; 0; 0; 0; 0; 0; 0; 0; 0; 0; 0
1701504;Barreiro;2 470; 1; 0; 227; 6; 0; 4; 0; 74; 9; 3; 1; 4; 16; 0; 0; 6; 5; 0; 0; 22; 0; 6; 0; 0; 1; 0; 0; 2; 0; 2;1 557; 0; 0; 0; 0; 0; 0; 0; 6; 49; 0; 0; 0; 2; 1; 0; 5; 0; 11; 0; 5; 0; 2; 0; 0; 431; 0; 4; 0; 0; 0; 0; 0; 0; 0; 1; 1; 2; 4
16F1004;Batalha; 593; 1; 2; 22; 0; 0; 14; 0; 0; 2; 0; 0; 9; 1; 6; 0; 68; 19; 0; 0; 4; 0; 7; 0; 0; 1; 0; 0; 0; 0; 247; 141; 0; 0; 0; 2; 0; 0; 0; 0; 4; 0; 0; 1; 6; 0; 0; 2; 0; 10; 0; 0; 0; 9; 0; 1; 0; 0; 2; 6; 0; 0; 0; 0; 1; 0; 0; 0; 4; 1
1840205;Beja;1 372; 0; 0; 49; 0; 0; 2; 0; 1; 713; 0; 0; 2; 3; 1; 0; 27; 7; 0; 0; 105; 0; 92; 0; 0; 1; 0; 0; 0; 0; 1; 312; 0; 0; 0; 0; 0; 0; 0; 0; 18; 0; 0; 0; 0; 0; 0; 5; 4; 8; 0; 1; 0; 4; 0; 0; 8; 1; 0; 2; 0; 0; 0; 0; 1; 0; 0; 0; 2; 2
16J0501;Belmonte; 174; 0; 0; 5; 0; 0; 2; 0; 0; 0; 2; 0; 2; 0; 16; 0; 14; 73; 0; 0; 1; 0; 1; 0; 0; 26; 0; 0; 4; 0; 0; 9; 0; 0; 1; 0; 0; 0; 0; 0; 0; 0; 0; 0; 1; 0; 0; 1; 0; 4; 0; 0; 0; 2; 0; 1; 0; 0; 0; 0; 0; 0; 0; 0; 0; 0; 0; 0; 3; 6
1851405;Benavente; 611; 1; 0; 42; 2; 2; 8; 0; 0; 3; 1; 0; 1; 6; 5; 0; 13; 6; 3; 0; 21; 0; 6; 0; 0; 0; 0; 0; 0; 0; 7; 380; 0; 0; 0; 0; 0; 0; 0; 0; 17; 0; 0; 0; 3; 2; 0; 2; 2; 4; 0; 3; 0; 48; 0; 0; 12; 0; 0; 5; 0; 0; 0; 0; 0; 0; 0; 0; 4; 2
16B1005;Bombarral; 292; 0; 1; 13; 1; 0; 11; 1; 0; 1; 2; 1; 13; 2; 3; 0; 22; 2; 0; 0; 10; 0; 5; 0; 0; 0; 0; 0; 0; 0; 57; 108; 0; 0; 0; 0; 0; 0; 0; 0; 3; 0; 0; 0; 9; 1; 0; 3; 0; 2; 0; 6; 0; 7; 0; 0; 0; 0; 0; 0; 0; 1; 0; 0; 0; 0; 0; 0; 2; 5
1870703;Borba; 180; 0; 0; 14; 0; 0; 1; 0; 0; 9; 0; 0; 0; 0; 6; 0; 2; 3; 4; 0; 49; 0; 16; 0; 0; 1; 0; 0; 1; 0; 0; 52; 0; 0; 0; 0; 0; 0; 0; 0; 0; 0; 0; 0; 0; 0; 0; 17; 1; 1; 0; 0; 0; 0; 0; 0; 3; 0; 0; 0; 0; 0; 0; 0; 0; 0; 0; 0; 0; 0
11B1702;Boticas; 99; 0; 0; 0; 0; 0; 4; 0; 0; 0; 6; 16; 0; 0; 1; 2; 15; 2; 0; 0; 0; 0; 1; 0; 0; 1; 0; 0; 0; 0; 2; 1; 0; 0; 0; 0; 1; 0; 1; 0; 0; 0; 1; 1; 0; 0; 0; 0; 0; 11; 1; 0; 0; 0; 0; 0; 0; 0; 0; 0; 0; 0; 0; 1; 0; 0; 0; 0; 30; 1
1120303;Braga;10 843; 2; 3; 15; 1; 0; 90; 819; 0; 0;5 745; 67; 12; 6; 11; 5;1 688; 58; 0; 0; 14; 29; 20; 13; 0; 15; 5; 0; 0; 0; 7; 335; 0; 0; 67; 0; 39; 18; 7; 1; 7; 3; 1; 49; 6; 2; 44; 4; 1; 987; 74; 0; 0; 0; 0; 5; 1; 0; 3; 7; 0; 0; 9; 211; 16; 1; 173; 6; 124; 17
11E0402;Bragança;1 754; 0; 0; 8; 1; 1; 39; 2; 0; 0; 72; 946; 0; 1; 1; 7; 173; 36; 0; 0; 1; 0; 3; 0; 0; 3; 0; 0; 0; 1; 4; 86; 0; 3; 4; 0; 6; 0; 35; 0; 3; 0; 0; 10; 0; 0; 0; 0; 0; 212; 0; 1; 0; 0; 0; 1; 1; 0; 2; 0; 0; 0; 0; 2; 4; 1; 0; 1; 70; 13
1190304;Cabeceiras de Basto; 576; 0; 0; 0; 0; 0; 8; 5; 0; 0; 88; 40; 1; 0; 1; 3; 160; 5; 0; 0; 0; 28; 3; 8; 0; 2; 0; 0; 0; 0; 7; 20; 0; 0; 3; 0; 3; 0; 1; 0; 0; 1; 0; 8; 0; 0; 0; 0; 0; 94; 5; 0; 0; 0; 0; 1; 0; 0; 0; 0; 0; 0; 0; 6; 1; 0; 5; 1; 66; 2
16B1104;Cadaval; 257; 0; 0; 10; 1; 0; 4; 0; 0; 0; 0; 0; 9; 0; 1; 0; 14; 1; 0; 0; 9; 0; 4; 0; 0; 1; 0; 0; 0; 0; 37; 111; 0; 0; 0; 0; 0; 0; 1; 1; 6; 0; 0; 0; 20; 0; 0; 0; 0; 2; 0; 3; 0; 13; 0; 0; 1; 0; 1; 1; 0; 6; 0; 0; 0; 0; 0; 0; 0; 0
16B1006;Caldas da Rainha;1 718; 1; 1; 53; 1; 0; 29; 0; 0; 3; 3; 3; 215; 17; 11; 0; 101; 28; 1; 0; 26; 0; 13; 0; 1; 6; 0; 0; 0; 0; 287; 672; 0; 0; 2; 1; 0; 0; 2; 1; 33; 1; 0; 1; 70; 1; 1; 5; 0; 24; 0; 28; 0; 45; 0; 2; 5; 0; 2; 11; 1; 5; 0; 0; 0; 0; 1; 0; 4; 0
2004501;Calheta (R.A.A.); 99; 1; 0; 1; 0; 9; 3; 0; 0; 0; 0; 0; 0; 0; 0; 0; 14; 1; 0; 0; 0; 0; 4; 0; 0; 0; 0; 1; 0; 0; 1; 37; 0; 0; 0; 0; 1; 0; 0; 0; 2; 0; 0; 0; 0; 13; 0; 1; 0; 5; 0; 1; 0; 2; 0; 0; 0; 0; 0; 1; 0; 0; 0; 0; 0; 0; 0; 0; 0; 1
3003101;Calheta (R.A.M.); 203; 0; 0; 1; 2; 0; 0; 0; 0; 0; 7; 2; 0; 0; 1; 0; 16; 2; 0; 0; 5; 0; 13; 0; 92; 0; 0; 0; 0; 0; 3; 17; 0; 0; 0; 0; 1; 0; 0; 0; 1; 0; 0; 0; 0; 0; 0; 3; 0; 31; 0; 0; 0; 0; 0; 1; 2; 0; 0; 0; 0; 0; 0; 0; 0; 0; 0; 1; 2; 0
3003102;Câmara de Lobos; 697; 0; 0; 7; 0; 1; 15; 0; 0; 0; 16; 7; 1; 1; 6; 0; 42; 13; 2; 0; 10; 0; 14; 0; 340; 2; 0; 0; 0; 2; 9; 116; 0; 0; 0; 0; 0; 0; 0; 2; 5; 0; 0; 0; 1; 3; 0; 3; 0; 51; 0; 2; 0; 3; 0; 0; 5; 0; 0; 1; 0; 0; 0; 0; 3; 0; 1; 2; 11; 0
1111602;Caminha; 572; 0; 0; 5; 0; 1; 21; 15; 0; 0; 63; 7; 4; 0; 1; 0; 37; 9; 0; 0; 1; 0; 1; 0; 0; 0; 0; 0; 0; 0; 1; 24; 0; 0; 13; 0; 13; 4; 1; 0; 2; 2; 1; 3; 4; 0; 5; 0; 0; 133; 1; 0; 0; 0; 0; 0; 0; 0; 0; 4; 0; 0; 16; 139; 3; 12; 4; 0; 21; 1
1861204;Campo Maior; 196; 1; 0; 6; 0; 0; 0; 0; 0; 1; 1; 0; 0; 0; 10; 0; 12; 5; 8; 0; 33; 0; 3; 0; 0; 0; 0; 0; 1; 0; 3; 45; 0; 0; 0; 0; 0; 0; 0; 0; 3; 0; 1; 0; 0; 0; 0; 46; 0; 2; 0; 0; 0; 4; 0; 0; 4; 0; 0; 7; 0; 0; 0; 0; 0; 0; 0; 0; 0; 0
16E0602;Cantanhede;1 128; 0; 12; 7; 0; 0; 105; 0; 0; 0; 8; 2; 5; 6; 5; 0; 725; 19; 0; 0; 1; 0; 5; 0; 0; 13; 0; 0; 0; 0; 35; 64; 0; 0; 3; 0; 1; 1; 0; 0; 4; 2; 11; 3; 7; 1; 0; 0; 0; 50; 0; 2; 0; 2; 0; 3; 1; 0; 0; 5; 0; 0; 0; 0; 1; 0; 0; 0; 4; 15
11D0403;Carrazeda de Ansiães; 255; 0; 1; 0; 0; 0; 8; 0; 0; 0; 7; 46; 0; 0; 10; 0; 113; 4; 0; 0; 0; 0; 1; 0; 0; 2; 0; 0; 0; 0; 0; 4; 0; 0; 2; 0; 1; 0; 16; 0; 0; 0; 1; 0; 0; 0; 0; 0; 0; 16; 0; 0; 0; 1; 0; 0; 0; 0; 0; 1; 0; 0; 0; 0; 0; 0; 0; 1; 18; 2
16G1802;Carregal do Sal; 184; 0; 0; 2; 0; 0; 12; 1; 0; 0; 3; 2; 1; 1; 0; 0; 67; 11; 0; 0; 1; 0; 1; 0; 0; 3; 0; 0; 0; 0; 1; 12; 0; 0; 0; 0; 0; 0; 0; 1; 0; 0; 4; 0; 0; 0; 0; 0; 0; 13; 0; 0; 0; 0; 0; 2; 0; 0; 0; 0; 0; 0; 0; 0; 0; 0; 0; 0; 1; 45
1851406;Cartaxo; 626; 2; 0; 27; 1; 0; 10; 0; 0; 1; 1; 1; 5; 5; 9; 0; 25; 5; 1; 0; 26; 0; 8; 0; 0; 3; 0; 0; 0; 0; 11; 286; 0; 0; 0; 0; 0; 0; 1; 1; 8; 0; 0; 0; 13; 0; 0; 1; 1; 5; 0; 6; 0; 146; 0; 0; 1; 0; 1; 12; 0; 0; 0; 0; 0; 0; 0; 0; 3; 0
1701105;Cascais;7 782; 1; 0; 368; 20; 2; 15; 1; 5; 8; 7; 4; 28; 431; 7; 0; 44; 16; 4; 0; 39; 0; 22; 0; 0; 4; 2; 0; 1; 1; 18;6 019; 0; 0; 0; 0; 2; 0; 3; 18; 575; 0; 0; 2; 9; 2; 0; 6; 2; 35; 0; 5; 0; 16; 1; 0; 20; 1; 2; 7; 0; 0; 0; 1; 0; 0; 0; 0; 6; 2
16F1007;Castanheira de Pêra; 66; 0; 0; 2; 0; 0; 1; 0; 0; 0; 0; 0; 0; 0; 1; 0; 38; 4; 0; 0; 0; 0; 1; 0; 0; 0; 0; 0; 1; 0; 7; 5; 0; 0; 0; 0; 0; 0; 0; 0; 0; 0; 0; 0; 0; 0; 0; 0; 0; 2; 0; 0; 0; 0; 0; 0; 0; 0; 0; 3; 0; 0; 0; 0; 0; 0; 0; 0; 0; 1
16H0502;Castelo Branco;2 274; 3; 0; 45; 0; 0; 26; 0; 0; 1; 9; 2; 4; 8;1 014; 0; 175; 242; 1; 0; 29; 0; 9; 0; 1; 30; 0; 0; 136; 0; 20; 429; 0; 0; 1; 0; 1; 0; 0; 1; 15; 0; 1; 1; 5; 0; 0; 9; 0; 30; 0; 3; 0; 1; 0; 2; 2; 1; 1; 4; 1; 0; 0; 0; 0; 0; 0; 0; 0; 11
11C0106;Castelo de Paiva; 376; 1; 1; 0; 0; 0; 52; 0; 0; 0; 11; 14; 0; 0; 3; 0; 17; 0; 0; 0; 1; 0; 0; 6; 0; 1; 0; 0; 0; 2; 0; 13; 0; 0; 10; 0; 18; 0; 1; 1; 1; 1; 0; 14; 1; 0; 1; 0; 0; 151; 0; 0; 4; 0; 0; 0; 0; 0; 0; 1; 0; 0; 0; 0; 5; 0; 0; 5; 22; 18
1861205;Castelo de Vide; 76; 0; 0; 4; 0; 0; 0; 0; 0; 0; 0; 0; 0; 0; 3; 0; 2; 0; 0; 0; 9; 0; 0; 0; 0; 1; 0; 0; 0; 0; 0; 31; 0; 0; 0; 0; 0; 0; 0; 1; 0; 0; 0; 0; 0; 0; 0; 23; 0; 1; 0; 0; 0; 0; 0; 0; 0; 0; 0; 1; 0; 0; 0; 0; 0; 0; 0; 0; 0; 0
16G1803;Castro Daire; 371; 0; 1; 2; 0; 0; 25; 0; 0; 2; 4; 9; 0; 3; 1; 0; 80; 18; 1; 0; 0; 0; 2; 0; 0; 7; 0; 0; 0; 13; 2; 39; 0; 0; 1; 0; 0; 0; 4; 0; 0; 0; 0; 0; 0; 0; 0; 1; 0; 21; 0; 0; 0; 0; 0; 1; 2; 0; 0; 1; 0; 0; 0; 1; 0; 0; 0; 2; 24; 104
1500804;Castro Marim; 122; 0; 0; 3; 0; 0; 0; 0; 0; 11; 1; 0; 0; 0; 0; 0; 6; 3; 1; 0; 8; 0; 41; 0; 0; 0; 0; 0; 1; 0; 2; 37; 0; 0; 0; 0; 0; 0; 0; 0; 2; 0; 0; 0; 0; 0; 0; 1; 1; 0; 0; 0; 0; 1; 0; 0; 1; 1; 0; 1; 0; 0; 0; 0; 0; 0; 0; 0; 0; 0
1840206;Castro Verde; 228; 0; 0; 13; 0; 0; 1; 0; 0; 59; 1; 0; 0; 0; 1; 0; 11; 1; 0; 0; 21; 0; 46; 0; 0; 0; 0; 0; 0; 0; 0; 54; 2; 0; 0; 0; 0; 0; 0; 0; 4; 0; 0; 0; 0; 1; 0; 0; 1; 2; 0; 0; 0; 0; 0; 0; 4; 4; 0; 1; 0; 0; 0; 0; 0; 0; 0; 0; 1; 0
16J0903;Celorico da Beira; 164; 0; 0; 1; 0; 0; 6; 0; 0; 0; 2; 2; 0; 0; 9; 0; 37; 31; 0; 0; 1; 0; 0; 0; 0; 42; 0; 0; 0; 0; 0; 11; 0; 0; 0; 0; 0; 0; 0; 0; 2; 0; 0; 1; 0; 0; 0; 0; 0; 6; 0; 0; 0; 0; 0; 0; 0; 0; 0; 0; 0; 0; 0; 0; 0; 0; 0; 0; 3; 10
11C0305;Celorico de Basto; 855; 0; 0; 2; 0; 0; 8; 1; 0; 0; 56; 61; 0; 1; 1; 4; 278; 10; 0; 0; 1; 11; 2; 26; 0; 2; 1; 0; 0; 1; 1; 18; 0; 0; 6; 0; 9; 0; 8; 0; 1; 0; 0; 2; 2; 0; 2; 1; 0; 117; 0; 0; 0; 1; 0; 0; 0; 0; 0; 0; 0; 0; 2; 4; 3; 0; 5; 1; 206; 0
1851407;Chamusca; 173; 3; 1; 6; 0; 1; 4; 0; 0; 1; 0; 0; 0; 0; 4; 0; 19; 2; 0; 0; 12; 0; 2; 0; 0; 2; 0; 0; 0; 0; 5; 48; 0; 0; 0; 0; 0; 0; 0; 0; 1; 0; 0; 0; 0; 0; 0; 3; 0; 4; 0; 3; 0; 32; 0; 0; 1; 0; 0; 16; 1; 0; 0; 0; 0; 0; 0; 0; 1; 1
11B1703;Chaves;1 275; 1; 3; 6; 1; 0; 57; 2; 0; 1; 106; 144; 0; 1; 1; 104; 144; 47; 0; 0; 4; 0; 6; 1; 0; 6; 1; 0; 0; 2; 4; 60; 0; 0; 13; 0; 11; 0; 27; 0; 0; 0; 1; 15; 0; 0; 0; 1; 0; 301; 1; 0; 0; 1; 0; 1; 0; 0; 0; 1; 0; 0; 0; 7; 4; 0; 0; 3; 171; 15
11C1804;Cinfães; 313; 1; 1; 1; 0; 0; 11; 2; 0; 0; 8; 11; 0; 0; 4; 0; 16; 11; 0; 0; 1; 0; 1; 3; 0; 2; 0; 0; 1; 7; 0; 17; 0; 0; 7; 0; 17; 0; 0; 0; 0; 1; 0; 12; 0; 0; 0; 0; 0; 128; 0; 0; 0; 0; 0; 0; 0; 0; 0; 0; 0; 0; 0; 0; 0; 0; 0; 6; 17; 27
16E0603;Coimbra;8 403; 2; 7; 17; 6; 1; 132; 0; 0; 0; 29; 4; 16; 11; 15; 1;7 110; 62; 3; 0; 21; 0; 18; 0; 1; 8; 1; 0; 1; 0; 33; 511; 0; 0; 2; 0; 9; 0; 3; 0; 19; 2; 19; 6; 8; 8; 1; 4; 1; 206; 1; 3; 0; 2; 0; 14; 1; 0; 0; 8; 0; 0; 1; 0; 1; 0; 0; 1; 24; 49
16E0604;Condeixa-a-Nova; 646; 1; 0; 2; 0; 0; 13; 0; 0; 0; 1; 0; 2; 0; 5; 0; 555; 3; 0; 0; 1; 0; 0; 0; 0; 1; 0; 0; 1; 0; 12; 20; 0; 0; 0; 0; 0; 0; 0; 0; 1; 1; 1; 1; 2; 0; 0; 0; 0; 13; 0; 0; 0; 0; 0; 2; 0; 0; 0; 3; 0; 0; 0; 1; 1; 0; 0; 0; 2; 1
16I1408;Constância; 102; 10; 0; 2; 0; 0; 9; 0; 0; 0; 0; 0; 0; 0; 3; 0; 10; 6; 0; 0; 2; 0; 1; 0; 1; 0; 0; 0; 0; 0; 3; 30; 0; 0; 0; 0; 0; 0; 0; 0; 1; 0; 0; 0; 0; 0; 0; 6; 0; 0; 0; 2; 0; 3; 0; 0; 0; 0; 0; 13; 0; 0; 0; 0; 0; 0; 0; 0; 0; 0
1851409;Coruche; 438; 1; 0; 52; 1; 0; 4; 1; 2; 3; 0; 1; 3; 4; 2; 0; 22; 4; 0; 0; 59; 0; 3; 0; 1; 1; 0; 0; 1; 0; 10; 155; 0; 0; 0; 0; 0; 0; 0; 1; 10; 0; 0; 0; 3; 0; 0; 4; 0; 4; 0; 6; 0; 67; 0; 0; 4; 0; 0; 9; 0; 0; 0; 0; 0; 0; 0; 0; 0; 0
2004901;Corvo; 8; 0; 0; 0; 0; 1; 0; 0; 0; 0; 0; 0; 0; 0; 0; 0; 0; 0; 0; 0; 0; 0; 0; 0; 0; 0; 0; 0; 0; 0; 0; 7; 0; 0; 0; 0; 0; 0; 0; 0; 0; 0; 0; 0; 0; 0; 0; 0; 0; 0; 0; 0; 0; 0; 0; 0; 0; 0; 0; 0; 0; 0; 0; 0; 0; 0; 0; 0; 0; 0
16J0503;Covilhã;1 902; 1; 1; 21; 3; 1; 28; 0; 0; 3; 13; 3; 1; 6; 196; 0; 84;1 159; 1; 0; 9; 0; 3; 0; 1; 71; 1; 0; 18; 0; 7; 153; 0; 0; 1; 0; 1; 0; 0; 0; 4; 1; 0; 2; 2; 0; 0; 10; 0; 45; 1; 0; 0; 3; 0; 6; 3; 1; 0; 1; 0; 0; 0; 0; 1; 0; 1; 0; 9; 26
1861206;Crato; 68; 1; 0; 0; 0; 0; 0; 0; 0; 0; 0; 1; 0; 0; 4; 0; 4; 4; 1; 0; 6; 0; 2; 0; 0; 0; 0; 0; 0; 0; 2; 14; 0; 0; 0; 0; 0; 0; 0; 0; 2; 0; 0; 0; 0; 0; 0; 22; 0; 0; 0; 0; 0; 0; 0; 0; 1; 0; 0; 3; 0; 0; 0; 0; 0; 0; 0; 0; 1; 0
1840207;Cuba; 167; 0; 0; 2; 0; 0; 0; 0; 0; 89; 0; 0; 0; 1; 1; 0; 5; 2; 1; 0; 17; 0; 9; 0; 0; 0; 0; 0; 0; 0; 0; 30; 0; 0; 0; 0; 0; 0; 0; 0; 2; 0; 0; 0; 0; 0; 0; 0; 3; 1; 0; 0; 0; 0; 0; 0; 1; 2; 1; 0; 0; 0; 0; 0; 0; 0; 0; 0; 0; 0
9999999;Desconhecido;2 631; 2; 5; 366; 0; 0; 38; 2; 0; 0; 203; 0; 1; 0; 1; 4; 2; 6; 0; 0; 106; 0; 1; 0; 0; 0; 0; 0; 1; 0; 4;1 257; 0; 0; 0; 0; 64; 0; 0; 0; 0; 0; 0; 0; 0; 0; 0; 0; 0; 151; 0; 102; 0; 197; 1; 0; 0; 0; 0; 0; 0; 0; 0; 0; 0; 0; 0; 0; 117; 0
1861207;Elvas; 623; 0; 0; 23; 0; 0; 1; 0; 1; 12; 4; 0; 1; 3; 20; 0; 19; 13; 79; 0; 112; 0; 19; 0; 0; 2; 0; 0; 3; 0; 4; 154; 0; 0; 0; 0; 0; 0; 1; 1; 15; 0; 0; 0; 2; 0; 0; 117; 1; 1; 0; 3; 0; 5; 0; 0; 3; 0; 0; 2; 0; 0; 0; 0; 0; 0; 0; 1; 0; 1
16I1410;Entroncamento; 804; 15; 0; 28; 0; 1; 34; 0; 0; 4; 3; 0; 0; 5; 20; 1; 83; 21; 0; 0; 19; 0; 13; 0; 0; 3; 0; 0; 1; 0; 33; 278; 0; 0; 3; 0; 0; 0; 0; 0; 10; 0; 3; 0; 3; 1; 0; 7; 2; 19; 0; 3; 0; 44; 0; 0; 0; 0; 7; 116; 18; 0; 0; 0; 0; 0; 0; 1; 3; 2
11A0107;Espinho;1 133; 1; 6; 1; 1; 0; 189; 2; 0; 0; 25; 1; 1; 1; 8; 0; 44; 13; 0; 31; 2; 0; 1; 0; 0; 5; 0; 0; 0; 0; 5; 37; 0; 0; 31; 0; 30; 0; 2; 0; 4; 11; 0; 6; 1; 0; 2; 0; 0; 601; 0; 0; 12; 0; 0; 0; 0; 0; 0; 1; 0; 0; 0; 1; 4; 0; 1; 34; 13; 5
1120306;Esposende;1 368; 0; 1; 2; 0; 0; 37; 165; 0; 2; 206; 46; 2; 0; 0; 0; 195; 20; 0; 0; 2; 0; 4; 2; 0; 5; 0; 0; 0; 1; 7; 43; 0; 0; 18; 0; 17; 1; 5; 0; 1; 0; 1; 12; 1; 0; 16; 1; 0; 342; 0; 0; 0; 3; 0; 1; 1; 0; 1; 5; 0; 0; 5; 125; 27; 3; 16; 1; 9; 16
16D0108;Estarreja; 740; 0; 37; 1; 0; 1; 258; 1; 0; 2; 13; 5; 0; 2; 8; 0; 84; 26; 0; 0; 4; 0; 3; 0; 0; 24; 0; 0; 0; 1; 7; 41; 0; 0; 8; 0; 3; 0; 1; 0; 1; 24; 2; 5; 0; 0; 1; 0; 0; 122; 0; 0; 5; 0; 0; 4; 0; 0; 0; 2; 0; 0; 0; 0; 0; 0; 0; 13; 7; 24
1870704;Estremoz; 341; 0; 0; 17; 0; 0; 2; 0; 0; 13; 0; 0; 0; 1; 12; 0; 8; 3; 9; 0; 83; 0; 16; 0; 0; 0; 0; 0; 0; 0; 2; 129; 0; 0; 0; 0; 0; 0; 0; 2; 1; 0; 0; 0; 0; 0; 0; 30; 0; 3; 0; 0; 0; 0; 0; 0; 6; 1; 0; 2; 0; 0; 0; 0; 0; 0; 0; 0; 0; 1
1870705;Évora;2 217; 1; 0; 94; 1; 0; 5; 0; 1; 41; 2; 0; 1; 7; 9; 0; 37; 14; 10; 0;1 378; 0; 23; 0; 0; 1; 0; 0; 1; 0; 5; 501; 2; 0; 0; 0; 1; 0; 0; 10; 15; 0; 1; 0; 2; 0; 0; 20; 5; 10; 0; 3; 0; 1; 0; 1; 9; 1; 0; 2; 0; 0; 0; 0; 0; 0; 0; 0; 0; 2
1190307;Fafe;1 597; 0; 1; 6; 0; 0; 31; 13; 0; 0; 402; 113; 1; 0; 4; 3; 271; 47; 1; 0; 2; 97; 7; 77; 0; 8; 3; 0; 0; 3; 6; 49; 0; 0; 15; 0; 17; 0; 16; 0; 1; 0; 1; 16; 0; 0; 1; 0; 0; 257; 8; 0; 0; 0; 0; 0; 0; 0; 0; 1; 0; 0; 1; 23; 21; 0; 20; 3; 42; 9
1500805;Faro;2 887; 2; 0; 58; 0; 1; 8; 0; 0; 26; 4; 1; 3; 11; 3; 0; 46; 9; 2; 0; 68; 1;2 002; 0; 0; 2; 0; 0; 0; 0; 3; 496; 32; 0; 0; 0; 0; 0; 2; 0; 11; 1; 0; 0; 1; 0; 0; 5; 22; 32; 0; 2; 0; 2; 1; 0; 9; 11; 2; 2; 0; 0; 0; 0; 0; 0; 0; 0; 0; 6
11C1303;Felgueiras;1 628; 2; 1; 3; 0; 2; 45; 11; 0; 0; 191; 84; 3; 0; 8; 3; 98; 24; 0; 0; 1; 23; 4; 319; 0; 7; 3; 0; 2; 2; 5; 42; 0; 0; 26; 0; 39; 0; 8; 1; 0; 0; 0; 55; 0; 0; 1; 2; 1; 409; 3; 0; 0; 1; 0; 0; 0; 0; 0; 2; 0; 0; 2; 9; 11; 0; 18; 2; 145; 10
1840208;Ferreira do Alentejo; 194; 0; 0; 4; 0; 0; 3; 0; 0; 77; 0; 0; 1; 0; 2; 0; 1; 1; 1; 0; 24; 0; 10; 0; 0; 0; 0; 0; 0; 0; 0; 60; 0; 0; 0; 0; 1; 0; 0; 0; 1; 0; 0; 0; 0; 0; 0; 2; 1; 1; 0; 0; 0; 0; 0; 0; 4; 0; 0; 0; 0; 0; 0; 0; 0; 0; 0; 0; 0; 0
16I1411;Ferreira do Zêzere; 197; 0; 0; 4; 0; 0; 4; 0; 0; 1; 0; 0; 0; 2; 5; 0; 44; 2; 0; 0; 9; 0; 3; 0; 0; 0; 0; 0; 0; 0; 16; 48; 0; 0; 0; 0; 0; 0; 0; 0; 4; 0; 0; 0; 2; 0; 0; 2; 0; 1; 0; 0; 0; 3; 0; 0; 0; 0; 0; 44; 2; 0; 0; 0; 0; 0; 1; 0; 0; 0
16E0605;Figueira da Foz;1 856; 1; 12; 13; 1; 0; 170; 0; 0; 1; 13; 6; 7; 8; 12; 0; 984; 35; 0; 0; 12; 0; 13; 0; 0; 10; 1; 0; 0; 0; 130; 199; 0; 0; 1; 0; 3; 0; 2; 0; 13; 1; 6; 0; 6; 2; 0; 2; 1; 102; 0; 15; 0; 9; 0; 10; 2; 0; 3; 14; 0; 0; 0; 1; 1; 0; 0; 4; 7; 23
16J0904;Figueira de Castelo Rodrigo; 117; 0; 0; 0; 0; 0; 5; 0; 0; 0; 0; 1; 0; 0; 6; 0; 12; 15; 0; 0; 1; 0; 0; 0; 0; 50; 0; 0; 0; 1; 1; 8; 0; 0; 0; 0; 0; 0; 0; 0; 0; 0; 0; 0; 0; 0; 0; 1; 0; 7; 0; 0; 0; 0; 0; 0; 0; 0; 0; 0; 0; 0; 0; 0; 0; 0; 0; 0; 0; 9
16F1008;Figueiró dos Vinhos; 150; 0; 0; 1; 0; 0; 1; 0; 0; 0; 1; 0; 1; 0; 3; 0; 76; 5; 0; 0; 3; 0; 1; 0; 0; 1; 0; 0; 1; 0; 28; 12; 0; 0; 0; 0; 0; 0; 0; 0; 0; 0; 1; 1; 1; 0; 0; 1; 0; 3; 0; 0; 0; 0; 0; 0; 0; 0; 0; 7; 0; 0; 0; 0; 0; 0; 0; 0; 1; 1
16J0905;Fornos de Algodres; 117; 0; 0; 1; 0; 0; 5; 0; 0; 0; 1; 0; 0; 0; 0; 0; 29; 9; 0; 0; 1; 0; 0; 0; 0; 17; 0; 0; 5; 0; 2; 9; 0; 0; 0; 0; 0; 0; 0; 0; 2; 1; 0; 0; 0; 0; 0; 0; 0; 6; 0; 0; 0; 1; 0; 4; 0; 0; 0; 0; 0; 0; 0; 0; 0; 0; 0; 0; 0; 24
11D0404;Freixo de Espada à Cinta; 105; 0; 0; 1; 0; 0; 1; 0; 0; 0; 0; 17; 0; 0; 1; 0; 48; 5; 0; 0; 0; 0; 0; 0; 0; 1; 0; 0; 0; 0; 0; 4; 0; 0; 0; 0; 0; 0; 6; 0; 0; 0; 0; 1; 0; 0; 0; 0; 0; 8; 0; 0; 0; 0; 0; 0; 0; 0; 0; 0; 0; 0; 0; 0; 0; 0; 0; 0; 11; 1
1861208;Fronteira; 57; 1; 0; 3; 0; 0; 0; 0; 0; 1; 2; 0; 0; 0; 4; 0; 4; 0; 1; 0; 7; 0; 1; 0; 0; 1; 0; 0; 0; 0; 1; 13; 0; 0; 0; 0; 0; 0; 0; 0; 3; 0; 0; 0; 0; 0; 0; 13; 0; 0; 0; 1; 0; 0; 0; 0; 1; 0; 0; 0; 0; 0; 0; 0; 0; 0; 0; 0; 0; 0
3003103;Funchal;3 579; 2; 1; 63; 3; 4; 49; 5; 0; 9; 66; 11; 9; 32; 16; 0; 198; 49; 1; 0; 31; 0; 47; 0;1 471; 12; 0; 0; 1; 2; 13; 998; 0; 0; 4; 0; 3; 1; 2; 5; 48; 2; 4; 5; 1; 8; 0; 3; 2; 281; 0; 10; 0; 15; 0; 1; 19; 0; 1; 5; 0; 0; 2; 8; 2; 0; 0; 5; 31; 18
16J0504;Fundão; 892; 0; 0; 13; 0; 0; 19; 0; 0; 0; 10; 1; 6; 3; 213; 0; 64; 292; 0; 0; 12; 0; 3; 0; 0; 41; 0; 0; 24; 0; 10; 121; 0; 0; 0; 0; 0; 0; 1; 0; 4; 0; 0; 0; 1; 0; 0; 9; 0; 25; 0; 1; 0; 1; 0; 0; 2; 0; 1; 1; 0; 0; 0; 0; 1; 0; 0; 0; 0; 13
1861209;Gavião; 59; 1; 0; 6; 0; 0; 1; 0; 0; 0; 1; 0; 0; 0; 9; 0; 3; 1; 1; 0; 2; 0; 0; 0; 0; 2; 0; 0; 0; 0; 2; 19; 0; 0; 0; 0; 0; 0; 0; 0; 2; 0; 0; 0; 1; 0; 0; 5; 0; 0; 0; 0; 0; 1; 0; 0; 0; 0; 0; 2; 0; 0; 0; 0; 0; 0; 0; 0; 0; 0
16E0606;Góis; 74; 0; 1; 0; 0; 0; 3; 0; 0; 0; 0; 0; 1; 0; 1; 0; 55; 0; 0; 0; 0; 0; 0; 0; 0; 0; 0; 0; 0; 0; 1; 10; 0; 0; 0; 0; 0; 0; 0; 0; 0; 0; 0; 2; 0; 0; 0; 0; 0; 0; 0; 0; 0; 0; 0; 0; 0; 0; 0; 0; 0; 0; 0; 0; 0; 0; 0; 0; 0; 0
1851412;Golegã; 125; 1; 1; 1; 0; 0; 3; 0; 0; 0; 0; 0; 2; 2; 6; 0; 5; 6; 0; 0; 4; 0; 2; 0; 0; 0; 0; 0; 0; 0; 6; 35; 0; 0; 0; 0; 0; 0; 0; 0; 0; 0; 0; 0; 0; 0; 0; 1; 0; 3; 0; 1; 0; 17; 0; 0; 0; 0; 0; 27; 2; 0; 0; 0; 0; 0; 0; 0; 0; 0
11A1304;Gondomar;5 095; 0; 5; 6; 1; 0; 95; 14; 0; 0; 105; 10; 8; 2; 4; 1; 84; 28; 1; 0; 0; 1; 12; 12; 1; 5; 0; 0; 0; 3; 5; 165; 0; 0; 304; 0; 458; 0; 5; 0; 2; 2; 1; 100; 0; 0; 6; 2; 0;3 421; 0; 1; 2; 1; 0; 3; 1; 0; 0; 4; 0; 0; 1; 4; 68; 0; 7; 58; 67; 9
16J0906;Gouveia; 353; 0; 1; 2; 0; 0; 27; 0; 0; 0; 4; 8; 0; 0; 11; 0; 91; 31; 0; 0; 2; 0; 0; 0; 0; 47; 0; 0; 1; 1; 5; 37; 0; 0; 1; 0; 0; 0; 0; 0; 1; 0; 2; 0; 0; 1; 0; 1; 0; 19; 0; 0; 0; 0; 0; 10; 0; 0; 0; 0; 0; 0; 0; 0; 1; 0; 0; 1; 8; 40
1811505;Grândola; 292; 0; 0; 12; 0; 1; 0; 0; 0; 49; 1; 2; 4; 2; 1; 0; 6; 0; 0; 0; 30; 0; 28; 0; 0; 0; 0; 0; 0; 0; 0; 110; 0; 0; 0; 0; 0; 0; 0; 0; 2; 0; 0; 1; 1; 0; 0; 0; 1; 2; 0; 1; 0; 1; 2; 0; 35; 0; 0; 0; 0; 0; 0; 0; 0; 0; 0; 0; 0; 0
16J0907;Guarda;1 967; 1; 0; 18; 1; 0; 68; 1; 0; 0; 10; 5; 5; 6; 61; 0; 233; 324; 1; 0; 11; 0; 9; 1; 1; 717; 0; 0; 15; 0; 11; 241; 0; 0; 0; 0; 1; 0; 0; 0; 17; 0; 0; 7; 1; 1; 0; 1; 0; 87; 0; 1; 0; 2; 0; 11; 1; 0; 0; 0; 0; 0; 0; 2; 0; 0; 1; 1; 32; 61
1190308;Guimarães;5 369; 0; 8; 9; 3; 3; 81; 135; 0; 3;2 130; 140; 11; 3; 7; 9; 417; 86; 0; 0; 9; 99; 17; 144; 0; 25; 25; 0; 4; 3; 23; 130; 0; 0; 98; 0; 63; 11; 50; 0; 4; 2; 1; 36; 4; 2; 14; 2; 1; 879; 21; 0; 0; 1; 0; 5; 1; 0; 2; 7; 0; 0; 6; 110; 55; 1; 185; 6; 245; 33
2004701;Horta; 326; 1; 1; 4; 0; 8; 13; 1; 0; 0; 9; 7; 2; 0; 5; 0; 19; 3; 0; 0; 6; 0; 7; 0; 0; 3; 0; 18; 0; 0; 8; 114; 0; 0; 5; 0; 2; 0; 1; 0; 5; 1; 0; 0; 1; 49; 0; 0; 0; 19; 0; 1; 0; 2; 0; 0; 3; 0; 0; 3; 0; 0; 0; 0; 0; 0; 0; 1; 3; 1
16H0505;Idanha-a-Nova; 187; 0; 0; 3; 0; 0; 0; 0; 0; 0; 0; 2; 0; 0; 42; 0; 9; 17; 0; 0; 4; 0; 1; 0; 0; 3; 0; 0; 84; 0; 1; 18; 0; 0; 0; 0; 0; 0; 0; 0; 0; 0; 0; 0; 0; 0; 0; 2; 0; 0; 0; 0; 0; 0; 0; 0; 0; 0; 0; 0; 0; 0; 0; 0; 0; 0; 0; 0; 0; 1
16D0110;Ílhavo;1 509; 1; 64; 4; 0; 0; 680; 4; 0; 0; 22; 6; 4; 4; 8; 0; 350; 28; 0; 0; 1; 0; 2; 2; 3; 11; 0; 0; 2; 0; 8; 84; 0; 0; 2; 0; 3; 1; 1; 0; 15; 9; 1; 9; 6; 0; 0; 4; 0; 111; 0; 2; 0; 0; 0; 0; 0; 0; 0; 1; 0; 0; 0; 1; 1; 0; 2; 2; 6; 44
1500806;Lagoa (Algarve); 447; 0; 0; 16; 0; 0; 7; 0; 0; 10; 0; 1; 1; 1; 4; 0; 17; 0; 0; 0; 22; 0; 111; 0; 0; 0; 0; 0; 0; 0; 1; 112; 2; 0; 0; 0; 0; 0; 0; 0; 8; 0; 0; 0; 0; 0; 0; 3; 86; 9; 0; 1; 0; 0; 0; 0; 7; 25; 0; 0; 0; 0; 0; 0; 0; 0; 1; 0; 1; 1
2004201;Lagoa (R.A.A.); 262; 0; 0; 1; 0; 7; 0; 0; 0; 0; 1; 1; 1; 1; 1; 0; 8; 1; 0; 0; 4; 0; 1; 2; 0; 0; 0; 0; 1; 0; 1; 60; 0; 0; 0; 0; 1; 0; 0; 0; 1; 0; 0; 0; 0; 145; 0; 2; 0; 15; 0; 0; 0; 0; 0; 0; 2; 0; 0; 0; 0; 0; 0; 0; 0; 0; 0; 0; 5; 0
1500807;Lagos; 648; 0; 0; 39; 0; 0; 4; 0; 0; 12; 5; 0; 5; 2; 6; 0; 31; 6; 0; 0; 27; 0; 148; 0; 0; 0; 0; 0; 0; 0; 4; 228; 1; 0; 0; 0; 0; 0; 0; 0; 9; 1; 0; 0; 0; 0; 0; 4; 86; 11; 0; 1; 0; 0; 0; 0; 3; 11; 0; 4; 0; 0; 0; 0; 0; 0; 0; 0; 0; 0
2004801;Lajes das Flores; 21; 0; 0; 0; 0; 0; 0; 0; 0; 0; 1; 0; 0; 0; 0; 0; 1; 0; 0; 0; 1; 0; 0; 1; 0; 0; 0; 0; 0; 0; 0; 5; 0; 0; 0; 0; 0; 0; 0; 0; 0; 0; 0; 0; 0; 11; 0; 0; 0; 1; 0; 0; 0; 0; 0; 0; 0; 0; 0; 0; 0; 0; 0; 0; 0; 0; 0; 0; 0; 0
2004601;Lajes do Pico; 88; 0; 0; 0; 0; 10; 3; 0; 0; 1; 0; 1; 0; 0; 1; 0; 11; 6; 0; 0; 1; 0; 2; 0; 0; 0; 0; 0; 0; 0; 2; 26; 0; 0; 0; 0; 1; 0; 0; 0; 3; 0; 0; 0; 0; 7; 0; 0; 2; 6; 0; 1; 0; 1; 0; 0; 0; 0; 0; 1; 0; 0; 0; 0; 0; 0; 0; 0; 1; 1
11D1805;Lamego; 939; 2; 2; 4; 0; 0; 56; 3; 0; 0; 25; 37; 0; 2; 6; 1; 105; 50; 1; 0; 1; 0; 3; 2; 0; 9; 0; 0; 0; 144; 8; 56; 0; 0; 1; 0; 6; 1; 1; 0; 1; 0; 1; 3; 0; 2; 1; 1; 0; 204; 0; 0; 0; 0; 0; 0; 0; 0; 0; 1; 0; 0; 0; 0; 1; 0; 0; 1; 109; 88
16F1009;Leiria;5 576; 6; 1; 86; 2; 1; 148; 0; 0; 6; 18; 7; 93; 13; 40; 0; 711; 83; 2; 0; 76; 0; 29; 2; 0; 11; 0; 0; 1; 0;2 764;1 025; 0; 0; 1; 31; 7; 0; 5; 0; 54; 0; 1; 6; 64; 4; 0; 18; 0; 112; 0; 27; 0; 28; 0; 4; 2; 0; 5; 46; 0; 0; 0; 0; 1; 0; 0; 0; 11; 24
1701106;Lisboa;28 577; 5; 0;1 223; 156; 3; 55; 4; 25; 10; 40; 13; 69; 315; 34; 1; 157; 53; 4; 0; 147; 0; 106; 0; 7; 16; 0; 0; 3; 1; 27;24 849; 4; 0; 4; 0; 6; 0; 7; 67; 678; 2; 1; 4; 16; 8; 0; 4; 5; 180; 0; 22; 0; 62; 0; 7; 83; 0; 12; 40; 0; 0; 1; 0; 3; 0; 2; 3; 14; 19
1500808;Loulé;1 471; 0; 0; 28; 1; 0; 3; 1; 0; 20; 6; 2; 1; 5; 9; 0; 37; 12; 0; 0; 50; 0; 793; 0; 0; 0; 0; 0; 0; 0; 3; 339; 63; 0; 0; 0; 0; 0; 0; 1; 13; 1; 0; 0; 1; 0; 0; 4; 29; 24; 0; 1; 0; 0; 0; 0; 6; 12; 0; 0; 0; 0; 0; 0; 0; 0; 0; 0; 2; 4
1701107;Loures;6 239; 2; 0; 268; 15; 2; 11; 1; 7; 6; 9; 2; 19; 69; 24; 0; 45; 15; 4; 0; 34; 0; 36; 0; 0; 5; 0; 0; 3; 0; 11;5 185; 0; 0; 0; 0; 1; 0; 1; 76; 149; 1; 0; 0; 17; 2; 0; 6; 1; 17; 0; 11; 0; 57; 0; 0; 88; 1; 5; 20; 0; 0; 1; 1; 0; 0; 0; 0; 3; 8
16B1108;Lourinhã; 545; 1; 0; 30; 0; 0; 4; 0; 1; 3; 1; 2; 12; 5; 2; 0; 22; 6; 0; 0; 15; 0; 3; 0; 0; 2; 0; 0; 0; 0; 42; 291; 0; 0; 0; 0; 0; 0; 0; 0; 12; 0; 0; 0; 34; 2; 0; 3; 0; 1; 0; 5; 0; 19; 0; 0; 4; 0; 1; 3; 0; 13; 0; 0; 0; 0; 0; 0; 4; 2
16E0607;Lousã; 531; 0; 0; 1; 2; 0; 11; 0; 0; 1; 2; 0; 1; 2; 5; 0; 442; 11; 0; 0; 2; 0; 1; 0; 0; 2; 0; 0; 0; 0; 3; 31; 0; 0; 0; 0; 0; 0; 0; 0; 3; 0; 1; 0; 0; 0; 0; 0; 0; 5; 0; 0; 0; 0; 0; 0; 0; 0; 0; 1; 0; 0; 0; 0; 0; 0; 0; 0; 3; 1
11C1305;Lousada;1 105; 0; 3; 4; 0; 0; 23; 3; 0; 0; 75; 88; 2; 0; 4; 2; 59; 25; 1; 0; 2; 4; 4; 108; 0; 4; 0; 0; 0; 2; 5; 29; 0; 0; 60; 0; 35; 0; 11; 2; 1; 0; 0; 59; 1; 0; 0; 0; 0; 393; 1; 0; 0; 0; 0; 1; 0; 0; 0; 1; 0; 0; 0; 5; 5; 0; 5; 4; 67; 7
16I1413;Mação; 180; 11; 1; 8; 0; 0; 6; 0; 0; 1; 1; 0; 0; 0; 24; 0; 11; 14; 1; 0; 3; 0; 3; 0; 0; 3; 0; 0; 3; 0; 8; 31; 0; 0; 0; 0; 0; 0; 0; 0; 2; 0; 0; 0; 0; 0; 0; 6; 0; 4; 0; 4; 0; 7; 0; 0; 0; 0; 0; 24; 1; 1; 0; 0; 1; 0; 0; 0; 1; 0
11E0405;Macedo de Cavaleiros; 579; 0; 1; 3; 0; 0; 13; 2; 0; 0; 24; 240; 0; 0; 0; 2; 67; 22; 0; 0; 3; 0; 0; 0; 0; 3; 0; 0; 0; 0; 1; 28; 0; 9; 2; 0; 3; 0; 27; 0; 1; 0; 0; 3; 0; 0; 0; 1; 0; 58; 0; 0; 0; 0; 0; 0; 0; 0; 0; 0; 0; 0; 0; 2; 0; 1; 0; 1; 49; 13
3003104;Machico; 498; 1; 0; 5; 1; 1; 11; 0; 0; 4; 10; 3; 0; 0; 8; 0; 45; 15; 1; 0; 5; 0; 9; 0; 201; 1; 0; 0; 0; 0; 6; 86; 0; 0; 0; 0; 3; 0; 1; 2; 3; 2; 0; 1; 2; 3; 0; 7; 0; 47; 0; 1; 0; 5; 0; 0; 2; 1; 0; 1; 0; 0; 0; 0; 1; 0; 0; 1; 1; 1
2004602;Madalena; 117; 0; 2; 3; 0; 6; 4; 0; 0; 0; 2; 0; 1; 0; 1; 0; 12; 2; 0; 0; 2; 0; 4; 0; 0; 0; 0; 0; 0; 1; 1; 30; 0; 0; 0; 0; 2; 0; 0; 0; 2; 0; 0; 0; 0; 12; 0; 1; 0; 16; 0; 1; 0; 0; 0; 0; 3; 0; 0; 5; 0; 0; 0; 0; 0; 0; 0; 0; 4; 0
1701109;Mafra;2 060; 1; 0; 63; 6; 0; 8; 0; 1; 2; 5; 1; 15; 40; 4; 0; 21; 8; 2; 0; 22; 0; 9; 0; 0; 1; 0; 0; 0; 0; 13;1 627; 0; 0; 0; 0; 0; 0; 0; 32; 68; 0; 1; 0; 25; 1; 0; 4; 1; 6; 0; 9; 0; 21; 1; 0; 11; 0; 2; 7; 0; 15; 0; 0; 0; 0; 0; 0; 3; 4
11A1306;Maia;4 998; 0; 1; 5; 3; 0; 110; 13; 0; 1; 169; 10; 2; 4; 4; 0; 89; 28; 0; 0; 5; 0; 8; 15; 0; 3; 2; 0; 0; 0; 4; 150; 0; 0; 514; 0; 414; 3; 3; 0; 6; 1; 0; 46; 2; 1; 4; 0; 0;3 156; 0; 1; 0; 0; 0; 0; 1; 0; 2; 1; 0; 0; 1; 18; 91; 0; 21; 37; 44; 5
16G1806;Mangualde; 478; 0; 0; 5; 0; 0; 47; 0; 0; 0; 4; 0; 0; 1; 8; 0; 97; 39; 0; 0; 7; 0; 0; 0; 0; 10; 0; 0; 1; 4; 1; 42; 0; 0; 0; 0; 0; 0; 0; 0; 5; 0; 0; 0; 0; 0; 0; 0; 0; 40; 0; 0; 0; 0; 0; 3; 0; 0; 0; 1; 0; 0; 0; 0; 0; 0; 0; 0; 8; 155
16J0908;Manteigas; 106; 0; 0; 2; 0; 0; 3; 0; 0; 0; 0; 0; 0; 1; 13; 0; 7; 38; 0; 0; 6; 0; 0; 0; 0; 16; 0; 0; 0; 0; 1; 12; 0; 0; 0; 0; 0; 0; 0; 0; 1; 0; 0; 0; 0; 0; 0; 0; 0; 4; 0; 0; 0; 0; 0; 0; 0; 0; 1; 0; 0; 0; 0; 0; 0; 0; 0; 0; 1; 0
11C1307;Marco de Canaveses;1 344; 0; 2; 1; 0; 0; 54; 6; 0; 1; 68; 93; 1; 0; 3; 1; 91; 16; 0; 0; 1; 1; 1; 37; 1; 9; 0; 0; 0; 6; 6; 41; 0; 0; 31; 0; 45; 0; 11; 0; 0; 0; 0; 30; 0; 0; 11; 0; 0; 548; 0; 0; 0; 1; 0; 1; 0; 0; 0; 2; 0; 0; 1; 2; 15; 0; 0; 11; 157; 38
16F1010;Marinha Grande;1 269; 0; 2; 27; 1; 0; 50; 2; 0; 0; 5; 2; 18; 4; 12; 0; 163; 13; 0; 0; 16; 0; 7; 0; 0; 2; 0; 0; 0; 1; 558; 217; 0; 0; 1; 64; 0; 1; 2; 1; 4; 1; 1; 1; 17; 2; 0; 4; 1; 33; 0; 14; 0; 8; 0; 1; 1; 0; 1; 6; 0; 0; 0; 0; 0; 0; 0; 0; 1; 4
1861210;Marvão; 89; 0; 0; 9; 0; 0; 1; 0; 0; 0; 1; 0; 0; 0; 8; 0; 3; 1; 3; 0; 16; 0; 1; 0; 0; 0; 0; 0; 0; 0; 0; 11; 0; 0; 0; 0; 0; 0; 0; 0; 1; 0; 0; 0; 0; 0; 0; 33; 0; 0; 0; 0; 0; 0; 0; 0; 0; 0; 0; 1; 0; 0; 0; 0; 0; 0; 0; 0; 0; 0
11A1308;Matosinhos;6 265; 0; 0; 8; 3; 0; 109; 8; 0; 1; 157; 23; 7; 10; 2; 1; 60; 25; 0; 0; 7; 0; 6; 8; 1; 5; 0; 0; 0; 1; 6; 203; 0; 0; 445; 0; 535; 0; 1; 0; 5; 6; 0; 65; 1; 0; 8; 1; 0;4 269; 0; 1; 0; 2; 0; 2; 1; 0; 1; 2; 0; 0; 0; 13; 133; 0; 6; 56; 55; 6
16E0111;Mealhada; 439; 0; 11; 2; 0; 0; 43; 0; 0; 0; 1; 1; 1; 0; 5; 1; 302; 8; 0; 0; 2; 0; 1; 0; 0; 2; 0; 0; 0; 0; 6; 12; 0; 0; 1; 0; 2; 0; 0; 0; 1; 0; 0; 2; 1; 0; 0; 0; 0; 24; 0; 1; 0; 0; 0; 1; 0; 0; 1; 0; 0; 0; 0; 0; 0; 0; 0; 0; 2; 5
16J0909;Mêda; 110; 0; 1; 1; 0; 0; 1; 0; 0; 0; 0; 2; 0; 1; 1; 0; 29; 12; 0; 0; 1; 0; 0; 0; 0; 20; 0; 0; 0; 0; 0; 15; 0; 0; 0; 0; 1; 0; 1; 0; 0; 0; 0; 0; 0; 0; 0; 0; 0; 5; 0; 0; 0; 0; 0; 1; 0; 0; 0; 0; 0; 0; 0; 0; 0; 0; 0; 0; 2; 16
1111603;Melgaço; 191; 0; 0; 1; 0; 0; 5; 3; 0; 0; 30; 7; 1; 0; 1; 2; 18; 5; 0; 0; 0; 0; 0; 0; 0; 0; 0; 0; 0; 0; 0; 7; 0; 0; 1; 0; 1; 8; 0; 0; 0; 0; 1; 1; 0; 0; 5; 1; 0; 50; 0; 0; 0; 0; 0; 0; 0; 0; 0; 0; 0; 0; 9; 27; 0; 1; 1; 0; 4; 1
1840209;Mértola; 121; 1; 0; 7; 0; 0; 0; 0; 0; 38; 0; 0; 0; 0; 0; 0; 7; 1; 0; 0; 6; 0; 24; 0; 0; 1; 0; 0; 0; 0; 0; 35; 0; 0; 1; 0; 0; 0; 0; 0; 0; 0; 0; 0; 0; 0; 0; 0; 0; 0; 0; 0; 0; 0; 0; 0; 0; 0; 0; 0; 0; 0; 0; 0; 0; 0; 0; 0; 0; 0
11D1704;Mesão Frio; 86; 0; 0; 0; 0; 0; 4; 0; 0; 0; 2; 6; 0; 0; 0; 0; 3; 2; 0; 0; 0; 0; 0; 1; 0; 3; 0; 0; 1; 6; 0; 10; 0; 0; 1; 0; 1; 0; 0; 0; 0; 0; 0; 1; 0; 0; 0; 0; 0; 28; 0; 0; 0; 0; 0; 0; 0; 0; 0; 0; 0; 0; 0; 0; 0; 0; 0; 1; 11; 5
16E0608;Mira; 396; 0; 11; 0; 0; 0; 86; 0; 0; 0; 4; 3; 1; 1; 4; 0; 201; 5; 0; 0; 1; 0; 0; 0; 0; 2; 0; 0; 0; 0; 8; 17; 0; 0; 2; 0; 3; 0; 0; 0; 0; 2; 0; 5; 2; 0; 0; 3; 0; 16; 0; 2; 0; 0; 0; 1; 0; 0; 0; 1; 0; 0; 0; 0; 0; 0; 1; 1; 1; 12
16E0609;Miranda do Corvo; 413; 0; 0; 1; 0; 0; 6; 0; 0; 0; 1; 0; 0; 0; 2; 0; 367; 3; 1; 0; 0; 0; 0; 0; 0; 1; 0; 0; 0; 0; 2; 11; 0; 0; 0; 0; 0; 0; 0; 0; 0; 0; 1; 0; 0; 0; 0; 0; 0; 9; 0; 1; 0; 0; 0; 0; 0; 0; 0; 0; 0; 0; 0; 0; 1; 0; 0; 0; 1; 5
11E0406;Miranda do Douro; 198; 0; 0; 1; 0; 0; 5; 0; 0; 0; 7; 54; 0; 0; 1; 0; 22; 10; 0; 0; 1; 0; 1; 0; 0; 3; 0; 0; 0; 0; 1; 19; 0; 0; 2; 0; 0; 0; 7; 0; 1; 0; 1; 6; 0; 0; 0; 0; 0; 39; 0; 0; 0; 0; 0; 0; 0; 0; 0; 0; 0; 0; 0; 0; 1; 1; 0; 0; 15; 0
11E0407;Mirandela; 863; 0; 0; 2; 0; 0; 13; 0; 0; 0; 31; 174; 0; 0; 11; 3; 123; 28; 0; 0; 7; 0; 4; 0; 0; 7; 0; 0; 0; 2; 3; 44; 0; 4; 0; 0; 11; 0; 141; 0; 1; 0; 0; 6; 0; 0; 0; 0; 0; 136; 0; 0; 0; 0; 0; 0; 0; 0; 0; 0; 0; 0; 0; 0; 0; 2; 1; 1; 104; 4
11E0408;Mogadouro; 298; 1; 0; 1; 0; 0; 1; 0; 0; 0; 7; 160; 0; 0; 2; 1; 25; 3; 0; 0; 0; 0; 2; 0; 0; 0; 0; 0; 0; 0; 1; 6; 0; 0; 4; 0; 1; 0; 13; 0; 2; 0; 0; 2; 0; 0; 0; 0; 0; 31; 0; 0; 0; 0; 0; 0; 0; 0; 0; 0; 0; 0; 0; 1; 1; 0; 1; 3; 28; 1
11D1807;Moimenta da Beira; 268; 0; 0; 2; 0; 0; 19; 0; 0; 0; 7; 1; 0; 0; 4; 0; 65; 18; 0; 0; 3; 0; 1; 0; 0; 11; 0; 0; 0; 8; 3; 14; 0; 0; 0; 0; 2; 1; 1; 0; 0; 1; 0; 0; 1; 1; 0; 0; 0; 21; 0; 1; 0; 0; 0; 0; 0; 0; 0; 1; 0; 0; 0; 0; 0; 0; 0; 0; 11; 71
1701506;Moita;1 617; 0; 0; 117; 2; 0; 1; 0; 69; 5; 0; 4; 5; 13; 3; 0; 12; 6; 1; 0; 20; 0; 13; 1; 1; 2; 0; 0; 1; 0; 0; 848; 0; 0; 0; 0; 1; 0; 0; 5; 36; 0; 1; 0; 3; 0; 0; 4; 2; 7; 0; 0; 0; 4; 0; 0; 427; 0; 1; 1; 0; 0; 0; 0; 1; 0; 0; 0; 0; 0
1111604;Monção; 478; 0; 3; 4; 0; 0; 24; 4; 0; 0; 70; 19; 1; 1; 0; 0; 31; 4; 0; 0; 0; 0; 0; 3; 0; 1; 0; 0; 0; 1; 8; 15; 0; 0; 11; 0; 5; 4; 0; 0; 2; 0; 0; 5; 0; 0; 15; 0; 0; 119; 2; 0; 0; 0; 0; 0; 1; 0; 0; 1; 0; 0; 45; 48; 0; 1; 1; 1; 27; 1
1500809;Monchique; 128; 0; 0; 10; 0; 0; 2; 0; 0; 8; 0; 0; 0; 0; 1; 0; 4; 0; 0; 0; 5; 0; 38; 0; 0; 0; 0; 0; 0; 0; 0; 40; 0; 0; 0; 0; 0; 0; 0; 0; 1; 0; 0; 0; 0; 0; 0; 1; 12; 2; 0; 2; 0; 0; 0; 0; 0; 2; 0; 0; 0; 0; 0; 0; 0; 0; 0; 0; 0; 0
1191705;Mondim de Basto; 183; 0; 0; 0; 0; 0; 5; 0; 0; 0; 15; 26; 0; 1; 1; 2; 15; 2; 0; 0; 2; 1; 1; 11; 0; 1; 0; 0; 1; 1; 3; 4; 0; 0; 4; 0; 2; 0; 5; 0; 0; 0; 1; 0; 0; 0; 0; 0; 0; 29; 2; 0; 0; 0; 0; 0; 0; 0; 0; 0; 0; 0; 0; 1; 0; 0; 0; 0; 47; 0
1861211;Monforte; 68; 0; 0; 4; 0; 0; 0; 0; 0; 4; 1; 0; 0; 1; 2; 0; 0; 0; 1; 0; 14; 0; 2; 0; 0; 0; 0; 0; 0; 0; 0; 12; 0; 0; 0; 0; 0; 0; 0; 1; 0; 0; 0; 0; 0; 0; 0; 24; 0; 0; 0; 0; 0; 0; 0; 0; 0; 0; 0; 0; 0; 0; 0; 0; 0; 0; 0; 0; 1; 1
11B1706;Montalegre; 209; 0; 0; 1; 0; 0; 3; 10; 0; 0; 53; 10; 0; 0; 0; 2; 18; 6; 0; 0; 0; 0; 1; 1; 0; 5; 0; 0; 1; 0; 1; 11; 0; 0; 3; 0; 0; 0; 5; 0; 0; 0; 0; 1; 0; 0; 1; 0; 0; 42; 0; 1; 0; 0; 0; 0; 0; 0; 0; 0; 0; 0; 0; 6; 1; 1; 2; 0; 23; 0
1870706;Montemor-o-Novo; 365; 0; 0; 7; 0; 0; 2; 0; 2; 13; 0; 0; 0; 0; 6; 0; 9; 0; 5; 0; 155; 0; 14; 0; 0; 0; 0; 0; 0; 0; 0; 122; 0; 0; 0; 0; 1; 0; 0; 0; 1; 0; 0; 0; 0; 0; 0; 3; 0; 3; 0; 3; 0; 3; 0; 0; 12; 0; 0; 2; 0; 0; 0; 0; 0; 0; 0; 0; 2; 0
16E0610;Montemor-o-Velho; 780; 0; 1; 1; 0; 0; 25; 0; 0; 1; 2; 1; 3; 0; 8; 0; 614; 13; 0; 0; 1; 0; 1; 0; 1; 4; 0; 0; 0; 0; 17; 33; 0; 0; 1; 0; 0; 0; 0; 0; 2; 1; 7; 0; 3; 0; 0; 1; 0; 16; 0; 3; 0; 1; 0; 0; 1; 0; 0; 5; 0; 0; 0; 0; 1; 0; 0; 0; 5; 7
1701507;Montijo;1 232; 1; 0; 97; 1; 0; 3; 1; 6; 6; 2; 1; 1; 10; 2; 0; 7; 6; 0; 0; 38; 0; 7; 0; 0; 0; 0; 0; 0; 0; 5; 755; 0; 0; 1; 0; 0; 0; 0; 5; 32; 0; 0; 0; 1; 0; 0; 2; 1; 7; 0; 4; 0; 7; 0; 0; 216; 0; 3; 1; 0; 0; 0; 0; 0; 0; 0; 1; 1; 1
1870707;Mora; 83; 0; 0; 1; 1; 0; 3; 0; 0; 3; 0; 0; 0; 0; 2; 0; 5; 0; 0; 0; 30; 0; 2; 0; 0; 0; 0; 0; 1; 0; 2; 30; 0; 0; 0; 0; 0; 0; 0; 0; 0; 0; 0; 0; 0; 0; 0; 2; 0; 0; 0; 0; 0; 1; 0; 0; 0; 0; 0; 0; 0; 0; 0; 0; 0; 0; 0; 0; 0; 0
16E1808;Mortágua; 226; 0; 0; 2; 0; 0; 20; 0; 0; 0; 1; 2; 1; 0; 0; 0; 109; 7; 0; 0; 3; 0; 0; 0; 0; 3; 0; 0; 0; 0; 4; 19; 0; 0; 0; 0; 0; 0; 0; 0; 0; 1; 3; 0; 0; 0; 1; 0; 0; 17; 0; 1; 0; 0; 0; 0; 1; 0; 0; 1; 0; 0; 0; 0; 0; 0; 0; 0; 6; 24
1840210;Moura; 367; 0; 0; 13; 0; 0; 1; 0; 0; 105; 0; 2; 0; 3; 0; 0; 6; 1; 3; 0; 74; 0; 44; 0; 0; 2; 0; 0; 0; 0; 1; 86; 1; 0; 0; 0; 0; 0; 0; 1; 4; 0; 0; 0; 0; 0; 0; 3; 0; 1; 0; 1; 0; 3; 0; 1; 10; 0; 0; 0; 0; 0; 0; 0; 0; 0; 0; 0; 0; 1
1870708;Mourão; 50; 0; 0; 2; 0; 0; 0; 0; 0; 11; 0; 0; 0; 0; 1; 0; 1; 0; 0; 0; 23; 0; 2; 0; 0; 0; 0; 0; 0; 0; 0; 9; 0; 0; 0; 0; 0; 0; 0; 0; 0; 0; 0; 0; 0; 0; 0; 0; 0; 0; 0; 0; 0; 0; 0; 0; 1; 0; 0; 0; 0; 0; 0; 0; 0; 0; 0; 0; 0; 0
11D1707;Murça; 178; 1; 0; 1; 0; 0; 1; 0; 0; 0; 9; 41; 0; 0; 6; 1; 17; 7; 0; 0; 0; 0; 0; 1; 0; 0; 0; 0; 0; 1; 1; 8; 0; 0; 0; 0; 0; 0; 9; 1; 0; 0; 0; 1; 0; 0; 0; 0; 0; 17; 0; 0; 0; 0; 0; 0; 0; 0; 0; 0; 0; 0; 0; 0; 0; 0; 0; 0; 53; 2
16D0112;Murtosa; 201; 0; 2; 0; 0; 0; 78; 0; 0; 0; 3; 3; 1; 0; 2; 0; 25; 8; 0; 0; 1; 0; 1; 0; 0; 7; 0; 0; 0; 0; 2; 11; 0; 0; 0; 0; 0; 0; 0; 0; 1; 1; 0; 1; 1; 0; 1; 0; 0; 34; 0; 0; 5; 0; 0; 1; 0; 0; 0; 0; 0; 0; 0; 0; 0; 0; 1; 1; 3; 7
16B1011;Nazaré; 396; 1; 0; 8; 0; 0; 12; 1; 0; 1; 3; 1; 7; 6; 7; 0; 66; 12; 1; 0; 5; 0; 8; 0; 0; 2; 0; 1; 1; 0; 111; 86; 0; 0; 0; 5; 0; 0; 1; 0; 9; 0; 0; 0; 9; 0; 0; 1; 0; 13; 0; 5; 0; 7; 0; 0; 0; 0; 0; 2; 1; 0; 0; 0; 0; 0; 0; 0; 1; 2
16G1809;Nelas; 376; 0; 0; 3; 0; 0; 19; 0; 0; 0; 5; 3; 0; 0; 2; 0; 113; 18; 0; 0; 0; 0; 2; 0; 0; 11; 0; 0; 1; 0; 6; 44; 0; 0; 0; 0; 1; 0; 1; 0; 2; 0; 1; 1; 0; 0; 0; 0; 0; 18; 0; 0; 0; 0; 0; 3; 0; 0; 0; 1; 0; 0; 0; 1; 0; 0; 0; 0; 3; 117
1861212;Nisa; 155; 1; 0; 6; 0; 0; 1; 0; 0; 2; 0; 1; 0; 1; 31; 0; 8; 7; 0; 0; 20; 0; 2; 0; 0; 2; 0; 0; 0; 0; 1; 36; 0; 0; 0; 0; 0; 0; 0; 0; 3; 0; 0; 0; 1; 0; 0; 32; 0; 0; 0; 0; 0; 0; 0; 0; 0; 0; 0; 0; 0; 0; 0; 0; 0; 0; 0; 0; 0; 0
2004202;Nordeste; 82; 0; 0; 0; 0; 2; 0; 0; 0; 0; 1; 2; 0; 0; 0; 0; 5; 0; 0; 0; 0; 0; 7; 0; 0; 0; 0; 0; 0; 0; 0; 16; 0; 0; 0; 0; 0; 0; 0; 0; 0; 0; 0; 0; 0; 40; 0; 1; 1; 5; 0; 0; 0; 0; 0; 0; 0; 0; 0; 0; 0; 0; 0; 0; 0; 0; 0; 0; 1; 1
16B1012;Óbidos; 286; 1; 0; 12; 1; 0; 5; 0; 0; 1; 1; 2; 22; 1; 1; 0; 19; 4; 1; 0; 3; 0; 2; 0; 0; 0; 0; 0; 0; 0; 53; 122; 0; 0; 0; 0; 0; 0; 0; 0; 5; 0; 0; 0; 14; 0; 0; 0; 0; 3; 0; 1; 0; 7; 0; 0; 0; 0; 0; 3; 0; 2; 0; 0; 0; 0; 0; 0; 0; 0
1810211;Odemira; 463; 0; 0; 23; 0; 0; 6; 0; 0; 86; 1; 0; 1; 4; 3; 0; 9; 6; 0; 0; 21; 0; 85; 0; 0; 0; 0; 0; 0; 0; 1; 158; 0; 0; 4; 0; 0; 0; 0; 3; 17; 1; 0; 0; 0; 1; 0; 1; 6; 8; 0; 5; 0; 1; 2; 0; 6; 1; 0; 2; 0; 0; 0; 0; 0; 0; 0; 0; 0; 1
1701116;Odivelas;4 017; 0; 0; 224; 6; 0; 9; 0; 6; 0; 5; 2; 16; 52; 0; 2; 17; 7; 4; 0; 15; 0; 2; 0; 1; 3; 0; 0; 0; 0; 8;3 362; 0; 0; 5; 0; 1; 0; 2; 126; 106; 0; 1; 0; 8; 0; 0; 2; 0; 17; 0; 0; 0; 0; 0; 0; 0; 0; 2; 0; 0; 1; 0; 0; 0; 0; 0; 1; 3; 1
1701110;Oeiras;6 865; 1; 0; 450; 22; 2; 16; 2; 6; 4; 9; 1; 28; 196; 8; 0; 30; 15; 1; 0; 41; 0; 16; 0; 2; 3; 0; 0; 2; 0; 6;5 285; 0; 0; 1; 1; 0; 0; 0; 24; 601; 0; 0; 0; 5; 3; 0; 6; 1; 26; 0; 4; 0; 7; 0; 0; 14; 0; 5; 7; 0; 0; 0; 1; 0; 0; 0; 0; 1; 12
16H0506;Oleiros; 107; 0; 0; 2; 0; 0; 4; 0; 0; 0; 2; 1; 0; 0; 31; 0; 25; 10; 0; 0; 0; 0; 1; 0; 0; 2; 0; 0; 2; 0; 1; 17; 0; 0; 1; 1; 0; 0; 0; 0; 2; 0; 0; 0; 0; 0; 0; 1; 0; 2; 0; 0; 0; 1; 0; 0; 0; 0; 0; 1; 0; 0; 0; 0; 0; 0; 0; 0; 0; 0
1500810;Olhão; 968; 1; 0; 14; 0; 0; 3; 0; 0; 14; 0; 0; 6; 1; 3; 0; 21; 8; 0; 0; 14; 0; 665; 0; 1; 2; 0; 0; 0; 0; 2; 148; 12; 0; 1; 0; 0; 0; 2; 0; 4; 0; 1; 0; 0; 0; 0; 1; 16; 8; 0; 1; 0; 3; 0; 0; 5; 6; 0; 2; 0; 0; 0; 0; 0; 0; 0; 0; 0; 3
11A0113;Oliveira de Azeméis;1 758; 1; 9; 4; 2; 1; 302; 2; 0; 1; 31; 12; 5; 2; 11; 0; 282; 50; 0; 0; 8; 0; 4; 4; 0; 8; 0; 0; 0; 1; 16; 98; 0; 0; 19; 0; 37; 2; 4; 0; 0; 88; 5; 9; 4; 0; 2; 2; 0; 521; 0; 2; 86; 2; 0; 1; 1; 0; 0; 4; 0; 0; 1; 5; 7; 0; 1; 15; 32; 54
16G1810;Oliveira de Frades; 272; 0; 5; 0; 0; 0; 59; 0; 0; 0; 4; 3; 0; 1; 0; 0; 83; 12; 0; 0; 1; 0; 1; 0; 0; 1; 0; 0; 0; 1; 2; 18; 0; 0; 0; 0; 3; 0; 0; 0; 2; 0; 0; 2; 0; 0; 0; 2; 0; 22; 0; 0; 0; 0; 0; 0; 0; 0; 0; 1; 0; 0; 0; 0; 0; 0; 0; 0; 3; 46
16D0114;Oliveira do Bairro; 694; 0; 47; 2; 0; 0; 222; 2; 0; 0; 3; 2; 0; 0; 3; 0; 222; 17; 0; 0; 4; 0; 3; 0; 0; 6; 0; 0; 1; 0; 13; 42; 0; 0; 4; 0; 1; 0; 0; 0; 0; 4; 0; 2; 1; 0; 0; 1; 0; 45; 0; 0; 2; 2; 0; 4; 0; 0; 0; 2; 0; 0; 0; 0; 1; 0; 0; 1; 3; 32
16E0611;Oliveira do Hospital; 566; 0; 0; 4; 0; 0; 18; 0; 0; 0; 5; 3; 0; 1; 7; 0; 281; 24; 0; 0; 3; 0; 0; 0; 0; 18; 0; 0; 0; 0; 6; 42; 0; 0; 0; 0; 1; 0; 0; 0; 4; 0; 75; 1; 0; 0; 0; 0; 0; 16; 0; 1; 0; 1; 0; 9; 0; 0; 0; 4; 0; 0; 0; 0; 0; 0; 0; 0; 4; 38
16I1421;Ourém;1 588; 1; 2; 46; 1; 0; 54; 1; 0; 5; 7; 2; 29; 5; 37; 0; 254; 39; 0; 0; 34; 0; 2; 0; 1; 4; 0; 0; 0; 0; 449; 393; 0; 0; 0; 1; 1; 0; 1; 0; 29; 0; 1; 0; 18; 0; 0; 11; 0; 33; 0; 7; 0; 19; 0; 0; 3; 1; 1; 81; 2; 0; 0; 0; 0; 0; 0; 0; 6; 7
1840212;Ourique; 90; 0; 0; 3; 0; 0; 0; 0; 0; 19; 0; 0; 0; 1; 0; 0; 2; 0; 0; 0; 11; 0; 12; 0; 0; 0; 0; 0; 0; 0; 0; 31; 0; 0; 0; 0; 0; 0; 0; 0; 0; 0; 0; 0; 0; 0; 0; 2; 3; 3; 0; 0; 0; 1; 0; 0; 0; 2; 0; 0; 0; 0; 0; 0; 0; 0; 0; 0; 0; 0
16D0115;Ovar;1 659; 0; 18; 3; 0; 0; 422; 3; 0; 3; 26; 10; 1; 2; 12; 0; 116; 39; 0; 4; 6; 0; 6; 0; 0; 10; 0; 0; 0; 1; 8; 56; 0; 0; 19; 0; 38; 0; 1; 0; 2; 29; 1; 9; 0; 0; 2; 2; 0; 654; 0; 1; 55; 0; 0; 1; 0; 0; 2; 5; 0; 0; 0; 0; 7; 0; 0; 34; 19; 32
11C1309;Paços de Ferreira;1 342; 0; 3; 2; 0; 0; 40; 14; 0; 0; 129; 68; 2; 0; 3; 3; 65; 33; 0; 0; 1; 0; 3; 59; 0; 5; 0; 0; 0; 2; 4; 49; 0; 0; 83; 0; 65; 2; 8; 0; 2; 1; 2; 52; 1; 0; 1; 0; 0; 540; 1; 0; 0; 2; 0; 4; 0; 0; 0; 2; 0; 0; 1; 2; 17; 0; 9; 2; 50; 10
1701508;Palmela;1 800; 0; 0; 205; 3; 1; 3; 0; 32; 5; 2; 2; 5; 16; 3; 0; 13; 8; 3; 0; 70; 0; 13; 0; 0; 0; 0; 0; 1; 0; 3; 862; 0; 0; 0; 0; 0; 0; 0; 1; 30; 0; 0; 0; 2; 1; 0; 4; 0; 12; 0; 6; 0; 4; 0; 0; 479; 2; 2; 5; 0; 0; 0; 0; 0; 0; 0; 0; 2; 0
16E0612;Pampilhosa da Serra; 55; 0; 0; 0; 0; 0; 2; 0; 0; 0; 0; 0; 0; 1; 10; 0; 19; 10; 0; 0; 0; 0; 0; 0; 0; 3; 0; 0; 1; 0; 0; 4; 0; 0; 0; 0; 0; 0; 0; 0; 0; 0; 0; 1; 0; 0; 0; 0; 0; 1; 0; 0; 0; 0; 0; 0; 3; 0; 0; 0; 0; 0; 0; 0; 0; 0; 0; 0; 0; 0
11A1310;Paredes;2 000; 1; 0; 2; 0; 0; 53; 6; 0; 1; 64; 54; 2; 1; 3; 2; 80; 16; 0; 0; 1; 1; 2; 72; 0; 8; 1; 0; 0; 3; 1; 70; 0; 0; 81; 0; 146; 0; 12; 0; 1; 0; 0; 162; 2; 2; 1; 1; 1;1 003; 0; 0; 0; 0; 0; 2; 0; 0; 2; 0; 0; 0; 3; 5; 17; 0; 2; 12; 91; 10
1111605;Paredes de Coura; 176; 0; 0; 1; 0; 0; 2; 8; 0; 0; 33; 4; 0; 0; 0; 1; 8; 3; 0; 0; 0; 0; 1; 0; 0; 0; 0; 0; 0; 0; 0; 15; 0; 0; 0; 0; 0; 2; 1; 0; 2; 0; 1; 0; 0; 0; 10; 0; 0; 28; 0; 0; 0; 0; 0; 0; 0; 0; 0; 0; 0; 0; 14; 32; 1; 0; 1; 0; 8; 0
16F1013;Pedrógão Grande; 81; 0; 0; 2; 0; 0; 2; 0; 0; 0; 1; 0; 1; 0; 5; 0; 25; 2; 0; 0; 0; 0; 0; 0; 0; 1; 0; 0; 0; 0; 21; 12; 0; 0; 0; 0; 0; 0; 0; 0; 0; 0; 0; 0; 0; 0; 0; 0; 0; 0; 0; 0; 0; 0; 0; 1; 0; 0; 0; 7; 0; 0; 0; 0; 0; 0; 0; 0; 0; 1
16E0613;Penacova; 402; 0; 1; 0; 1; 0; 6; 0; 0; 0; 2; 0; 0; 0; 2; 0; 348; 2; 0; 0; 1; 0; 2; 0; 0; 1; 0; 0; 0; 0; 3; 10; 0; 0; 0; 0; 0; 0; 0; 0; 0; 1; 2; 0; 0; 0; 0; 0; 0; 9; 0; 1; 0; 0; 0; 0; 0; 0; 0; 1; 0; 0; 0; 0; 0; 0; 0; 0; 2; 7
11C1311;Penafiel;1 959; 0; 1; 1; 1; 1; 54; 8; 0; 1; 72; 99; 1; 0; 3; 5; 96; 30; 0; 0; 0; 0; 3; 77; 0; 8; 1; 0; 1; 2; 3; 67; 0; 0; 71; 0; 90; 0; 32; 1; 0; 2; 1; 112; 1; 0; 7; 0; 0; 942; 0; 0; 0; 0; 0; 1; 2; 0; 2; 0; 0; 0; 3; 5; 15; 0; 4; 15; 97; 21
16G1811;Penalva do Castelo; 159; 0; 0; 1; 0; 0; 19; 0; 0; 0; 2; 1; 0; 0; 2; 0; 20; 16; 0; 0; 0; 0; 1; 0; 0; 12; 0; 0; 0; 1; 2; 5; 0; 0; 0; 0; 0; 0; 0; 0; 0; 0; 0; 0; 0; 0; 0; 0; 0; 9; 0; 0; 0; 0; 0; 0; 1; 0; 0; 0; 0; 0; 0; 0; 0; 0; 0; 0; 9; 58
16H0507;Penamacor; 96; 2; 0; 0; 0; 0; 2; 0; 0; 0; 0; 1; 0; 0; 31; 1; 2; 20; 0; 0; 0; 0; 2; 0; 0; 11; 0; 0; 6; 0; 0; 7; 0; 0; 0; 0; 0; 0; 0; 0; 0; 0; 0; 0; 1; 0; 0; 2; 1; 1; 0; 1; 0; 0; 0; 2; 0; 0; 0; 0; 0; 0; 0; 0; 0; 0; 0; 0; 1; 2
11D1812;Penedono; 61; 0; 0; 0; 0; 0; 1; 0; 0; 0; 0; 3; 0; 0; 0; 0; 15; 0; 0; 0; 0; 0; 0; 1; 0; 4; 0; 0; 0; 2; 2; 7; 0; 0; 0; 0; 0; 0; 0; 0; 0; 0; 0; 0; 0; 0; 0; 0; 0; 5; 0; 0; 0; 0; 0; 0; 0; 0; 0; 0; 0; 0; 0; 0; 0; 0; 0; 0; 1; 20
16E0614;Penela; 167; 0; 0; 0; 0; 0; 4; 0; 0; 0; 0; 0; 0; 0; 3; 0; 132; 0; 0; 0; 1; 0; 0; 0; 0; 1; 0; 0; 0; 0; 11; 6; 0; 0; 1; 0; 0; 0; 0; 0; 0; 0; 0; 1; 0; 0; 0; 0; 0; 4; 0; 0; 0; 1; 0; 0; 0; 0; 0; 2; 0; 0; 0; 0; 0; 0; 0; 0; 0; 0
16B1014;Peniche; 771; 1; 0; 20; 0; 0; 14; 0; 0; 1; 2; 0; 23; 4; 2; 0; 48; 13; 0; 0; 9; 0; 8; 0; 0; 0; 0; 0; 1; 0; 148; 232; 0; 0; 1; 0; 1; 0; 0; 1; 13; 0; 1; 0; 188; 0; 0; 0; 0; 2; 0; 8; 0; 21; 0; 0; 2; 0; 1; 1; 0; 2; 0; 0; 0; 0; 0; 0; 0; 3
11D1708;Peso da Régua; 491; 1; 1; 1; 0; 0; 9; 0; 0; 0; 16; 63; 0; 0; 5; 3; 49; 12; 0; 0; 0; 0; 0; 3; 0; 1; 0; 0; 0; 21; 4; 25; 0; 0; 4; 0; 3; 0; 11; 0; 0; 1; 3; 8; 0; 1; 1; 0; 0; 98; 0; 0; 0; 0; 0; 2; 0; 0; 0; 0; 0; 0; 0; 1; 0; 0; 0; 0; 128; 16
16J0910;Pinhel; 262; 0; 2; 6; 0; 0; 15; 0; 0; 0; 4; 2; 0; 0; 16; 0; 26; 57; 1; 0; 1; 0; 2; 0; 0; 61; 0; 0; 2; 1; 5; 28; 0; 0; 1; 0; 1; 0; 1; 0; 1; 0; 1; 1; 0; 0; 0; 1; 0; 7; 0; 1; 0; 1; 0; 0; 0; 0; 0; 3; 0; 0; 0; 0; 0; 0; 0; 0; 4; 10
16F1015;Pombal;1 599; 2; 0; 24; 0; 0; 90; 0; 0; 0; 6; 0; 16; 5; 35; 0; 549; 49; 1; 0; 16; 0; 15; 0; 0; 0; 0; 0; 2; 0; 461; 182; 0; 0; 2; 4; 2; 0; 0; 0; 8; 0; 3; 5; 19; 0; 0; 8; 0; 50; 0; 4; 0; 4; 0; 1; 0; 0; 2; 21; 0; 0; 0; 1; 0; 0; 0; 0; 7; 5
2004203;Ponta Delgada;2 298; 0; 1; 34; 1; 44; 14; 1; 0; 4; 27; 9; 5; 11; 10; 0; 129; 11; 1; 0; 13; 0; 11; 0; 2; 6; 0; 1; 1; 0; 6; 470; 0; 0; 117; 0; 1; 1; 3; 0; 22; 0; 4; 0; 1;1 181; 5; 4; 1; 116; 2; 2; 0; 3; 0; 1; 3; 0; 0; 2; 0; 0; 0; 6; 0; 0; 0; 0; 4; 7
3003105;Ponta do Sol; 178; 1; 0; 3; 1; 0; 8; 0; 0; 0; 1; 1; 0; 0; 4; 0; 19; 3; 0; 0; 2; 0; 0; 0; 77; 1; 0; 0; 0; 0; 1; 26; 0; 0; 0; 0; 0; 0; 0; 0; 1; 0; 0; 0; 0; 1; 0; 0; 1; 18; 0; 1; 0; 1; 0; 0; 1; 0; 0; 3; 0; 0; 0; 0; 0; 0; 0; 0; 3; 0
1111606;Ponte da Barca; 282; 0; 0; 0; 0; 0; 15; 9; 0; 1; 111; 8; 0; 0; 1; 0; 18; 2; 0; 0; 0; 0; 0; 0; 0; 0; 0; 0; 0; 0; 4; 8; 0; 0; 0; 0; 1; 2; 2; 0; 0; 0; 0; 1; 0; 0; 16; 0; 0; 33; 0; 0; 0; 0; 0; 0; 0; 0; 0; 0; 0; 0; 4; 43; 0; 0; 0; 0; 3; 0
1111607;Ponte de Lima;1 239; 0; 2; 6; 0; 0; 61; 37; 0; 1; 282; 23; 0; 3; 3; 3; 57; 37; 0; 0; 3; 0; 1; 2; 1; 1; 0; 0; 0; 0; 6; 54; 0; 0; 5; 0; 11; 4; 1; 0; 0; 1; 0; 2; 1; 0; 69; 1; 0; 247; 0; 0; 0; 1; 0; 1; 1; 0; 0; 2; 0; 0; 11; 221; 6; 13; 5; 2; 47; 4
1861213;Ponte de Sor; 416; 8; 0; 13; 0; 0; 5; 0; 0; 3; 1; 0; 2; 4; 26; 0; 45; 13; 3; 0; 39; 0; 11; 0; 0; 0; 0; 0; 4; 0; 6; 131; 0; 0; 1; 0; 0; 0; 0; 0; 5; 0; 1; 0; 2; 1; 0; 62; 0; 2; 0; 2; 0; 12; 0; 0; 4; 0; 0; 7; 1; 0; 0; 0; 0; 0; 0; 0; 1; 1
1861214;Portalegre; 933; 1; 0; 38; 1; 0; 7; 0; 0; 4; 0; 0; 1; 2; 35; 0; 40; 28; 16; 0; 84; 0; 11; 0; 0; 1; 0; 0; 0; 0; 4; 213; 0; 0; 0; 0; 0; 0; 0; 2; 5; 0; 1; 0; 1; 0; 0; 408; 0; 14; 0; 0; 0; 3; 0; 0; 5; 0; 0; 2; 0; 0; 0; 0; 0; 0; 0; 0; 4; 2
1870709;Portel; 134; 0; 0; 3; 0; 0; 0; 0; 0; 29; 0; 0; 0; 0; 2; 0; 2; 2; 0; 0; 60; 0; 10; 0; 0; 0; 0; 0; 0; 0; 0; 19; 0; 0; 0; 0; 0; 0; 0; 1; 1; 0; 0; 0; 0; 0; 0; 2; 0; 0; 0; 0; 0; 1; 0; 0; 0; 0; 0; 0; 0; 0; 0; 0; 0; 0; 0; 0; 2; 0
1500811;Portimão;1 377; 0; 0; 42; 2; 2; 15; 0; 0; 48; 9; 5; 3; 2; 5; 0; 51; 14; 2; 0; 68; 0; 304; 0; 1; 0; 0; 0; 0; 0; 7; 373; 5; 0; 2; 0; 2; 0; 0; 0; 13; 0; 1; 2; 1; 1; 0; 11; 294; 21; 0; 5; 0; 2; 0; 0; 15; 44; 1; 1; 0; 0; 0; 0; 0; 0; 0; 0; 1; 2
11A1312;Porto;14 062; 2; 6; 11; 16; 2; 179; 20; 0; 1; 312; 31; 7; 10; 8; 2; 205; 37; 1; 2; 11; 2; 28; 10; 2; 12; 2; 0; 0; 1; 7; 522; 0; 0; 471; 0; 624; 0; 9; 0; 9; 8; 1; 78; 3; 2; 46; 2; 0;10 972; 6; 0; 3; 2; 0; 4; 0; 0; 2; 1; 0; 0; 1; 13; 130; 1; 18; 101; 86; 20
16F1016;Porto de Mós; 708; 0; 1; 12; 0; 1; 25; 0; 0; 4; 5; 1; 13; 1; 7; 0; 112; 8; 1; 0; 12; 0; 6; 0; 0; 4; 0; 0; 1; 0; 293; 132; 0; 0; 0; 1; 0; 0; 1; 0; 8; 0; 0; 1; 12; 0; 0; 3; 0; 10; 0; 3; 0; 13; 1; 1; 1; 0; 0; 12; 0; 0; 0; 0; 1; 0; 0; 0; 0; 1
3003106;Porto Moniz; 80; 0; 0; 1; 0; 0; 0; 0; 0; 0; 3; 3; 0; 0; 2; 0; 4; 2; 0; 0; 0; 0; 1; 0; 25; 0; 0; 0; 0; 0; 3; 23; 0; 0; 0; 0; 0; 0; 0; 0; 0; 0; 0; 1; 0; 0; 0; 0; 0; 8; 0; 0; 0; 0; 0; 0; 2; 0; 0; 0; 0; 0; 0; 0; 0; 0; 0; 0; 1; 1
3003201;Porto Santo; 97; 0; 0; 4; 0; 0; 0; 0; 0; 0; 0; 2; 0; 1; 0; 0; 11; 0; 0; 0; 3; 0; 1; 0; 27; 0; 0; 0; 0; 0; 1; 32; 0; 0; 0; 0; 0; 0; 0; 0; 1; 0; 0; 0; 0; 0; 0; 3; 1; 6; 0; 0; 0; 0; 0; 0; 0; 0; 0; 2; 0; 0; 0; 0; 0; 0; 0; 0; 2; 0
1190309;Póvoa de Lanhoso; 864; 0; 0; 2; 1; 0; 15; 36; 0; 1; 335; 18; 2; 0; 0; 1; 255; 6; 0; 0; 2; 7; 3; 2; 0; 2; 0; 0; 0; 0; 4; 20; 0; 0; 2; 0; 4; 0; 2; 0; 0; 0; 0; 10; 1; 0; 4; 1; 0; 56; 4; 0; 0; 1; 0; 0; 1; 0; 0; 0; 0; 0; 1; 29; 3; 0; 9; 0; 20; 4
11A1313;Póvoa de Varzim;1 992; 0; 1; 5; 0; 0; 41; 69; 0; 0; 197; 13; 1; 0; 2; 4; 74; 26; 0; 0; 2; 0; 3; 3; 0; 4; 1; 1; 0; 1; 6; 67; 0; 0; 138; 0; 46; 0; 1; 0; 1; 0; 0; 26; 0; 0; 6; 2; 0; 907; 2; 0; 0; 2; 0; 0; 0; 0; 0; 1; 0; 0; 3; 79; 158; 2; 47; 8; 32; 10
2004204;Povoação; 116; 0; 0; 4; 0; 4; 0; 0; 0; 0; 6; 0; 0; 0; 0; 0; 4; 1; 0; 0; 1; 0; 1; 0; 0; 0; 0; 0; 0; 0; 1; 7; 0; 0; 0; 0; 1; 0; 1; 0; 0; 0; 0; 0; 0; 72; 0; 0; 0; 7; 0; 1; 0; 0; 0; 0; 0; 0; 0; 1; 0; 0; 0; 0; 1; 0; 0; 0; 2; 1
16H0508;Proença-a-Nova; 241; 0; 0; 11; 0; 0; 7; 0; 0; 0; 0; 1; 0; 1; 68; 0; 32; 14; 0; 0; 4; 0; 2; 0; 0; 4; 0; 0; 3; 0; 8; 57; 0; 0; 0; 0; 0; 0; 0; 0; 2; 0; 0; 0; 3; 0; 0; 5; 0; 6; 0; 0; 0; 1; 0; 0; 0; 0; 0; 8; 0; 0; 0; 0; 0; 0; 0; 0; 1; 3
1870710;Redondo; 198; 0; 0; 4; 0; 0; 0; 0; 0; 10; 1; 0; 1; 0; 1; 0; 0; 0; 5; 0; 74; 0; 5; 0; 0; 0; 0; 0; 0; 0; 0; 77; 0; 0; 0; 0; 0; 0; 0; 3; 1; 0; 0; 0; 0; 0; 0; 8; 0; 1; 0; 0; 0; 1; 0; 0; 5; 0; 0; 0; 0; 0; 0; 0; 0; 0; 0; 0; 0; 1
1870711;Reguengos de Monsaraz; 217; 0; 0; 11; 0; 0; 1; 0; 2; 34; 0; 0; 0; 0; 3; 0; 6; 0; 0; 0; 92; 0; 6; 0; 0; 0; 0; 0; 0; 0; 2; 41; 0; 0; 0; 0; 0; 0; 0; 2; 1; 0; 0; 0; 0; 0; 0; 0; 2; 1; 0; 1; 0; 5; 0; 0; 6; 1; 0; 0; 0; 0; 0; 0; 0; 0; 0; 0; 0; 0
11C1813;Resende; 255; 0; 1; 1; 0; 0; 11; 0; 0; 1; 4; 21; 0; 0; 0; 1; 11; 13; 0; 0; 0; 0; 0; 1; 0; 3; 0; 0; 0; 28; 2; 4; 0; 0; 3; 0; 2; 1; 1; 1; 0; 0; 0; 4; 0; 0; 0; 0; 0; 63; 0; 0; 0; 0; 0; 0; 0; 0; 0; 0; 0; 0; 0; 0; 3; 0; 0; 2; 46; 27
3003107;Ribeira Brava; 296; 0; 0; 10; 0; 1; 0; 2; 0; 0; 4; 1; 0; 0; 5; 0; 20; 8; 0; 0; 6; 0; 9; 1; 134; 2; 0; 0; 0; 0; 1; 56; 0; 0; 0; 0; 1; 0; 1; 0; 1; 0; 0; 0; 2; 2; 0; 2; 0; 17; 0; 1; 0; 0; 0; 0; 2; 0; 1; 1; 0; 0; 0; 0; 0; 0; 0; 0; 4; 1
11B1709;Ribeira de Pena; 122; 0; 0; 0; 0; 0; 1; 0; 0; 0; 6; 14; 0; 0; 2; 3; 11; 2; 0; 0; 0; 1; 0; 1; 0; 2; 0; 0; 0; 0; 0; 5; 0; 0; 0; 0; 2; 0; 1; 0; 0; 0; 0; 3; 0; 0; 0; 0; 0; 24; 0; 0; 0; 0; 0; 0; 0; 0; 0; 0; 0; 0; 0; 0; 0; 0; 0; 1; 42; 1
2004205;Ribeira Grande; 555; 0; 1; 7; 0; 16; 15; 0; 0; 2; 5; 4; 0; 0; 4; 0; 23; 5; 0; 0; 6; 0; 3; 1; 2; 0; 0; 0; 0; 0; 8; 96; 0; 0; 0; 0; 1; 0; 2; 1; 4; 0; 0; 2; 0; 302; 0; 1; 0; 34; 0; 0; 0; 2; 0; 0; 0; 0; 0; 1; 0; 0; 0; 0; 0; 0; 0; 0; 5; 2
1851414;Rio Maior; 607; 2; 0; 20; 0; 0; 10; 0; 0; 0; 4; 0; 7; 9; 8; 0; 47; 7; 0; 0; 16; 0; 7; 0; 2; 2; 0; 0; 0; 0; 105; 214; 0; 0; 1; 0; 0; 0; 0; 0; 11; 0; 0; 0; 12; 1; 0; 1; 1; 3; 0; 22; 0; 70; 0; 0; 6; 0; 0; 15; 0; 0; 0; 0; 0; 0; 0; 0; 3; 1
11D1710;Sabrosa; 138; 0; 0; 0; 1; 0; 2; 0; 0; 0; 5; 14; 0; 0; 2; 2; 8; 4; 0; 0; 2; 0; 0; 0; 0; 1; 0; 0; 0; 2; 0; 9; 0; 0; 0; 0; 0; 0; 3; 0; 0; 0; 0; 5; 0; 0; 0; 0; 0; 13; 0; 0; 0; 0; 0; 0; 0; 0; 0; 0; 0; 0; 0; 0; 1; 0; 0; 0; 62; 2
16J0911;Sabugal; 270; 0; 1; 8; 0; 0; 11; 0; 0; 0; 2; 0; 0; 0; 30; 0; 32; 67; 0; 0; 3; 0; 0; 0; 0; 49; 0; 0; 3; 2; 1; 28; 0; 0; 0; 0; 0; 0; 0; 1; 2; 0; 0; 0; 0; 0; 0; 0; 0; 5; 0; 7; 0; 5; 0; 1; 0; 0; 0; 1; 0; 0; 0; 1; 0; 0; 0; 0; 2; 8
1851415;Salvaterra de Magos; 453; 3; 0; 24; 0; 0; 9; 0; 0; 5; 0; 0; 0; 3; 6; 0; 15; 4; 0; 0; 31; 0; 8; 0; 0; 1; 0; 0; 1; 0; 11; 221; 0; 0; 0; 0; 0; 0; 0; 1; 4; 0; 1; 0; 1; 0; 0; 3; 0; 5; 0; 7; 0; 70; 0; 0; 2; 0; 0; 15; 0; 0; 0; 0; 0; 0; 0; 0; 2; 0
16G1814;Santa Comba Dão; 291; 1; 3; 2; 0; 0; 24; 0; 0; 0; 1; 4; 0; 0; 8; 0; 125; 10; 0; 0; 2; 0; 1; 0; 0; 2; 0; 0; 0; 1; 6; 27; 0; 0; 0; 0; 0; 0; 1; 0; 1; 0; 2; 0; 0; 0; 0; 0; 1; 11; 0; 0; 0; 0; 0; 1; 1; 0; 0; 1; 0; 0; 0; 0; 0; 0; 0; 0; 2; 53
3003108;Santa Cruz;1 070; 1; 0; 7; 1; 2; 21; 1; 0; 0; 20; 5; 1; 3; 7; 0; 56; 17; 0; 0; 5; 0; 7; 0; 524; 4; 0; 0; 0; 0; 11; 253; 0; 0; 0; 0; 2; 0; 0; 4; 8; 0; 0; 2; 1; 1; 0; 1; 0; 82; 0; 2; 0; 1; 0; 0; 7; 0; 0; 3; 0; 0; 0; 0; 1; 0; 0; 0; 6; 3
2004401;Santa Cruz da Graciosa; 85; 0; 0; 1; 0; 7; 1; 0; 0; 0; 2; 1; 0; 0; 0; 0; 9; 2; 0; 0; 0; 0; 3; 0; 0; 3; 0; 0; 0; 0; 2; 26; 0; 0; 0; 0; 2; 0; 0; 0; 2; 0; 0; 0; 0; 8; 0; 0; 0; 10; 0; 0; 0; 3; 0; 0; 0; 0; 0; 2; 0; 0; 0; 0; 1; 0; 0; 0; 0; 0
2004802;Santa Cruz das Flores; 46; 0; 0; 0; 0; 2; 3; 0; 0; 0; 1; 0; 0; 0; 0; 0; 4; 2; 0; 0; 0; 0; 0; 0; 0; 0; 0; 0; 0; 0; 0; 14; 0; 0; 0; 0; 0; 0; 0; 0; 2; 0; 0; 0; 0; 10; 0; 0; 0; 3; 0; 0; 0; 1; 0; 0; 0; 0; 0; 3; 0; 0; 0; 0; 0; 0; 0; 0; 1; 0
11A0109;Santa Maria da Feira;3 879; 3; 17; 5; 0; 1; 523; 4; 0; 2; 78; 27; 8; 0; 12; 0; 335; 88; 1; 6; 8; 0; 9; 3; 0; 15; 0; 0; 1; 4; 12; 119; 0; 0; 127; 0; 143; 2; 3; 0; 4; 72; 2; 33; 6; 2; 4; 2; 1;1 752; 0; 0; 175; 1; 0; 5; 1; 1; 1; 6; 0; 0; 0; 13; 19; 1; 2; 96; 79; 45
11D1711;Santa Marta de Penaguião; 161; 0; 0; 0; 0; 0; 2; 0; 0; 1; 4; 37; 0; 0; 3; 0; 5; 6; 0; 0; 0; 0; 0; 0; 0; 0; 0; 0; 0; 16; 0; 3; 0; 0; 1; 0; 0; 0; 2; 1; 0; 0; 0; 2; 0; 0; 0; 0; 0; 25; 0; 1; 0; 0; 0; 1; 0; 0; 0; 0; 0; 0; 0; 0; 1; 0; 0; 0; 46; 4
3003109;Santana; 203; 0; 0; 5; 0; 0; 10; 0; 0; 2; 7; 1; 1; 0; 3; 0; 25; 7; 0; 0; 4; 0; 7; 0; 67; 0; 0; 0; 0; 0; 2; 38; 0; 0; 0; 0; 1; 0; 0; 0; 0; 0; 0; 0; 1; 2; 0; 1; 0; 12; 0; 0; 0; 2; 0; 0; 1; 0; 0; 0; 0; 0; 0; 0; 0; 0; 0; 0; 3; 1
1851416;Santarém;2 037; 7; 0; 82; 4; 0; 24; 0; 1; 0; 4; 4; 16; 11; 17; 1; 115; 32; 1; 0; 54; 0; 22; 0; 2; 2; 0; 0; 0; 0; 82; 880; 0; 0; 2; 0; 0; 0; 0; 1; 30; 2; 1; 3; 26; 0; 0; 4; 0; 21; 0; 33; 0; 488; 0; 0; 7; 0; 1; 36; 7; 0; 1; 1; 0; 0; 0; 3; 6; 3
1811509;Santiago do Cacém; 667; 0; 0; 57; 0; 0; 7; 1; 1; 50; 0; 0; 1; 3; 0; 0; 8; 2; 0; 0; 52; 0; 40; 0; 0; 1; 0; 0; 0; 0; 3; 295; 0; 0; 2; 0; 0; 0; 0; 1; 8; 0; 0; 0; 1; 0; 0; 2; 3; 5; 0; 2; 0; 3; 30; 0; 84; 2; 0; 2; 0; 0; 0; 0; 0; 0; 0; 0; 0; 1
11A1314;Santo Tirso;1 956; 0; 0; 0; 3; 1; 47; 26; 0; 1; 284; 51; 0; 2; 7; 2; 76; 28; 0; 0; 3; 1; 7; 47; 1; 5; 0; 0; 0; 0; 2; 76; 0; 0; 92; 0; 71; 1; 4; 0; 2; 0; 0; 26; 0; 1; 3; 1; 1; 866; 1; 0; 0; 1; 0; 3; 1; 0; 1; 4; 0; 0; 0; 23; 20; 0; 96; 5; 52; 11
1500812;São Brás de Alportel; 260; 0; 0; 6; 0; 0; 1; 0; 0; 2; 0; 0; 0; 0; 1; 0; 14; 3; 1; 0; 8; 0; 146; 0; 0; 0; 0; 0; 0; 0; 0; 46; 6; 0; 0; 0; 1; 0; 1; 0; 10; 0; 0; 0; 0; 0; 0; 1; 1; 6; 0; 0; 0; 1; 0; 0; 3; 1; 0; 0; 0; 0; 0; 0; 0; 0; 0; 0; 0; 1
11A0116;São João da Madeira; 778; 0; 4; 2; 2; 1; 130; 0; 0; 0; 19; 6; 2; 0; 2; 0; 128; 30; 0; 2; 1; 0; 3; 0; 0; 4; 0; 0; 0; 1; 4; 50; 0; 0; 13; 0; 12; 0; 2; 0; 1; 14; 1; 6; 0; 0; 2; 1; 0; 264; 0; 0; 31; 0; 0; 2; 0; 0; 0; 1; 0; 0; 0; 1; 3; 0; 0; 11; 5; 17
11D1815;São João da Pesqueira; 190; 0; 0; 0; 0; 0; 5; 0; 0; 0; 2; 9; 0; 0; 0; 0; 32; 7; 0; 0; 1; 0; 1; 0; 0; 7; 0; 0; 0; 6; 1; 6; 0; 0; 0; 0; 1; 0; 9; 0; 0; 0; 2; 2; 0; 0; 0; 0; 0; 26; 0; 0; 0; 0; 0; 0; 0; 0; 0; 0; 0; 0; 0; 2; 0; 0; 0; 0; 34; 37
16G1816;São Pedro do Sul; 415; 0; 3; 4; 0; 0; 50; 0; 0; 0; 2; 2; 0; 1; 3; 0; 96; 21; 0; 0; 0; 0; 2; 0; 0; 12; 0; 0; 0; 2; 3; 48; 0; 0; 0; 0; 3; 0; 1; 0; 2; 0; 0; 2; 0; 0; 0; 0; 0; 38; 0; 0; 0; 0; 0; 1; 1; 0; 0; 1; 0; 0; 0; 0; 0; 0; 0; 0; 10; 107
2004603;São Roque do Pico; 66; 0; 0; 0; 0; 8; 0; 0; 0; 0; 1; 1; 0; 0; 1; 0; 5; 4; 0; 0; 1; 0; 1; 0; 0; 0; 0; 0; 0; 1; 3; 22; 0; 0; 0; 0; 0; 0; 0; 0; 1; 0; 0; 0; 0; 7; 0; 0; 0; 6; 0; 0; 0; 3; 0; 0; 0; 0; 0; 1; 0; 0; 0; 0; 0; 0; 0; 0; 0; 0
3003110;São Vicente; 105; 0; 0; 1; 0; 0; 0; 0; 0; 0; 3; 1; 1; 0; 0; 0; 5; 2; 0; 0; 1; 0; 1; 0; 51; 1; 0; 0; 0; 0; 0; 22; 0; 0; 0; 0; 0; 0; 0; 0; 1; 0; 0; 1; 0; 0; 0; 2; 1; 6; 0; 1; 0; 0; 0; 0; 0; 0; 0; 1; 0; 0; 0; 0; 0; 0; 0; 0; 3; 0
16I1417;Sardoal; 100; 10; 0; 7; 0; 0; 2; 0; 0; 0; 0; 0; 1; 0; 7; 0; 8; 15; 0; 0; 1; 0; 0; 0; 0; 0; 0; 0; 0; 0; 5; 18; 0; 0; 0; 0; 0; 0; 0; 0; 1; 0; 0; 0; 3; 0; 0; 2; 0; 1; 0; 0; 0; 5; 0; 1; 0; 0; 0; 13; 0; 0; 0; 0; 0; 0; 0; 0; 0; 0
16G1817;Sátão; 298; 0; 1; 3; 0; 0; 27; 0; 0; 0; 1; 1; 0; 0; 1; 0; 56; 15; 1; 0; 1; 0; 0; 1; 1; 7; 0; 0; 1; 1; 4; 23; 0; 0; 0; 0; 0; 1; 1; 0; 1; 2; 1; 1; 0; 0; 0; 0; 0; 24; 0; 0; 0; 0; 0; 2; 0; 1; 0; 1; 0; 0; 0; 0; 0; 0; 0; 0; 9; 109
16J0912;Seia; 673; 1; 0; 11; 0; 0; 35; 2; 0; 1; 3; 22; 0; 1; 13; 0; 191; 72; 0; 0; 3; 0; 4; 0; 1; 54; 0; 0; 0; 1; 15; 67; 0; 0; 1; 0; 1; 1; 2; 1; 3; 0; 12; 3; 0; 0; 0; 0; 1; 32; 0; 0; 0; 4; 0; 24; 0; 0; 0; 3; 0; 0; 0; 1; 0; 0; 1; 0; 4; 82
1701510;Seixal;4 613; 1; 0; 822; 10; 0; 11; 0; 56; 15; 4; 5; 7; 60; 7; 0; 18; 12; 2; 0; 37; 0; 20; 0; 0; 2; 0; 0; 0; 1; 8;2 763; 0; 0; 0; 0; 0; 0; 1; 9; 99; 0; 0; 0; 7; 5; 0; 10; 3; 18; 0; 3; 0; 10; 2; 1; 570; 1; 6; 1; 0; 0; 0; 0; 0; 0; 0; 0; 2; 4
11D1818;Sernancelhe; 100; 0; 0; 0; 0; 0; 6; 0; 0; 0; 3; 1; 0; 0; 6; 0; 17; 2; 0; 0; 0; 0; 0; 0; 0; 2; 0; 0; 0; 1; 0; 11; 0; 0; 0; 0; 1; 0; 0; 0; 0; 0; 0; 0; 0; 0; 0; 0; 0; 12; 0; 0; 0; 0; 0; 1; 0; 0; 0; 1; 0; 0; 0; 0; 0; 0; 1; 0; 4; 31
1840213;Serpa; 418; 0; 0; 12; 1; 1; 0; 0; 0; 186; 0; 1; 2; 0; 1; 0; 11; 2; 2; 0; 50; 0; 42; 1; 0; 0; 0; 0; 0; 0; 0; 79; 0; 0; 0; 0; 0; 0; 0; 0; 2; 0; 0; 1; 1; 0; 0; 4; 2; 3; 0; 4; 0; 2; 0; 1; 7; 0; 0; 0; 0; 0; 0; 0; 0; 0; 0; 0; 0; 0
16I0509;Sertã; 370; 4; 0; 1; 0; 1; 14; 0; 0; 0; 1; 0; 0; 2; 72; 0; 128; 15; 0; 0; 4; 0; 0; 0; 0; 6; 0; 0; 4; 0; 17; 51; 0; 0; 0; 0; 0; 0; 0; 1; 4; 2; 0; 0; 1; 0; 0; 2; 0; 4; 0; 0; 0; 0; 0; 0; 1; 0; 0; 34; 0; 0; 0; 0; 0; 0; 0; 0; 1; 0
1701511;Sesimbra;1 320; 0; 0; 210; 2; 1; 3; 0; 23; 3; 3; 0; 3; 14; 2; 0; 6; 5; 1; 0; 24; 0; 7; 0; 0; 0; 0; 0; 0; 0; 0; 688; 0; 0; 1; 0; 0; 0; 1; 2; 24; 0; 0; 0; 3; 0; 0; 3; 1; 12; 0; 1; 0; 4; 0; 0; 266; 0; 0; 3; 0; 0; 0; 1; 0; 0; 0; 0; 3; 0
1701512;Setúbal;4 123; 4; 0; 377; 4; 1; 11; 0; 118; 32; 8; 1; 6; 23; 13; 0; 33; 23; 1; 0; 129; 0; 55; 0; 1; 2; 0; 0; 0; 0; 3;1 764; 0; 0; 0; 0; 1; 0; 2; 5; 60; 0; 0; 0; 6; 1; 0; 14; 2; 20; 0; 4; 0; 16; 0; 1;1 365; 0; 7; 4; 0; 0; 1; 0; 0; 0; 0; 1; 2; 2
16D0117;Sever do Vouga; 366; 0; 4; 1; 0; 0; 140; 1; 0; 0; 3; 2; 1; 0; 4; 0; 73; 19; 0; 0; 2; 0; 1; 0; 0; 5; 0; 0; 0; 0; 3; 14; 0; 0; 2; 0; 1; 0; 0; 0; 0; 8; 1; 1; 0; 1; 0; 1; 0; 37; 0; 0; 0; 0; 0; 2; 0; 0; 0; 1; 0; 0; 0; 0; 1; 0; 0; 2; 3; 32
1500813;Silves; 680; 0; 0; 27; 1; 1; 9; 1; 0; 26; 1; 0; 2; 4; 5; 0; 33; 6; 1; 0; 41; 0; 216; 0; 0; 0; 0; 0; 0; 0; 1; 163; 13; 0; 0; 0; 0; 0; 4; 0; 10; 0; 1; 0; 0; 0; 0; 5; 70; 7; 0; 1; 0; 4; 0; 0; 4; 16; 1; 3; 0; 0; 0; 0; 0; 0; 0; 0; 2; 1
1811513;Sines; 340; 0; 1; 32; 0; 0; 2; 0; 0; 17; 2; 0; 0; 1; 1; 0; 3; 2; 0; 0; 15; 0; 21; 0; 0; 0; 0; 0; 0; 0; 1; 164; 0; 0; 2; 0; 0; 0; 1; 0; 11; 0; 0; 0; 0; 0; 0; 1; 3; 4; 0; 1; 0; 0; 10; 0; 43; 1; 0; 0; 0; 0; 0; 0; 0; 0; 0; 0; 1; 0
1701111;Sintra;11 939; 3; 1; 541; 20; 1; 32; 1; 13; 14; 12; 5; 37; 358; 29; 0; 75; 36; 5; 0; 84; 0; 48; 0; 3; 5; 0; 0; 1; 0; 30;9 400; 0; 0; 0; 0; 3; 0; 2; 86; 804; 1; 0; 0; 18; 2; 0; 17; 1; 35; 0; 19; 0; 41; 0; 1; 90; 0; 18; 22; 0; 0; 0; 1; 1; 0; 0; 0; 6; 17
16B1112;Sobral de Monte Agraço; 227; 0; 0; 12; 0; 1; 2; 0; 0; 1; 0; 1; 4; 1; 2; 0; 1; 0; 0; 0; 4; 0; 6; 0; 0; 0; 0; 0; 0; 0; 4; 162; 0; 0; 0; 0; 0; 0; 0; 4; 5; 0; 0; 0; 3; 0; 0; 1; 0; 2; 0; 1; 0; 6; 0; 0; 2; 0; 0; 0; 0; 2; 0; 0; 0; 0; 0; 0; 0; 0
16E0615;Soure; 532; 0; 0; 2; 0; 0; 17; 0; 0; 0; 2; 0; 2; 1; 2; 0; 414; 6; 1; 0; 0; 0; 1; 0; 1; 3; 0; 0; 0; 0; 26; 20; 0; 0; 0; 0; 1; 0; 0; 0; 1; 0; 2; 1; 6; 0; 0; 0; 0; 7; 0; 3; 0; 0; 0; 1; 1; 0; 0; 4; 1; 0; 0; 0; 0; 0; 0; 0; 1; 5
1861215;Sousel; 89; 0; 0; 1; 0; 0; 0; 0; 0; 6; 0; 0; 0; 0; 4; 0; 4; 0; 1; 0; 23; 0; 5; 0; 0; 0; 0; 0; 0; 0; 0; 29; 0; 0; 0; 0; 0; 0; 0; 0; 1; 0; 0; 0; 0; 0; 0; 12; 0; 0; 0; 1; 0; 0; 0; 0; 1; 0; 0; 1; 0; 0; 0; 0; 0; 0; 0; 0; 0; 0
16E0616;Tábua; 218; 0; 0; 0; 0; 0; 6; 0; 0; 0; 0; 0; 0; 0; 0; 0; 123; 4; 0; 0; 0; 0; 2; 0; 0; 4; 0; 0; 0; 1; 5; 13; 0; 0; 0; 0; 0; 0; 0; 0; 1; 1; 23; 0; 0; 0; 2; 1; 0; 3; 0; 0; 0; 1; 0; 4; 0; 0; 0; 1; 0; 0; 0; 0; 0; 0; 0; 0; 1; 22
11D1819;Tabuaço; 111; 0; 0; 0; 0; 0; 4; 1; 0; 0; 5; 6; 0; 0; 1; 0; 10; 6; 0; 0; 2; 0; 0; 0; 0; 6; 0; 0; 0; 12; 5; 4; 0; 0; 0; 0; 0; 0; 3; 0; 0; 0; 1; 2; 1; 0; 0; 0; 0; 11; 0; 1; 0; 0; 0; 0; 0; 0; 0; 0; 0; 0; 0; 0; 0; 0; 0; 0; 19; 11
11D1820;Tarouca; 164; 0; 0; 1; 0; 0; 5; 1; 0; 0; 5; 7; 0; 0; 2; 0; 22; 8; 0; 0; 0; 0; 0; 0; 0; 3; 0; 0; 0; 21; 0; 14; 0; 0; 0; 0; 0; 0; 1; 0; 0; 0; 0; 0; 0; 1; 0; 0; 0; 22; 0; 0; 0; 0; 0; 0; 0; 0; 0; 1; 0; 0; 0; 0; 1; 2; 0; 0; 31; 16
1500814;Tavira; 591; 0; 0; 21; 1; 0; 1; 0; 0; 24; 1; 0; 2; 1; 4; 0; 15; 3; 1; 0; 20; 0; 330; 0; 0; 0; 0; 0; 1; 0; 2; 125; 9; 0; 0; 0; 0; 0; 0; 0; 6; 0; 0; 0; 0; 1; 0; 2; 5; 9; 0; 1; 0; 0; 0; 0; 0; 3; 0; 1; 0; 0; 0; 1; 0; 0; 0; 0; 0; 1
1120310;Terras de Bouro; 404; 0; 0; 2; 0; 0; 2; 12; 0; 0; 66; 8; 0; 0; 0; 0; 216; 1; 0; 0; 0; 0; 1; 4; 0; 0; 0; 0; 0; 0; 0; 28; 0; 0; 2; 0; 0; 1; 1; 0; 2; 0; 0; 16; 0; 0; 2; 0; 0; 15; 0; 0; 0; 0; 0; 0; 0; 0; 0; 0; 0; 0; 2; 6; 1; 0; 3; 0; 10; 3
16I1418;Tomar;1 543; 24; 0; 31; 1; 0; 33; 0; 0; 1; 3; 2; 10; 5; 32; 0; 203; 36; 0; 0; 16; 0; 6; 0; 0; 4; 0; 0; 3; 0; 83; 417; 0; 0; 0; 0; 0; 0; 1; 2; 20; 0; 0; 1; 2; 3; 0; 11; 0; 19; 0; 10; 0; 37; 0; 0; 4; 0; 3; 499; 11; 0; 0; 0; 0; 0; 0; 0; 4; 6
16G1821;Tondela; 727; 0; 5; 4; 0; 0; 80; 1; 0; 1; 1; 1; 3; 1; 8; 0; 164; 23; 0; 0; 2; 0; 1; 0; 0; 10; 0; 0; 0; 5; 14; 56; 0; 0; 0; 0; 3; 0; 1; 0; 3; 1; 1; 1; 1; 3; 0; 3; 0; 65; 0; 0; 0; 0; 0; 2; 1; 0; 0; 1; 0; 0; 0; 0; 0; 0; 1; 0; 10; 250
11D0409;Torre de Moncorvo; 332; 0; 0; 3; 0; 0; 5; 0; 0; 0; 5; 65; 0; 0; 2; 1; 140; 10; 0; 0; 1; 0; 2; 0; 0; 6; 0; 0; 0; 0; 1; 6; 0; 2; 0; 0; 1; 0; 4; 0; 0; 0; 0; 2; 0; 0; 0; 2; 0; 40; 0; 0; 0; 0; 0; 1; 0; 0; 0; 0; 0; 0; 0; 0; 0; 0; 1; 2; 21; 9
16I1419;Torres Novas;1 106; 17; 1; 38; 1; 1; 36; 2; 0; 0; 5; 1; 15; 10; 23; 0; 144; 38; 0; 0; 22; 0; 6; 0; 0; 2; 0; 0; 0; 0; 75; 396; 0; 0; 0; 0; 0; 0; 0; 0; 11; 0; 2; 0; 9; 1; 0; 7; 1; 21; 0; 9; 0; 48; 0; 0; 3; 0; 1; 127; 24; 0; 0; 0; 0; 0; 0; 0; 7; 2
16B1113;Torres Vedras;1 966; 2; 0; 80; 4; 1; 17; 2; 2; 3; 5; 0; 45; 25; 10; 0; 55; 15; 2; 0; 32; 0; 26; 0; 1; 1; 0; 0; 0; 0; 104;1 266; 0; 0; 0; 0; 1; 0; 0; 11; 44; 0; 0; 0; 64; 0; 0; 1; 1; 11; 0; 27; 0; 33; 0; 0; 7; 0; 1; 10; 0; 52; 0; 0; 1; 0; 0; 0; 2; 2
16J0913;Trancoso; 286; 1; 0; 0; 0; 0; 14; 0; 0; 0; 3; 3; 0; 1; 8; 1; 68; 39; 1; 0; 3; 0; 2; 0; 0; 49; 0; 0; 1; 2; 3; 31; 0; 0; 0; 0; 0; 0; 0; 0; 6; 0; 0; 0; 1; 1; 0; 1; 0; 11; 0; 0; 0; 0; 0; 4; 0; 0; 0; 0; 0; 0; 0; 0; 0; 0; 0; 1; 10; 21
11A1318;Trofa;1 023; 0; 3; 5; 0; 0; 24; 25; 0; 0; 162; 7; 1; 0; 0; 0; 19; 13; 1; 0; 1; 0; 0; 3; 0; 0; 0; 0; 0; 0; 2; 43; 0; 0; 0; 0; 56; 2; 0; 0; 2; 0; 0; 9; 0; 0; 2; 0; 0; 538; 2; 0; 0; 0; 0; 0; 0; 0; 0; 0; 0; 0; 0; 8; 32; 1; 32; 14; 14; 2
16D0118;Vagos; 633; 1; 28; 2; 0; 0; 264; 1; 0; 2; 11; 2; 0; 3; 2; 0; 121; 26; 0; 0; 2; 1; 2; 0; 0; 6; 0; 0; 0; 0; 13; 33; 0; 0; 6; 0; 3; 0; 1; 0; 1; 8; 1; 3; 2; 1; 2; 1; 0; 58; 0; 1; 0; 1; 0; 0; 0; 0; 0; 1; 0; 0; 0; 0; 0; 0; 0; 1; 6; 16
11A0119;Vale de Cambra; 756; 0; 6; 3; 1; 0; 115; 1; 0; 0; 19; 6; 0; 0; 2; 1; 144; 21; 1; 0; 3; 0; 0; 0; 0; 11; 0; 0; 0; 1; 7; 32; 0; 0; 4; 0; 11; 1; 1; 0; 1; 14; 0; 1; 0; 0; 0; 0; 0; 256; 0; 2; 26; 2; 0; 3; 0; 0; 0; 3; 0; 0; 0; 3; 6; 0; 0; 6; 13; 29
1111608;Valença; 377; 0; 0; 0; 0; 0; 4; 5; 0; 0; 50; 6; 1; 1; 0; 0; 30; 10; 0; 0; 4; 0; 1; 0; 0; 1; 0; 0; 0; 0; 2; 17; 0; 0; 2; 0; 7; 5; 2; 0; 1; 0; 0; 2; 0; 0; 11; 0; 0; 73; 0; 0; 0; 1; 0; 1; 0; 0; 0; 0; 0; 0; 77; 46; 2; 4; 0; 0; 9; 2
11A1315;Valongo;2 854; 1; 1; 3; 0; 0; 48; 14; 0; 1; 98; 16; 5; 0; 2; 2; 52; 24; 1; 0; 3; 0; 3; 11; 0; 3; 0; 0; 0; 0; 1; 94; 0; 0; 204; 0; 218; 0; 2; 1; 1; 2; 0; 102; 0; 0; 6; 1; 0;1 805; 0; 1; 1; 0; 0; 0; 0; 0; 0; 0; 0; 0; 2; 9; 33; 0; 5; 21; 54; 3
11B1712;Valpaços; 400; 0; 0; 2; 0; 0; 9; 0; 0; 0; 18; 92; 0; 0; 5; 14; 30; 9; 0; 0; 0; 0; 1; 3; 0; 0; 0; 0; 0; 0; 1; 17; 0; 1; 5; 0; 2; 0; 31; 1; 1; 0; 0; 4; 0; 0; 0; 0; 0; 74; 0; 1; 0; 0; 0; 0; 0; 0; 0; 0; 0; 0; 0; 2; 0; 0; 0; 0; 72; 5
2004502;Velas; 101; 0; 0; 1; 0; 3; 4; 0; 0; 0; 0; 0; 1; 0; 2; 0; 10; 2; 0; 0; 4; 0; 1; 1; 0; 0; 0; 0; 0; 1; 1; 31; 0; 0; 0; 0; 1; 0; 0; 0; 2; 0; 0; 0; 0; 21; 0; 0; 0; 7; 0; 0; 0; 3; 0; 0; 1; 0; 0; 2; 0; 0; 0; 0; 0; 0; 0; 0; 0; 2
1870712;Vendas Novas; 252; 2; 0; 18; 1; 0; 2; 0; 0; 13; 0; 0; 2; 1; 0; 0; 2; 2; 1; 0; 36; 0; 7; 0; 0; 0; 0; 0; 1; 0; 2; 109; 0; 0; 0; 0; 0; 0; 0; 2; 2; 0; 0; 0; 0; 0; 0; 4; 0; 0; 0; 2; 0; 6; 0; 0; 33; 0; 0; 2; 0; 0; 0; 0; 0; 0; 0; 0; 1; 1
1870713;Viana do Alentejo; 131; 0; 1; 4; 0; 0; 1; 0; 0; 13; 0; 0; 0; 3; 1; 0; 0; 0; 0; 0; 64; 0; 9; 0; 0; 0; 0; 0; 0; 0; 0; 28; 0; 0; 0; 0; 0; 0; 0; 1; 1; 0; 0; 0; 0; 0; 0; 1; 0; 1; 0; 0; 0; 0; 0; 0; 3; 0; 0; 0; 0; 0; 0; 0; 0; 0; 0; 0; 0; 0
1111609;Viana do Castelo;3 260; 0; 1; 13; 1; 3; 104; 96; 0; 1; 413; 23; 5; 0; 7; 0; 173; 50; 0; 0; 7; 1; 12; 5; 0; 7; 1; 0; 1; 0; 11; 162; 0; 1; 31; 0; 54; 25; 3; 0; 7; 3; 1; 14; 1; 1; 49; 5; 1; 807; 1; 0; 0; 3; 0; 0; 1; 0; 3; 1; 0; 0; 27; 994; 12; 15; 12; 3; 74; 14
1840214;Vidigueira; 161; 1; 0; 6; 0; 0; 3; 0; 0; 73; 0; 0; 0; 1; 2; 0; 2; 2; 0; 0; 18; 0; 5; 0; 0; 0; 0; 0; 1; 0; 2; 31; 0; 0; 0; 0; 0; 0; 0; 0; 2; 0; 0; 0; 1; 0; 0; 1; 1; 0; 0; 0; 0; 2; 0; 1; 2; 1; 0; 1; 0; 0; 0; 0; 0; 0; 0; 0; 2; 0
1190311;Vieira do Minho; 449; 0; 0; 0; 0; 0; 5; 18; 0; 0; 179; 25; 0; 0; 1; 2; 86; 1; 0; 0; 0; 1; 0; 1; 0; 2; 0; 0; 0; 1; 0; 28; 0; 0; 3; 0; 1; 0; 1; 0; 1; 0; 0; 7; 1; 0; 7; 1; 0; 40; 5; 0; 0; 0; 0; 0; 0; 0; 0; 0; 0; 0; 0; 9; 2; 0; 2; 0; 18; 1
2004302;Vila da Praia da Vitória; 439; 0; 0; 7; 0; 119; 8; 0; 0; 1; 9; 6; 1; 0; 8; 0; 21; 5; 0; 0; 2; 0; 0; 1; 0; 0; 0; 0; 0; 0; 18; 110; 0; 0; 0; 0; 1; 0; 0; 0; 3; 0; 0; 0; 0; 83; 0; 0; 0; 32; 0; 1; 0; 2; 0; 0; 0; 0; 0; 0; 0; 0; 0; 0; 0; 0; 0; 0; 1; 0
16I0510;Vila de Rei; 84; 4; 0; 1; 0; 0; 2; 0; 0; 0; 1; 0; 1; 0; 7; 0; 6; 5; 0; 0; 0; 0; 0; 0; 0; 1; 0; 0; 1; 0; 12; 21; 0; 0; 0; 0; 0; 0; 0; 0; 2; 0; 0; 0; 0; 0; 0; 2; 0; 0; 0; 0; 0; 3; 0; 0; 1; 0; 0; 13; 0; 0; 0; 0; 0; 0; 0; 0; 1; 0
1500815;Vila do Bispo; 76; 0; 0; 5; 0; 0; 1; 0; 0; 3; 0; 0; 0; 0; 0; 0; 2; 0; 1; 0; 4; 0; 23; 0; 0; 0; 0; 0; 0; 0; 1; 18; 0; 0; 0; 0; 0; 0; 0; 0; 2; 0; 0; 0; 0; 0; 0; 1; 13; 1; 0; 0; 0; 0; 0; 0; 0; 1; 0; 0; 0; 0; 0; 0; 0; 0; 0; 0; 0; 0
11A1316;Vila do Conde;2 352; 0; 4; 3; 0; 2; 39; 45; 0; 0; 126; 18; 3; 3; 4; 0; 62; 17; 0; 0; 4; 0; 4; 4; 0; 8; 0; 0; 1; 2; 2; 62; 0; 0; 227; 0; 87; 1; 4; 0; 2; 0; 0; 26; 3; 0; 11; 0; 0;1 202; 0; 0; 0; 0; 0; 0; 0; 0; 1; 1; 0; 0; 1; 46; 209; 0; 41; 16; 51; 10
2004101;Vila do Porto; 126; 2; 0; 4; 0; 10; 9; 1; 0; 2; 2; 0; 0; 0; 3; 0; 7; 5; 0; 0; 2; 0; 3; 0; 0; 0; 0; 1; 0; 0; 3; 29; 0; 0; 0; 0; 1; 0; 0; 0; 1; 0; 0; 0; 0; 31; 0; 0; 0; 4; 0; 0; 0; 2; 0; 0; 0; 0; 0; 1; 0; 0; 0; 0; 0; 0; 0; 0; 3; 0
11E0410;Vila Flor; 221; 0; 0; 6; 1; 0; 6; 0; 0; 0; 7; 68; 0; 0; 2; 0; 32; 4; 0; 0; 2; 0; 1; 0; 0; 0; 0; 0; 0; 0; 1; 12; 0; 3; 0; 0; 0; 0; 18; 0; 0; 0; 0; 1; 0; 0; 0; 0; 0; 28; 0; 0; 0; 0; 0; 0; 0; 0; 0; 0; 0; 0; 0; 0; 1; 0; 0; 0; 28; 0
1701114;Vila Franca de Xira;3 845; 2; 0; 164; 14; 0; 12; 1; 6; 12; 5; 4; 22; 52; 8; 0; 28; 10; 0; 0; 33; 0; 21; 0; 0; 1; 0; 0; 5; 0; 9;3 051; 0; 0; 1; 0; 0; 0; 5; 32; 86; 0; 0; 0; 23; 2; 0; 5; 0; 18; 0; 16; 0; 141; 0; 0; 37; 0; 4; 10; 0; 1; 0; 0; 0; 0; 0; 0; 3; 1
2004206;Vila Franca do Campo; 202; 1; 0; 2; 0; 5; 0; 1; 0; 1; 2; 0; 0; 0; 4; 0; 8; 4; 0; 0; 1; 0; 4; 0; 0; 0; 0; 0; 0; 0; 0; 25; 0; 0; 0; 0; 0; 0; 0; 0; 1; 0; 0; 0; 0; 134; 0; 0; 0; 6; 0; 0; 0; 0; 0; 0; 1; 0; 0; 0; 0; 0; 0; 0; 0; 0; 0; 0; 2; 0
16I1420;Vila Nova da Barquinha; 207; 6; 0; 9; 0; 0; 6; 0; 0; 1; 2; 0; 1; 2; 1; 0; 16; 6; 1; 0; 5; 0; 0; 0; 0; 0; 0; 0; 1; 0; 3; 62; 0; 0; 0; 0; 0; 0; 0; 0; 4; 0; 1; 0; 2; 0; 0; 2; 0; 2; 0; 2; 0; 14; 0; 0; 0; 0; 1; 48; 7; 0; 0; 1; 0; 0; 0; 1; 0; 0
1111610;Vila Nova de Cerveira; 239; 0; 0; 0; 0; 0; 4; 3; 0; 0; 23; 1; 0; 0; 1; 0; 13; 1; 0; 0; 3; 0; 1; 1; 0; 0; 0; 0; 0; 0; 0; 18; 0; 0; 8; 0; 8; 2; 3; 0; 0; 0; 0; 1; 0; 0; 1; 0; 0; 51; 0; 0; 0; 0; 0; 0; 0; 0; 0; 1; 0; 0; 29; 48; 0; 10; 0; 0; 7; 1
1190312;Vila Nova de Famalicão;4 557; 2; 5; 15; 2; 0; 115; 236; 0; 2;1 083; 67; 5; 2; 15; 4; 297; 61; 0; 0; 11; 6; 7; 26; 1; 13; 2; 0; 1; 2; 14; 342; 0; 0; 173; 0; 70; 6; 7; 1; 3; 1; 0; 36; 5; 0; 15; 3; 2;1 143; 1; 1; 0; 0; 0; 0; 1; 0; 1; 3; 0; 1; 4; 128; 69; 0; 410; 14; 100; 23
11D0914;Vila Nova de Foz Côa; 186; 0; 1; 0; 0; 0; 7; 0; 0; 0; 3; 18; 0; 0; 2; 0; 48; 5; 0; 0; 3; 1; 3; 0; 0; 21; 0; 0; 0; 1; 1; 12; 0; 0; 5; 0; 2; 0; 2; 0; 0; 1; 0; 0; 0; 0; 0; 0; 0; 22; 0; 0; 0; 1; 0; 1; 0; 0; 0; 0; 0; 0; 0; 0; 0; 0; 0; 0; 11; 15
11A1317;Vila Nova de Gaia;9 836; 0; 8; 14; 5; 0; 559; 22; 0; 2; 191; 48; 11; 10; 27; 1; 184; 68; 0; 16; 13; 1; 23; 9; 0; 10; 2; 0; 0; 3; 10; 282; 0; 0; 344; 0; 716; 0; 9; 0; 5; 10; 0; 69; 1; 2; 17; 0; 0;6 342; 0; 2; 16; 1; 0; 3; 2; 0; 4; 5; 0; 0; 0; 22; 97; 0; 9; 501; 121; 19
16G1822;Vila Nova de Paiva; 134; 1; 0; 0; 0; 0; 8; 0; 0; 1; 2; 2; 0; 0; 1; 0; 18; 3; 0; 0; 1; 0; 0; 1; 0; 3; 0; 0; 0; 5; 2; 17; 0; 0; 0; 0; 1; 0; 0; 0; 0; 0; 0; 0; 0; 0; 0; 0; 0; 8; 0; 0; 0; 0; 0; 0; 0; 0; 0; 0; 0; 0; 0; 1; 0; 0; 0; 2; 4; 53
16E0617;Vila Nova de Poiares; 166; 0; 0; 0; 0; 1; 3; 0; 0; 0; 0; 0; 0; 0; 2; 0; 136; 2; 1; 0; 1; 0; 1; 0; 0; 1; 0; 0; 0; 0; 0; 6; 0; 0; 0; 0; 0; 0; 0; 0; 0; 0; 3; 0; 0; 0; 0; 0; 0; 2; 0; 2; 0; 0; 0; 0; 0; 0; 0; 0; 0; 0; 0; 0; 0; 0; 0; 3; 0; 2
11B1713;Vila Pouca de Aguiar; 313; 0; 0; 1; 0; 0; 7; 1; 0; 0; 19; 20; 1; 0; 1; 7; 27; 5; 0; 0; 0; 0; 1; 1; 0; 5; 0; 0; 0; 1; 0; 12; 0; 0; 3; 0; 2; 0; 7; 0; 0; 1; 0; 7; 0; 0; 0; 0; 0; 44; 0; 0; 0; 0; 0; 0; 0; 0; 0; 0; 0; 0; 0; 0; 0; 0; 0; 1; 136; 3
11D1714;Vila Real;2 334; 0; 4; 9; 0; 1; 47; 8; 0; 0; 71; 112; 3; 3; 7; 15; 100; 55; 0; 0; 4; 2; 8; 4; 1; 9; 0; 0; 1; 15; 2; 111; 0; 0; 10; 0; 4; 0; 23; 0; 3; 0; 0; 12; 1; 1; 0; 1; 0; 391; 7; 0; 0; 0; 0; 2; 1; 0; 0; 2; 0; 1; 0; 0; 1; 0; 2; 5;1 255; 20
1500816;Vila Real de Santo António; 362; 0; 0; 9; 1; 0; 2; 0; 0; 24; 1; 1; 0; 1; 7; 0; 12; 4; 2; 0; 16; 0; 147; 0; 0; 0; 0; 0; 0; 0; 6; 100; 3; 0; 0; 0; 0; 0; 0; 0; 5; 0; 0; 0; 1; 0; 0; 3; 5; 3; 0; 0; 0; 1; 0; 0; 4; 2; 0; 1; 0; 0; 0; 0; 0; 0; 0; 0; 0; 1
16H0511;Vila Velha de Ródão; 43; 0; 0; 0; 0; 0; 0; 0; 0; 1; 0; 0; 0; 1; 26; 0; 3; 5; 0; 0; 1; 0; 0; 0; 0; 0; 0; 0; 1; 0; 0; 2; 0; 0; 0; 0; 0; 0; 0; 0; 1; 0; 0; 0; 0; 0; 0; 0; 0; 2; 0; 0; 0; 0; 0; 0; 0; 0; 0; 0; 0; 0; 0; 0; 0; 0; 0; 0; 0; 0
1120313;Vila Verde;1 384; 1; 0; 2; 0; 0; 21; 185; 0; 0; 594; 22; 2; 0; 2; 1; 149; 13; 1; 0; 2; 4; 3; 4; 1; 1; 0; 0; 0; 0; 4; 33; 0; 0; 4; 0; 7; 6; 4; 0; 0; 0; 0; 10; 0; 0; 27; 2; 0; 102; 3; 0; 0; 1; 0; 0; 0; 0; 0; 3; 0; 0; 8; 106; 2; 0; 19; 1; 28; 6
1870714;Vila Viçosa; 226; 1; 0; 11; 0; 0; 1; 0; 0; 16; 0; 1; 0; 0; 5; 0; 9; 4; 8; 0; 59; 0; 20; 0; 0; 0; 0; 0; 0; 0; 1; 62; 0; 0; 0; 0; 0; 0; 0; 1; 6; 0; 1; 0; 0; 0; 0; 12; 0; 1; 0; 0; 0; 1; 0; 0; 4; 0; 0; 0; 0; 0; 0; 0; 0; 0; 0; 0; 0; 2
11E0411;Vimioso; 108; 0; 1; 0; 0; 0; 1; 0; 0; 0; 4; 58; 0; 0; 0; 1; 10; 7; 0; 0; 0; 0; 0; 0; 0; 0; 0; 0; 0; 0; 0; 6; 0; 0; 1; 0; 0; 0; 1; 0; 0; 0; 0; 0; 0; 0; 0; 0; 0; 12; 0; 0; 0; 0; 0; 0; 0; 0; 1; 0; 0; 0; 0; 0; 0; 0; 0; 1; 4; 0
11E0412;Vinhais; 198; 0; 0; 2; 0; 0; 0; 0; 0; 0; 3; 119; 0; 0; 1; 1; 8; 8; 0; 0; 0; 0; 1; 1; 0; 0; 0; 0; 0; 0; 0; 8; 0; 0; 1; 0; 0; 0; 11; 1; 0; 0; 0; 2; 0; 0; 0; 0; 0; 13; 0; 0; 0; 0; 0; 0; 0; 0; 1; 0; 0; 0; 0; 0; 0; 1; 0; 0; 15; 1
16G1823;Viseu;4 120; 0; 7; 19; 4; 2; 287; 1; 0; 1; 39; 21; 12; 10; 23; 0; 600; 206; 0; 0; 9; 0; 7; 1; 1; 58; 0; 0; 2; 11; 17; 390; 0; 0; 3; 0; 6; 1; 6; 0; 15; 2; 0; 7; 2; 0; 2; 1; 0; 397; 6; 3; 0; 0; 0; 13; 5; 1; 2; 7; 0; 0; 0; 2; 2; 1; 1; 5; 68;1 834
1190314;Vizela; 738; 0; 3; 2; 0; 0; 16; 9; 0; 0; 184; 23; 0; 0; 3; 6; 150; 13; 0; 0; 4; 2; 0; 38; 0; 0; 0; 0; 0; 2; 1; 21; 0; 0; 0; 0; 12; 1; 7; 0; 0; 0; 0; 4; 1; 0; 3; 0; 0; 153; 2; 0; 0; 0; 0; 0; 0; 0; 1; 0; 0; 0; 1; 11; 4; 0; 9; 0; 42; 10
16G1824;Vouzela; 267; 0; 4; 2; 0; 0; 37; 0; 0; 0; 5; 5; 0; 1; 3; 0; 44; 11; 0; 0; 0; 0; 2; 0; 0; 9; 0; 0; 0; 0; 2; 29; 0; 0; 0; 0; 2; 0; 0; 0; 0; 0; 0; 1; 0; 0; 0; 0; 0; 19; 0; 0; 0; 0; 0; 2; 0; 0; 0; 1; 0; 0; 0; 0; 0; 0; 0; 1; 6; 81
Fonte: Inquérito ao Registo de Alunos Inscritos e Diplomados do Ensino Superior, DGEEC;;;;;;;;;;;;;;;;;;;;;;;;;;;;;;;;;;;;;;;;;;;;;;;;;;;;;;;;;;;;;;;;;;;;;;;